skill,linkedin_frequency
communication,370143
customer service,278102
teamwork,227609
communication skills,195949
leadership,185187
problem solving,149032
time management,142911
attention to detail,133975
problemsolving,129329
project management,121563
interpersonal skills,100267
patient care,99926
sales,93031
nursing,88015
collaboration,87116
training,83656
data analysis,81964
microsoft office suite,75531
organizational skills,75274
inventory management,71911
high school diploma,67267
scheduling,64461
bachelor's degree,63490
multitasking,62044
analytical skills,60768
microsoft office,60604
adaptability,59121
flexibility,56896
critical thinking,53081
documentation,51875
organization,47045
safety,45908
budgeting,45401
troubleshooting,44508
excel,41498
problemsolving skills,41468
written communication,41235
conflict resolution,40955
supervision,39138
coaching,38473
quality control,37857
merchandising,37578
paid time off,37267
verbal communication,37203
life insurance,36732
reporting,36528
quality assurance,36279
decision making,36102
computer skills,35665
team management,35034
travel,35025
accounting,34835
research,34517
lifting,33572
registered nurse,33335
team leadership,33081
driver's license,32168
negotiation,32151
food safety,32115
dental insurance,31821
cash handling,31698
healthcare,30926
planning,30788
risk management,30682
management,30517
mentoring,30380
marketing,29604
presentation skills,29240
health insurance,28688
engineering,28686
supervisory experience,28571
compliance,28279
vision insurance,28231
bls,28107
valid driver's license,27706
retail experience,27189
equal opportunity employer,27068
confidentiality,26590
patient education,26586
prioritization,26409
microsoft excel,25773
professionalism,25429
business development,25303
python,25168
data entry,24911
cpr,24584
fastpaced environment,24163
high school diploma or equivalent,23857
acls,23828
education,23667
professional development,23644
motivation,23307
decisionmaking,23232
high school diploma or ged,23048
initiative,22690
leadership skills,22668
retail,22060
sql,22035
bls certification,21979
physical stamina,21923
relationship building,21749
budget management,21666
diversity,21586
product knowledge,21346
standing,21112
performance management,21050
case management,21013
medication administration,20906
microsoft word,20522
maintenance,20149
teaching,20102
food preparation,19840
hiring,19544
physical strength,19505
team player,19442
medical,19005
cpr certification,18967
vision,18764
bending,18671
ability to work in a fastpaced environment,18607
integrity,18547
regulatory compliance,18036
financial analysis,17995
autocad,17981
flexible schedule,17904
ability to work independently,17824
finance,17806
tuition reimbursement,17663
walking,17662
team work,17649
continuing education,17435
empathy,17387
compassion,17335
cleaning,17295
networking,17065
word,17060
401k,16858
electrical engineering,16807
master's degree,16685
innovation,16613
assessment,16590
medical terminology,16545
counseling,16534
quality improvement,16430
paid holidays,16309
manufacturing,16306
employee assistance program,16290
financial reporting,16277
dental,16185
continuous improvement,16172
account management,16083
forecasting,16069
strategic planning,15943
powerpoint,15846
sanitation,15822
selfmotivation,15797
inventory control,15761
401(k),15738
civil engineering,15735
change management,15663
construction management,15577
process improvement,15405
mechanical engineering,15372
diversity and inclusion,15282
weekly pay,15211
background check,15163
medical benefits,15124
team collaboration,15103
team building,15033
evaluation,14934
positive attitude,14856
training and development,14798
inclusion,14738
accuracy,14681
construction,14626
development,14560
customer service skills,14532
infection control,14319
sap,14058
java,13891
retail management,13860
dental benefits,13847
social work,13748
rn,13714
technical writing,13512
financial management,13430
rn license,13387
english,13379
hospitality,13278
ethics,13246
travel nursing,13076
report writing,12811
medical insurance,12800
aws,12738
security,12684
outlook,12664
vision benefits,12651
time management skills,12650
ability to work under pressure,12636
ms office,12538
delegation,12237
radiology,12100
patient assessment,11962
detailoriented,11953
computer science,11941
writing,11905
risk assessment,11850
human resources,11841
driving,11820
independent work,11682
reaching,11678
creativity,11671
english proficiency,11599
recruitment,11591
agile,11511
physical fitness,11500
stooping,11442
coordination,11421
stress management,11410
data collection,11399
first aid,11294
mathematical calculations,11241
treatment planning,11220
equipment maintenance,11169
computer literacy,11148
ability to work independently and as part of a team,11001
disability insurance,10966
pals,10965
oral communication,10878
referral bonus,10875
design,10866
public speaking,10755
physical demands,10724
psychology,10684
analytical thinking,10501
software development,10445
401(k) plan,10438
record keeping,10371
data management,10282
registered nurse (rn),10228
client relations,10215
retail operations,10184
loss prevention,10151
customer relationship management,10123
mental health,10117
kneeling,10072
remote work,10025
testing,9976
safety procedures,9970
basic computer skills,9846
technical skills,9790
machine learning,9787
contract management,9757
procurement,9739
climbing,9730
interpersonal communication,9695
root cause analysis,9660
ability to meet deadlines,9659
payroll,9615
accountability,9615
business administration,9469
javascript,9451
crm,9422
salesforce,9366
pto,9341
automation,9324
covid19 vaccination,9317
hipaa,9289
insurance,9270
implementation,9258
reliable transportation,9212
supply chain management,9200
paid vacation,9190
stakeholder management,9180
active listening,9174
cost control,9130
reliability,9120
internal medicine,9062
crisis intervention,9034
teamwork skills,9003
restaurant management,8998
business acumen,8987
procedures,8985
auditing,8955
physical requirements,8941
vendor management,8926
analysis,8903
strategic thinking,8887
physician assistant,8866
operations,8732
food handling,8719
event planning,8711
data analytics,8686
retail sales,8678
strong work ethic,8675
ability to lift heavy objects,8615
patient safety,8597
nurse practitioner,8581
client relationship management,8572
recruiting,8555
sales management,8550
windows,8545
presentation,8511
technology,8493
critical care,8483
evidencebased practice,8478
physician,8451
data visualization,8414
pediatrics,8411
discharge planning,8403
clinical experience,8398
benefits,8376
equity,8365
hvac,8338
bsn,8282
software engineering,8245
negotiation skills,8236
shift work,8201
equal employment opportunity,8182
holiday pay,8169
sales experience,8164
acls certification,7991
logistics,7991
referral bonuses,7979
customer focus,7968
management experience,7880
cleanliness,7880
medical records,7878
linux,7868
emergency response,7796
transportation,7761
patience,7749
stocking,7723
ged,7709
ability to travel,7665
project planning,7617
nursing process,7614
electrical,7606
health and safety,7606
billing,7591
resource management,7574
osha,7558
lead generation,7552
computer proficiency,7531
plumbing,7523
safety compliance,7520
mathematics,7518
registered nurse license,7507
business,7500
monitoring,7500
cloud computing,7487
safety management,7459
worklife balance,7437
operations management,7409
relationship management,7402
curriculum development,7373
competitive salary,7342
cash register operation,7338
employee relations,7294
store management,7271
azure,7264
legal research,7251
emr,7244
chemistry,7242
staffing,7234
email,7231
revit,7231
program management,7204
u.s. citizenship,7203
quality,7167
oncology,7110
flexible work schedule,7053
401k retirement plan,7050
advocacy,7035
tableau,7027
pet insurance,7014
safety and security,7014
interviewing,7012
jira,7011
surgery,6945
prospecting,6912
care planning,6907
strong communication skills,6879
crossfunctional collaboration,6871
business analysis,6869
mentorship,6864
client service,6853
food service,6835
selfstarter,6833
microsoft outlook,6832
architecture,6784
pushing,6769
allied health professional,6755
ms office suite,6735
housekeeping,6724
kubernetes,6711
c++,6654
cashier,6631
work ethic,6623
diagnosis,6611
tax preparation,6605
pulling,6521
epic,6484
pos systems,6453
cpa,6447
punctuality,6444
litigation,6405
care coordination,6393
visual merchandising,6392
licensure,6380
effective communication,6380
specifications,6373
quality management,6366
malpractice insurance,6356
financial planning,6338
feedback,6336
holidays,6328
performance improvement,6318
devops,6312
barber license,6294
guest service,6272
docker,6254
associate's degree,6241
flexible spending accounts,6235
written communication skills,6233
dentistry,6228
medical coverage,6225
problem resolution,6215
criminal background check,6202
clinical skills,6202
math skills,6202
administration,6188
people management,6186
technical support,6158
autonomy,6155
physical ability,6146
statistics,6146
client management,6146
lean manufacturing,6111
statistical analysis,6108
customer satisfaction,6098
goal setting,6090
rehabilitation,6087
wound care,6080
planogram implementation,6074
behavioral health,6057
retirement plan,6051
onboarding,6050
flexible scheduling,6019
market research,6008
mathematical skills,5999
cosmetology license,5986
team environment,5972
store operations,5947
inspection,5915
git,5909
carrying,5899
relocation assistance,5898
cooking,5864
social media,5863
sitting,5859
property management,5855
performance evaluation,5851
veterinary medicine,5844
cv,5831
high school diploma/ged,5829
college degree,5818
drug screening,5756
primary care,5743
staff development,5724
detail orientation,5700
installation,5649
forklift operation,5646
sales skills,5644
product development,5644
presentations,5634
resilience,5630
dependability,5623
english language proficiency,5623
parental leave,5612
psychotherapy,5610
equipment operation,5608
preventative maintenance,5595
psychiatry,5581
shortterm disability,5567
employee discounts,5563
career development,5540
organization skills,5537
mental health counseling,5527
board certification,5522
hearing,5511
basic math skills,5507
oracle,5475
profitability,5462
english language,5437
production,5433
microsoft powerpoint,5432
regulations,5430
power bi,5429
excellent communication skills,5425
physical therapy,5422
administrative support,5410
html,5399
medical imaging,5383
word processing,5368
bachelor's degree in nursing,5358
treatment,5356
sharepoint,5344
emergency medicine,5321
english fluency,5293
safety protocols,5284
ms excel,5280
programming,5271
family medicine,5263
staff management,5263
public relations,5258
credentialing,5249
medication management,5248
repair,5233
consulting,5222
erp systems,5220
sustainability,5216
written and verbal communication,5204
flexible hours,5195
respect,5195
staff training,5181
financial statements,5178
communications,5176
safety regulations,5173
compensation,5163
classroom management,5163
heavy lifting,5146
competitive compensation,5135
kitchen management,5126
analytics,5118
conflict management,5103
six sigma,5091
cad,5087
typing,5085
leadership experience,5065
spanish,5037
estimating,5016
palliative care,5007
ultrasound,4999
proposal writing,4997
efficiency,4990
accounts payable,4983
financial services,4978
audit,4971
certification,4971
writing skills,4971
employee stock purchase plan,4954
stakeholder engagement,4953
cardiology,4947
hipaa compliance,4938
productivity,4933
basic life support (bls),4900
critical thinking skills,4900
policies,4898
12hour shifts,4895
decisionmaking skills,4894
support,4882
equipment,4874
paid parental leave,4873
business intelligence,4859
verbal communication skills,4855
scrum,4851
purchasing,4851
basic life support,4851
client communication,4842
databases,4829
electronic medical records,4824
banking,4822
clean driving record,4816
data science,4816
customer relations,4808
mileage reimbursement,4801
verbal and written communication,4790
patientcentered care,4774
clinical research,4772
data interpretation,4766
visual acuity,4760
css,4753
supervisory skills,4741
google suite,4740
team development,4732
c#,4723
manual dexterity,4708
bilingual,4706
patient advocacy,4676
contract negotiation,4672
treatment plans,4670
preventive maintenance,4665
drug test,4658
pricing,4655
bookkeeping,4651
digital marketing,4633
pc skills,4625
problem solving skills,4623
experience,4608
cashiering,4608
cash handling procedures,4594
database management,4593
crisis management,4587
cultural sensitivity,4583
client relationships,4576
phlebotomy,4560
erp,4560
stocker,4555
standard operating procedures,4538
software,4537
gaap,4526
systems engineering,4526
ms word,4515
401(k) retirement plan,4500
hygiene,4496
hand tools,4481
artificial intelligence,4480
electrical systems,4470
reports,4455
safety policies,4454
policy development,4428
safety standards,4421
blueprints,4417
ct technologist,4411
chemical engineering,4395
telehealth,4395
receiving,4357
competitive pay,4352
product management,4344
vacation,4319
accounts receivable,4295
math,4279
lesson planning,4270
structural engineering,4267
electronic health records,4265
best practices,4252
security clearance,4228
401k plan,4227
willingness to learn,4226
orientation,4217
credentials,4206
signon bonus,4195
cybersecurity,4190
agile development,4183
radiography,4176
warehouse management,4167
audits,4166
consultation,4159
vital signs,4150
execution,4140
invoicing,4131
independence,4121
information technology,4115
medical equipment,4114
policies and procedures,4112
us citizenship,4110
internet,4106
vision coverage,4104
36 hours per week,4103
stock management,4102
acute care,4093
health promotion,4088
recognition,4069
financial modeling,4068
associate degree,4062
spreadsheets,4042
health benefits,4037
health savings account,4037
customer experience,4037
research skills,4033
microbiology,4030
ability to work flexible hours,4029
enthusiasm,4024
community involvement,4004
medical technology,4001
legal writing,3998
employee training,3997
welding,3988
cashier accountability,3981
nursing care,3980
biology,3966
active directory,3959
direct deposit,3958
cold calling,3954
taxfree stipend,3949
servsafe certification,3948
quality standards,3945
instrumentation,3936
everify,3916
pharmacy,3915
market analysis,3895
written skills,3883
service excellence,3882
interdisciplinary collaboration,3872
robotics,3872
microsoft project,3872
carpentry,3863
certifications,3862
creative thinking,3850
crouching,3849
dental coverage,3839
child development,3835
equal opportunity,3832
resume,3830
paid training,3827
cultural competence,3812
cover letter,3806
health care,3800
reading,3799
telemetry,3798
standards,3796
business management,3795
honesty,3790
cme,3785
pain management,3780
clinical supervision,3777
icu,3776
accounting software,3768
marriage and family therapy,3765
internal communication,3760
neurology,3751
travel reimbursement,3749
restaurant operations,3746
urgent care,3746
40 hours per week,3741
adoption assistance,3736
ai,3734
accident insurance,3724
project scheduling,3711
mri,3704
subcontractor management,3702
benefits package,3694
driving license,3694
registered nurse (rn) license,3692
blueprint reading,3683
xray,3681
attendance,3681
fulltime,3679
cost management,3670
tncc,3669
guaranteed hours,3663
affirmative action,3659
email alerts,3654
react,3640
asset protection,3638
early childhood education,3628
building codes,3613
tuition assistance,3608
teaching experience,3606
surgical procedures,3606
collaboration skills,3596
organizing,3589
safety policies and practices,3586
merchandise handling,3580
service,3575
depth perception,3571
deadlines,3566
detail oriented,3559
staff supervision,3552
economics,3551
quality food production,3550
matlab,3549
solidworks,3545
go,3542
ability to follow instructions,3536
drug screen,3527
occupational therapy,3524
talent acquisition,3523
selfmotivated,3521
dea license,3512
gmp,3510
overtime,3504
requirements gathering,3500
nrp,3496
haccp,3496
exceptional customer service,3496
healthcare staffing,3495
gcp,3491
unit testing,3483
project coordination,3464
food production,3464
allied health,3449
continuous learning,3449
data modeling,3445
hematology,3440
fundraising,3439
learning,3439
identity theft protection,3435
cosmetology,3426
shipping,3424
longterm disability,3423
general ledger,3418
employee development,3412
program development,3412
radiation safety,3406
data mining,3403
ibm cash register functions,3401
job search,3400
real estate,3398
judgment,3391
resource allocation,3389
401(k) savings plan,3387
internal controls,3386
dea,3383
ordering,3380
medicine,3380
personnel management,3378
commissioning,3378
jenkins,3371
variance analysis,3363
microservices,3353
distribution,3350
ms project,3345
microstation,3344
inspections,3341
restaurant experience,3341
grant writing,3337
ability to work in a team,3333
journal entries,3331
surgical technologist,3318
microsoft suite,3312
physics,3311
talent management,3309
quickbooks,3302
community engagement,3299
energy,3296
technical expertise,3293
it,3291
customer service experience,3291
gis,3280
strong organizational skills,3279
radiologic technology,3278
saas,3271
editing,3267
state license,3258
sops,3258
caseload management,3243
contract administration,3239
nosql,3237
intervention,3234
care plans,3233
telemedicine,3231
discipline,3227
professional profile,3217
leasing,3214
annual leave,3209
ability to stand for long periods of time,3207
sick leave,3201
home health,3200
typescript,3199
ppe,3195
triage,3189
hospital,3184
disability,3177
mba,3173
emotional intelligence,3167
multidisciplinary team,3167
planograms,3164
arrt certification,3161
401k retirement savings plan,3160
technical documentation,3160
referrals,3155
close vision,3150
clinical care,3145
reading comprehension,3144
incentives,3144
menu planning,3142
basic math,3139
observation,3139
deadline management,3133
passion,3127
social media marketing,3124
retirement plans,3120
debugging,3116
administrative tasks,3110
filing,3109
career advancement,3105
background investigation,3103
inventory,3097
industry trends,3094
deposit control,3093
listening skills,3093
customer relationship management (crm),3089
dexterity,3088
obstetrics,3080
ability to work in a team environment,3076
hospice care,3062
scripting,3060
safety awareness,3056
growth opportunities,3037
ability to multitask,3036
ansible,3031
supply chain,3029
performance reviews,3027
employee engagement,3026
imaging,3020
squatting,3017
personal protective equipment,3017
office management,3015
powershell,3013
licensing,3010
event management,3006
discretion,3005
painting,3003
commitment,2991
strong interpersonal skills,2986
integration,2978
graphic design,2971
pos system,2970
therapy,2969
medical license,2969
underwriting,2961
volunteerism,2959
clinical documentation,2958
project management software,2956
discounts,2949
terraform,2947
computer,2946
regulatory requirements,2941
excellence,2941
diplomacy,2940
twisting,2935
ci/cd,2934
associates degree,2933
mechanical,2932
material handling,2932
h&r block income tax course,2930
expense control,2929
assembly,2923
cost analysis,2913
production planning,2911
medical care,2907
dialysis,2905
nutrition,2904
pto program,2903
color vision,2901
confluence,2896
safety training,2894
lifting heavy objects,2880
hardware,2879
accounting principles,2877
sales forecasting,2873
asset management,2871
patient monitoring,2868
sick pay,2866
consultative selling,2863
ongoing training,2860
delivery,2859
facilitation,2857
menu knowledge,2852
validation,2848
13 weeks,2843
drafting,2843
corrective action,2835
mechanical aptitude,2833
french,2832
medical dental and vision insurance,2829
coding,2825
sql server,2825
extra shift bonuses,2825
territory management,2821
patient satisfaction,2820
health,2817
tax compliance,2816
production management,2810
calibration,2810
lean,2807
license and certification reimbursement,2806
physical examination,2802
assessments,2802
sales techniques,2800
volunteering,2798
manufacturing experience,2798
packaging,2794
hemodialysis,2793
procore,2793
public health,2790
employee benefits,2790
medicare,2784
listening,2783
contracts,2783
reasonable accommodation,2782
regular attendance,2778
human resources management,2775
ability to work as part of a team,2771
liaison,2765
tax planning,2765
trauma,2764
power tools,2760
business planning,2759
physical endurance,2758
childcare,2758
clinical trials,2747
persuasion,2745
clinical practice,2744
prototyping,2741
malpractice coverage,2740
drawings,2733
administrative skills,2731
tools,2731
professional growth,2729
industry knowledge,2727
diagnostics,2726
fabrication,2725
housing,2724
cash management,2722
policy compliance,2720
guidance,2717
computers,2712
crossselling,2709
data security,2708
medical education,2707
orthopedics,2703
management skills,2700
data engineering,2700
plan of care,2698
access,2696
health education,2695
project management skills,2693
network security,2689
group therapy,2687
ladder climbing,2687
data warehousing,2686
adobe creative suite,2685
board certified,2683
warehousing,2681
facilities management,2675
flexible spending account,2672
cost estimation,2665
travel nurse,2663
paid sick leave,2662
availability,2656
work experience,2656
microsoft teams,2656
analytical,2652
pals certification,2652
mobility,2651
dns,2651
human services,2648
bluebeam,2647
performance monitoring,2647
pmp certification,2646
reasonable accommodations,2644
upselling,2642
medicalsurgical nursing,2642
resourcefulness,2639
schematics,2637
medications,2635
employee assistance programs,2633
schedule management,2629
endurance,2627
collections,2626
crossfunctional teams,2626
angular,2625
emergency care,2622
pacs,2617
planogram implementation and maintenance,2617
zoom,2616
crawling,2611
employment law,2610
information security,2609
ability to work at heights,2608
american heart association,2607
hydraulics,2595
cost reduction,2587
project execution,2587
investigations,2583
data integrity,2583
environmental engineering,2579
anatomy,2572
configuration management,2570
incident reporting,2553
pharmacology,2551
secret clearance,2551
anesthesia,2544
computer engineering,2541
video game knowledge,2541
learning and development,2537
corrective actions,2537
gynecology,2536
cash control,2536
talent development,2534
weekly direct deposit,2531
traumainformed care,2530
401k with company match,2528
verbal and written communication skills,2525
electronics,2524
drugfree workplace,2522
plc,2522
science,2519
interdisciplinary team,2518
information systems,2509
lifting and carrying,2505
physiology,2502
commuter benefits,2502
weekends,2500
compassionate care,2496
community outreach,2493
retention,2493
community resources,2493
proactivity,2489
visio,2489
crew management,2486
labor management,2479
nursing experience,2477
protocols,2473
medicaid,2470
special education,2470
industrial engineering,2462
college tuition assistance,2461
ownership,2460
kafka,2460
auto insurance,2460
lcsw,2457
engagement,2457
ct,2456
appointment scheduling,2455
dermatology,2451
diagnostic imaging,2446
environmental science,2446
it skills,2444
osha compliance,2439
leadership development,2436
emotional support,2436
care management,2434
optimization,2431
oral and written communication,2430
workday,2426
employee stock purchase program,2421
legal compliance,2419
geriatrics,2419
vehicle maintenance,2417
fastpaced work environment,2416
customer engagement,2416
med surg,2414
facility management,2413
administrative duties,2408
stipend,2407
facility maintenance,2404
physical abilities,2404
technical knowledge,2404
multitasking skills,2398
supplier management,2397
mechanical systems,2397
cme allowance,2394
data processing,2393
medical assistant,2391
due diligence,2390
data integration,2385
clinical leadership,2383
accreditation,2382
paid time off (pto),2382
storytelling,2382
career matching support,2377
noise,2375
english communication,2375
bachelor's degree in engineering,2375
pivot tables,2372
paid compliance cost,2370
proactive,2368
ekg,2368
biochemistry,2357
bank deposits,2356
wellness program,2356
content creation,2356
b2b sales,2353
system design,2352
.net,2352
phd,2351
manufacturing processes,2350
weekend availability,2349
advertising,2348
scala,2346
bachelors degree,2342
customer support,2339
career growth,2333
mysql,2331
medical history,2326
competitive wages,2326
photoshop,2323
sales targets,2323
technical leadership,2322
ehr,2322
iv therapy,2321
seo,2320
safeguarding,2319
clinical,2318
willingness to travel,2315
clinical psychology,2313
permitting,2311
social media management,2311
computer systems,2306
molecular biology,2305
referral program,2298
maintenance management,2298
clinical excellence,2296
individual therapy,2294
bonus,2293
arrt,2291
engineering drawings,2289
managing crew,2285
node.js,2281
manufacturing engineering,2280
lmft,2277
incident management,2276
acute care experience,2273
sales strategy,2272
outreach,2267
anesthesiology,2262
people skills,2256
taxation,2255
travel arrangements,2255
general surgery,2253
responsibility,2249
state licensure,2248
high school education,2248
written and verbal communication skills,2246
comprehensive benefits package,2245
independent judgment,2244
flexible work schedules,2244
software testing,2243
technical training,2243
incident response,2242
animal care,2241
calendar management,2240
cost accounting,2237
crm systems,2237
pension,2236
performance,2236
high school degree,2236
public accounting,2232
payroll management,2232
stretching,2231
moderate noise level,2230
data governance,2228
work/life balance,2227
profit sharing,2226
family practice,2225
automobile insurance,2223
kanban,2222
industry standards,2221
flexible housing options,2221
agile methodologies,2217
vmware,2217
purchase orders,2216
storage,2215
ibm cash register,2214
performance evaluations,2214
flexible schedules,2212
salary,2211
system integration,2211
background checks,2208
fluoroscopy,2207
risk assessments,2207
healthcare experience,2207
peripheral vision,2206
payroll processing,2205
clinical expertise,2204
portfolio management,2203
inclusivity,2199
teams,2198
goaloriented,2195
gastroenterology,2191
home health care,2189
ecommerce,2188
patient experience,2187
clinical judgment,2187
outpatient,2185
spark,2180
strategy,2179
rn licensure,2179
organized,2179
agile methodology,2177
vital signs monitoring,2176
sourcing,2170
software design,2169
critical care nursing,2167
computer applications,2166
basic life support certification,2162
staff scheduling,2161
correspondence,2161
laboratory testing,2157
job knowledge,2156
bachelor’s degree,2156
healthcare benefits,2151
critical illness insurance,2150
engineering degree,2149
tact,2148
professional appearance,2146
bsn degree,2146
business strategy,2145
law,2141
risk mitigation,2141
family therapy,2141
talking,2141
safety practices,2140
curiosity,2140
hadoop,2138
recordkeeping,2137
photography,2134
infrastructure,2133
followup,2132
eyehand coordination,2131
nights,2129
hospitalist,2127
osha regulations,2121
urology,2121
xml,2118
guaranteed stipend,2117
reconciliation,2116
ability to handle stress,2114
distance vision,2114
sas,2107
master's degree in nursing,2104
proposal development,2103
unix,2101
mental health support,2099
commission,2097
financial acumen,2096
emergency department,2096
budgets,2094
order processing,2094
construction documents,2091
physical therapist,2088
adobe acrobat,2087
primavera,2083
warehouse operations,2080
proofreading,2080
salon management,2078
shift management,2075
aseptic technique,2075
employee assistance program (eap),2074
nursing license,2068
sick time,2067
weekend work,2064
materials,2064
catering,2062
competitive analysis,2059
epic emr,2058
diagnostic tests,2057
oral communication skills,2056
basic life support (bls) certification,2054
tax,2053
sales goals,2053
service awards,2052
onthejob training,2047
proposals,2047
pension scheme,2046
tcp/ip,2046
prestigious facilities,2044
medical knowledge,2042
entrepreneurship,2042
prioritization skills,2041
equipment management,2041
hair styling,2039
bachelor of science in nursing,2038
negotiations,2036
volunteermatch,2035
influencing,2034
special projects,2027
confidence,2027
law enforcement,2026
patient care coordination,2026
legal,2022
civil 3d,2021
store cleaning,2021
professional demeanor,2019
process engineering,2019
hospice,2019
servicenow,2018
guest relations,2018
ob/gyn,2016
system administration,2014
crm software,2012
risk analysis,2011
pe license,2011
evidencebased practices,2010
physical examinations,2009
wellness programs,2009
budget preparation,2006
patient confidentiality,2005
incident investigation,2005
unloading,2004
bonuses,2002
advanced cardiac life support (acls),2001
linkedin,2001
online tutoring,2000
kitchen equipment,1995
task management,1995
scanning,1995
planogram reading,1995
big data,1994
instant tutoring,1989
sales strategies,1987
small group classes,1986
nihss,1986
microsoft windows,1984
clinical knowledge,1984
daily maintenance,1983
vacation time,1982
flexible working,1976
project leadership,1974
immunizations,1973
data quality,1971
cyber security,1969
life assurance,1969
nephrology,1965
large live classes,1963
control systems,1962
mediation,1961
rapport building,1957
plc programming,1956
stress tolerance,1956
curriculum vitae,1955
team supervision,1954
physical activity,1949
core values,1947
behavior management,1945
ophthalmology,1942
client interaction,1942
dbs check,1941
employee discount,1939
telecommunications,1938
trend analysis,1936
endoscopy,1933
emergency procedures,1932
results orientation,1930
progress monitoring,1930
program evaluation,1930
linkedin for good,1927
microsoft azure,1926
geotechnical engineering,1925
jacho certified,1924
growth mindset,1924
drive,1923
simulation,1922
investigation,1921
training programs,1919
cpr bls certification,1918
repairs,1917
motivational interviewing,1915
relocation,1913
physical assessment,1911
career matching,1910
records management,1907
controls,1907
hospitality experience,1902
surveying,1902
community relations,1901
bachelor of science in nursing (bsn),1901
planning skills,1900
power bi,1900
bilingualism,1895
electronic health records (ehr),1894
cloud,1894
automotive repair,1892
personal training,1891
email marketing,1886
environmental compliance,1886
distributed systems,1886
certification reimbursement,1884
fda,1884
substance abuse,1883
venipuncture,1883
communication and interpersonal skills,1883
planogram,1881
barbering,1880
ada compliance,1879
firewalls,1878
social services,1875
standard operating procedures (sops),1875
process optimization,1872
iso 9001,1871
financial performance,1868
associate's degree in nursing,1868
patient records,1868
medical dental and vision coverage,1864
per diem,1863
patient positioning,1863
microsoft office applications,1857
physical labor,1856
nurse,1854
business growth,1854
bachelor's degree in accounting,1852
stock control,1851
influence,1848
continuous integration,1845
advancement opportunities,1845
immunology,1844
key control,1844
accredited school of nursing,1843
programming languages,1842
grasping,1842
balancing,1841
annual holiday bonus,1840
conflict resolution skills,1839
interpersonal,1838
aed,1835
performance appraisal,1835
video editing,1835
c/c++,1834
sales presentations,1833
product design,1824
401(k) with employer match,1821
transparency,1815
data reporting,1813
cissp,1811
etl,1811
intensive care unit,1811
irs requirements,1810
medical professional information,1807
housing options,1807
references,1805
cpa certification,1805
hybrid working,1804
grading,1804
life and disability insurance,1803
sensitivity,1802
trust,1801
bereavement leave,1798
401(k) matching,1797
operational excellence,1794
radiation protection,1792
deployment,1791
ability to lift and carry heavy objects,1791
microsoft access,1791
scalability,1790
guest satisfaction,1790
tax prep benefit,1787
environmental regulations,1786
modeling,1786
written and oral communication,1784
kpis,1782
tutoring,1782
governance,1782
home care,1781
succession planning,1781
student loan reimbursement,1781
wellness,1780
day shift,1778
401k match,1775
clinical assessment,1773
pipeline management,1773
food safety certification,1771
nmc registration,1771
document management,1771
performance analysis,1767
vaccination,1767
safety guidelines,1767
metrics,1764
internal audit,1763
change orders,1763
cleaning and maintenance,1763
office equipment,1761
json,1759
gd&t,1756
crosstraining,1755
web development,1754
company policies,1754
education assistance,1754
customer interaction,1752
drivers license,1751
outdoor work,1751
nondiscrimination,1750
surgical technology,1748
github,1748
specimen collection,1747
personal protective equipment (ppe),1747
data structures,1747
license reimbursement,1746
food presentation,1744
cooperation,1744
ability to stand for long periods,1737
business requirements,1737
nuclear medicine,1736
customer relationships,1736
software architecture,1732
hr,1726
urgency,1722
bls (basic life support),1720
residency,1719
algorithms,1719
ahpra registration,1718
sense of urgency,1717
cath lab technologist,1716
military experience,1715
cpr/bls certification,1715
career progression,1714
cycle to work scheme,1714
electronic medical record,1713
interventional radiology,1712
scheduling software,1711
building maintenance,1710
retirement savings plan,1710
electronic charting,1708
oral surgery,1708
aerospace,1707
team motivation,1707
retirement benefits,1707
5s,1706
estate planning,1706
ts/sci clearance,1706
3d modeling,1706
general dentistry,1705
database,1705
moving,1705
snowflake,1704
caregiving,1703
volunteer management,1703
trauma center,1702
401(k) with company match,1702
work environment,1701
splunk,1701
utilities,1700
flexible,1699
renewable energy,1699
automotive,1698
us work authorization,1698
restocking,1697
client engagement,1697
laboratory procedures,1697
labor relations,1697
career growth opportunities,1693
landscaping,1692
operating systems,1691
project engineering,1691
iso,1691
store opening and closing,1689
commercial awareness,1688
outpatient care,1687
proficiency testing,1685
strong communication,1684
us gaap,1682
advanced cardiac life support,1681
parttime,1680
aerospace engineering,1679
learning science,1677
datadriven decision making,1676
physical exam,1676
learning agility,1672
detailorientation,1671
sales leadership,1671
materials management,1669
workload management,1665
virtualization,1664
timekeeping,1663
pathology,1663
rest,1662
client relationship building,1661
systems,1660
coordination of care,1657
commercial construction,1657
valid driver’s license,1656
windows server,1655
food storage,1655
bilingual (english/spanish),1652
performance metrics,1651
inpatient,1650
interpretation,1647
care,1646
interpersonal communication skills,1645
occupational health,1644
handeye coordination,1644
quantitative analysis,1642
longterm care,1639
engineering design,1638
sterilization,1638
direct patient care,1635
strong analytical skills,1635
itil,1635
tax returns,1634
client care,1634
public administration,1633
shortterm disability insurance,1632
screening,1631
spreadsheet software,1631
hybrid work,1629
work order management,1629
comprehensive benefits,1629
music,1628
culinary arts,1628
progress notes,1628
sales training,1627
dhcp,1627
office 365,1626
cultural diversity,1625
project delivery,1625
chef,1624
cgmp,1624
bash,1624
calculations,1624
lighting,1623
sketchup,1622
documentation skills,1620
report preparation,1619
operating room,1619
wellness and fitness programs,1618
production scheduling,1617
sales planning,1617
sales and marketing,1617
night shift,1615
postgresql,1614
office environment,1614
autocad civil 3d,1611
daily maintenance and cleanliness,1610
objectoriented programming,1608
workshops,1608
partnerships,1607
wealth management,1606
goal orientation,1606
food quality,1605
machining,1604
skilled nursing,1598
pointofsale systems,1598
employee resource connection,1595
privacy,1593
customer base,1591
event coordination,1591
relational databases,1591
spanish language,1591
contract,1591
legal analysis,1590
software applications,1589
teletherapy,1586
client retention,1586
processes,1585
network engineering,1585
specialtyrelated certifications,1584
journalism,1584
hris,1583
basic cardiac life support,1583
data protection,1580
speaking,1580
paperwork,1577
waste management,1575
site management,1575
google analytics,1573
sales growth,1571
mammography,1571
accessibility,1570
project documentation,1569
professional references,1569
medical procedures,1567
unloading trucks,1566
first aid certification,1565
quantity surveying,1564
administrative experience,1563
resultsoriented,1562
managerial experience,1562
material management,1561
meditech,1560
medical dental vision insurance,1557
neurosurgery,1556
reasoning ability,1555
multidisciplinary teams,1554
deep learning,1552
referral bonus program,1552
climbing ladders,1550
nih,1550
market trends,1549
interpersonal and communication skills,1549
criminal justice,1549
diversity awareness,1549
ascp certification,1548
staff meetings,1548
collaborative work,1547
apis,1547
ability to communicate effectively,1547
php,1547
noise level,1545
pmp,1545
fsa,1545
base salary,1545
access control,1543
health certificate,1543
budget,1542
primavera p6,1542
production supervision,1541
professional liability insurance,1540
manager training,1539
employee management,1538
physiotherapy,1538
work orders,1537
endodontics,1536
medical information,1535
physical exertion,1534
charge nurse,1534
netsuite,1533
health and safety regulations,1532
supervisory responsibilities,1532
revenue generation,1531
radiation therapy,1531
medical degree,1531
endoflife care,1530
employee referral program,1530
cash register,1530
smartphone,1530
selective service registration,1530
personal development,1528
bim,1525
nursing skills,1525
mongodb,1525
payment processing,1525
medical devices,1525
office administration,1523
technical specifications,1522
yardi,1522
data manipulation,1520
construction experience,1519
retirement,1518
reasoning,1518
liability insurance,1516
acca,1515
arcgis,1512
pumps,1512
vendor relations,1509
technical reports,1507
medical dental and vision plans,1506
dispute resolution,1506
lpn,1504
electrical design,1501
bachelor's degree (preferred),1501
refrigeration,1498
report generation,1498
cost estimating,1496
professional communication,1493
clinical management,1492
positivity,1492
bcls,1490
bcls certification,1488
strong attention to detail,1483
benefits administration,1481
universal precautions,1480
structural analysis,1479
flexible availability,1478
food and beverage knowledge,1475
financial accounting,1475
research and development,1475
document control,1475
knowledge sharing,1475
lpc,1474
salesforce.com,1474
account executive,1473
personal care,1472
flexible work hours,1471
scada,1470
charting,1470
site visits,1469
geology,1469
md,1467
entrepreneurial spirit,1467
data gathering,1466
integration testing,1466
emergency room,1465
preceptorship,1464
cms,1464
discovery,1464
drug testing,1464
utilization management,1463
timeliness,1463
food cost control,1462
human resource management,1461
masters degree,1460
disaster recovery,1459
electronic medical records (emr),1456
process development,1455
telework,1454
pytorch,1453
laundry,1452
pediatric advanced life support (pals),1452
cpa license,1451
computer software,1450
treatments,1450
instruction,1450
supplier relationship management,1450
diversity equity and inclusion,1449
lean six sigma,1449
cost estimates,1448
store maintenance,1446
hospitality management,1446
complaint handling,1445
technical communication,1445
treatment administration,1442
azure devops,1442
goal achievement,1441
training skills,1440
construction drawings,1440
clerical duties,1440
direction,1439
mopping,1439
systems analysis,1439
company policies and procedures,1438
medical documentation,1438
project controls,1437
aca,1437
copywriting,1436
consultative sales,1435
equipment repair,1434
laboratory,1434
merchandise presentation,1434
ethical standards,1433
interior design,1433
puppet,1433
ability to work weekends and holidays,1432
safety culture,1431
hsa,1431
insurance verification,1430
design patterns,1428
dod secret clearance,1428
routing,1427
verification,1425
verbal skills,1425
issue resolution,1423
microsoft office 365,1422
patient communication,1422
fashion,1420
teaching skills,1420
culinary skills,1417
email communication,1416
sterile technique,1416
supervisory,1416
short term disability,1416
proposal preparation,1414
meal preparation,1414
promotions,1414
cash control procedures,1414
proactiveness,1413
retail sales experience,1411
spreadsheet,1409
cmms,1409
critical illness,1409
hvac systems,1408
ipad,1407
food and beverage service,1407
osha standards,1406
housing assistance,1406
customer care,1405
travel job,1404
hospital experience,1401
cultural awareness,1401
value engineering,1400
dusting,1400
related experience,1399
collaborative,1399
haircutting,1398
administrative,1395
sdlc,1395
labor laws,1394
registration,1394
high energy,1394
utilization review,1392
volunteer,1389
collaborative work environment,1389
api,1389
construction inspection,1389
business degree,1389
power point,1386
sports medicine,1384
client satisfaction,1384
loading,1384
illustrator,1384
clinical support,1384
paid sick time,1384
sales support,1384
mental health services,1383
advanced degree,1379
nephrology nursing,1379
equal employment opportunities,1379
excellent written and verbal communication skills,1375
tax accounting,1375
perl,1375
life sciences,1375
career advancement opportunities,1373
data architecture,1373
technical sales,1371
expense management,1369
opportunity for advancement,1368
joint commission,1365
meetings,1364
emergency situations,1364
service management,1363
voluntary benefits,1363
health & safety,1362
sound judgment,1361
subcontractors,1361
computer vision,1361
bls provider,1361
team meetings,1359
work instructions,1359
building relationships,1358
embedded systems,1358
board eligible,1357
live learning platform,1357
growth,1357
operational knowledge,1356
kaizen,1355
baking,1354
indesign,1353
depositions,1351
respiratory therapy,1349
adaptive assessments,1348
performance appraisals,1346
active state license,1346
customer service orientation,1345
community service,1343
operational management,1341
termination,1341
telephone,1339
kpi tracking,1338
key performance indicators (kpis),1337
strategy development,1336
judgement,1336
salary negotiation,1336
medical technologist,1335
university degree,1333
epidemiology,1332
401k matching,1331
residency training,1331
tensorflow,1331
organizational development,1330
dot,1330
bachelor's degree in accounting or finance,1330
401k matching plan,1329
hairstyling,1327
mechanical design,1326
supplies,1325
retirement planning,1324
doctoral degree,1324
free parking,1322
slack,1322
ifrs,1320
paid leaves of absence,1320
trial preparation,1320
food service experience,1320
cando attitude,1319
teamoriented,1319
influencing skills,1319
test plans,1319
workers' compensation,1317
policy implementation,1315
selection,1314
server,1313
sales reporting,1313
longterm disability insurance,1312
feasibility studies,1312
stamina,1312
directing,1311
veterinarian,1311
team orientation,1310
cash flow management,1310
escalation,1309
engineering management,1309
employee assistance programme,1308
nicu,1307
disease prevention,1306
selfmanagement,1305
medical record documentation,1305
process management,1302
waterfall,1302
legislation,1301
orthopedic surgery,1301
stem,1301
quality care,1300
surgical,1299
industry experience,1299
online portal,1299
microsoft office products,1298
medical plans,1298
construction project management,1298
family law,1298
minimal supervision,1298
injections,1297
cash register functions,1297
cpr/aed certification,1296
proactive approach,1296
caring,1294
microsoft applications,1293
associates degree in nursing,1293
requirements analysis,1292
workflow management,1292
lifelong learning,1291
dental care,1290
safe work practices,1290
p&l management,1288
outside weather conditions,1287
social skills,1286
pneumatics,1285
predictive maintenance,1283
competitive salaries,1283
microsoft 365,1283
media relations,1283
bank reconciliation,1281
ability to work in all weather conditions,1281
safety programs,1281
clinical operations,1281
selfdirection,1280
field work,1280
medication,1279
tax research,1278
uk driving license,1278
matching gifts program,1277
malpractice,1276
technology proficiency,1275
liability coverage,1275
licensure reimbursement,1274
hiring and training,1274
web services,1273
motors,1273
full time,1273
federal regulations,1271
ability to lift up to 50 pounds,1270
team leading,1269
instructional design,1269
chemotherapy,1266
commercial,1266
bilingual skills,1265
supply management,1265
higher education,1264
early pay program,1262
adobe,1262
clinical laboratory science,1262
employee supervision,1261
athletic training,1261
data privacy,1261
nursing interventions,1259
critical care experience,1259
laboratory equipment,1259
associate degree in nursing,1259
numeracy,1258
peer review,1256
empowerment,1255
accident and shortterm disability coverage,1255
configuration,1255
task prioritization,1255
bilingual spanish,1254
cashier operations,1253
substance abuse counseling,1252
sociology,1252
user experience,1252
construction administration,1251
grammar,1251
healthcare administration,1250
working conditions,1250
college degree (preferred),1249
criminal record check,1248
point of sale systems,1247
clia,1246
safe environment,1244
occupational therapist,1241
patient teaching,1241
employee handbook,1240
kpi management,1239
working with children check,1238
food and beverage,1238
revenue management,1238
flex spending,1237
guest experience,1236
medical research,1236
effective communication skills,1233
policy and procedure compliance,1232
financial statement preparation,1232
telephone etiquette,1229
technical drawings,1229
legal advice,1229
tax laws,1228
resource utilization,1228
retirement savings,1228
computer programs,1227
quality inspection,1227
policy and procedure development,1226
focus adjustment,1226
mental requirements,1226
policy adherence,1225
deescalation,1225
eap,1225
shared governance,1224
ada,1224
health assessment,1221
psychiatric nursing,1220
locum tenens,1220
requirements,1219
project closeout,1218
msn,1217
driving record,1217
top secret clearance,1217
retail management experience,1214
care plan development,1213
troubleshooting skills,1211
problem analysis,1209
safety and compliance,1208
state regulations,1207
diploma in nursing,1205
electrophysiology,1204
relationshipbuilding,1203
stocking shelves,1203
regulatory standards,1202
clinical services,1202
design reviews,1201
problem identification,1201
radiologic technologist,1200
collaborative environment,1200
quoting,1200
cpd,1200
retail technology,1200
electrical schematics,1197
agility,1197
regulatory affairs,1196
bilingual (spanish),1195
commercial acumen,1195
radiation oncology,1195
cultural competency,1194
health dental and vision insurance,1193
restaurant,1191
working at heights,1191
1on1 online tutoring,1190
program planning,1190
patient management,1189
wordpress,1188
capacity planning,1187
preventive care,1187
nrp certification,1187
food handlers certification,1186
drainage,1185
real estate license,1185
cad software,1185
patient outcomes,1184
stocking merchandise,1182
laptop,1181
schedules,1181
patient registration,1180
requirements management,1178
research experience,1177
fellowship,1177
r&d,1177
stocking and recovering merchandise,1176
long term care,1174
strong computer skills,1173
sales associate,1173
performance optimization,1173
long term disability,1173
systems integration,1170
mechanical skills,1170
quality of care,1169
health and safety compliance,1169
pos,1169
dashboards,1168
sports,1167
change control,1167
hospital indemnity,1167
infection prevention,1166
service delivery,1166
urinalysis,1165
safety inspections,1165
data extraction,1165
handson experience,1165
healthcare management,1164
licensed practical nurse,1164
transcripts,1163
home visits,1161
cisco,1161
national certification,1161
tax expertise,1161
fun and enthusiastic personality,1160
5+ years of experience,1160
standing for long periods,1160
fingerprinting,1159
lifting ability,1159
cash register operations,1159
ability to work a flexible schedule,1159
food handler certification,1158
night shifts,1158
adobe photoshop,1158
budget analysis,1157
retail environment,1157
subjectmatter expertise,1157
quality engineering,1157
home health experience,1157
hydraulic systems,1156
ppd or chest xray,1155
calculator,1155
noise tolerance,1155
system testing,1155
flexible work arrangements,1155
clinical education,1155
recovery,1154
nonjudgmental attitude,1154
patient assessments,1153
er,1152
workplace safety,1152
forklifts,1151
services,1150
nec,1150
disability accommodation,1150
closing,1149
google cloud,1148
business operations,1148
family nurse practitioner,1148
medical ethics,1147
company vehicle,1147
teamwork and collaboration,1146
data pipelines,1144
clinical nursing,1144
call center,1144
computer knowledge,1144
figma,1141
technical degree,1141
agile practices,1140
fleet management,1140
sales performance,1140
coaching skills,1139
labor and delivery,1139
interview coordination,1137
emerging technologies,1137
order management,1137
shipping and receiving,1136
literacy,1136
pediatric nursing,1135
ase certifications,1135
sales process,1135
maternity leave,1134
ambition,1134
specialized experience,1134
guidelines,1134
joint commission certified,1133
scientific writing,1133
nightshift,1133
compliance management,1133
day 1 health insurance,1132
401(k) retirement savings plan,1132
bidding,1131
kpi,1131
cloud technologies,1131
forklift certification,1131
application development,1130
preceptor,1130
contract compliance,1130
building materials,1129
american red cross,1128
internship,1128
code reviews,1127
gps,1126
energy efficiency,1126
computer operation,1125
environmental management,1125
data presentation,1125
emergency management,1125
strong written and verbal communication skills,1124
inpatient care,1124
ladders,1123
fitness,1123
motivating attitude,1122
machine operation,1122
tb test,1122
hive,1122
ms outlook,1121
video conferencing,1121
interdisciplinary care,1121
vehicle,1120
infectious diseases,1120
crm system,1120
conferences,1119
employee food and corporate discounts,1119
food safety and sanitation,1119
cerner,1119
soap,1118
ethical conduct,1118
credit analysis,1118
excellent verbal and written communication skills,1117
culinary,1117
brand management,1115
cleaning chemicals,1115
diagnostic testing,1114
right to work in the uk,1114
clinical assessments,1114
data acquisition,1113
bioinformatics,1113
publications,1112
recruiter,1111
water treatment,1110
independent contractor,1110
safety and sanitation,1110
business process improvement,1110
executive assistant,1110
network troubleshooting,1108
kitchen operations,1108
risk identification,1107
life accidental and critical illness insurance,1106
professional development opportunities,1105
html5,1105
scholarship,1104
strategic sourcing,1102
supervising,1102
student loan repayment,1101
fmea,1099
partnership,1098
aseptic techniques,1098
cisa,1097
it support,1097
hplc,1097
ethernet,1096
standing and walking,1095
system analysis,1095
cna,1094
cloud security,1094
quality systems,1094
biotechnology,1094
chemicals,1092
restorative dentistry,1092
technical assistance,1092
sales analysis,1092
creative problem solving,1091
crna,1091
client education,1090
natural language processing,1090
user stories,1090
doctor of medicine,1090
referral,1089
ability to lift 50 pounds,1089
hospital setting,1089
construction methods,1089
power distribution,1088
evidencebased medicine,1087
managed care,1086
flexible working hours,1086
labeling,1085
eeo,1084
patient evaluation,1084
resources,1084
ability to climb a ladder,1083
company provided housing options,1083
phone,1082
advising,1082
suturing,1082
cloud services,1081
surveillance,1081
residency program,1080
fire safety,1080
diagnostic procedures,1080
lifting up to 40 pounds,1079
free continuing education,1079
typing skills,1079
golang,1078
practice management,1078
contract review,1078
ruby,1077
facilities,1077
epa,1076
autism,1076
payment collection,1076
short and longterm disability,1075
good driving record,1074
appliance repair,1073
secret security clearance,1073
inservice training,1072
landscape architecture,1072
invoice processing,1072
food science,1072
online application,1071
nursing practice,1071
spc,1070
2+ years of experience,1070
branding,1069
spring boot,1068
organizational,1068
resource planning,1068
wellbeing,1067
manufacturing environment,1067
pressure management,1067
medication prescription,1067
hydrology,1067
weather conditions,1066
property maintenance,1066
safety rules,1065
claims management,1065
resultsdriven,1065
calipers,1064
merchandise stocking,1064
data migration,1062
24/7 support,1062
client services,1062
customer communication,1061
travel readiness,1061
promotion,1061
routers,1060
motivational skills,1060
licensed marriage and family therapist (lmft),1060
oncall responsibilities,1059
portion control,1059
proficiency in microsoft office suite,1059
clinical outcomes,1058
animal handling,1058
data validation,1058
certified surgical technologist,1057
business analytics,1057
dea registration,1054
jquery,1053
5+ years experience,1052
statistical process control,1052
stakeholder communication,1052
physical work,1051
clerical work,1051
lean principles,1050
pension plan,1050
estimation,1050
multidisciplinary collaboration,1050
guest services,1048
campaign management,1048
ba/bs degree,1047
hospitals,1047
a/b testing,1047
fda regulations,1046
intensive care unit (icu),1046
resident care,1045
peoplesoft,1045
overtime work,1045
8hour shifts,1045
clinical competence,1044
gitlab,1044
version control,1043
mrp,1043
video production,1042
content management,1041
women's health,1041
android,1041
digital transformation,1041
influenza vaccination,1040
team leader,1040
nmc pin,1040
followup skills,1040
child welfare,1040
evaluating,1038
ability to adapt to change,1038
microsoft,1038
oral and written communication skills,1038
supervisor,1036
greeting customers,1036
food safety regulations,1036
supportive work environment,1036
project reporting,1035
ccrn,1033
standards of care,1033
data collection and analysis,1033
companionship,1033
tax interviews,1031
continuous quality improvement,1031
knife skills,1031
advanced excel,1031
strength,1030
thought leadership,1030
equal opportunity employment,1030
cassandra,1030
vacuuming,1030
network administration,1030
engineering principles,1029
neuroscience,1028
teambuilding,1028
licensed practical nurse (lpn),1027
prescriptive authority,1027
2 years of experience,1027
phone etiquette,1026
medical services,1026
discount program,1026
vba,1024
organisational skills,1024
admissions,1024
hair cutting,1024
vpn,1022
product quality,1022
relocation allowance,1022
performance testing,1021
client meetings,1021
ios,1020
hmi,1020
annual bonus,1020
knowledge management,1019
patient interaction,1019
injury prevention,1019
budget development,1018
postsecondary education,1017
blockchain,1017
analytical chemistry,1016
affirmative action employer,1016
fast paced environment,1016
child care,1015
information management,1015
graduate degree,1015
care plan,1015
process improvements,1015
investment management,1015
bilingual english/spanish,1014
data,1013
environmental,1013
401(k) match,1013
background screening,1012
client assessment,1012
penetration testing,1012
budget planning,1011
google workspace,1010
accounting standards,1009
nosql databases,1009
interviews,1009
sensors,1008
internet access,1008
account reconciliation,1007
pharmaceutical,1006
earned value management,1006
ability to work with minimal supervision,1005
medical/dental/vision insurance,1005
corporate law,1005
legal services,1004
clinical governance,1004
xrays,1004
medical record,1004
healthcare professionals,1003
medical oncology,1003
electrical maintenance,1000
recommendations,999
data compilation,999
evaluations,999
bloodborne pathogens,998
mergers and acquisitions,998
qa/qc,996
practices,996
hiking,995
brand ambassador,995
switches,995
competitive pay rates,994
basic computer knowledge,994
child protection,993
reimbursement,992
pressure handling,992
profitability analysis,992
ambulatory care,992
technical solutions,990
mri technologist,990
technical/motor skills,990
system engineering,990
multidisciplinary teamwork,990
patient and family education,990
marketing strategy,989
leed,989
pay package,989
finger dexterity,989
image processing,988
policy,987
subject matter expertise,986
sales pipeline management,985
speech therapy,985
online learning,985
system architecture,985
radiology technologist,985
open source frameworks,984
compassionate,983
shop drawings,983
serving,982
therapeutic interventions,981
nursing education,981
technical guidance,980
reference checks,980
occupational medicine,980
codes,980
technical report writing,980
medical record keeping,979
computer usage,978
interventions,978
progress reporting,978
growth and development,978
medical dental and vision benefits,976
fire protection,976
ability to take direction,976
gdpr,975
siemens,975
travel willingness,974
professional license,974
trustworthiness,974
interdisciplinary teamwork,974
rdbms,973
hospital administration,973
employee stock ownership plan,973
rotating shifts,973
diversity & inclusion,973
cost savings,972
instagram,972
contracting,972
customer success,972
ccna,971
fulltime position,971
digital xray,971
health and wellness programs,970
ldap,970
digital radiography,969
compensation and benefits,968
telephone skills,967
ability to stand and walk for long periods,967
sick days,967
pushing/pulling,967
legal documents,967
computed tomography,967
automotive technician,966
nursing assessment,965
psychologist,964
internal audits,964
soldering,964
clear communication,963
endocrinology,963
field sales,962
security practices,962
micrometers,962
clinical autonomy,961
industrial,960
civil litigation,960
juris doctor degree,960
dea certification,960
test planning,959
physical exams,958
ph.d.,958
statistical methods,958
patient history,958
devsecops,958
electronic health record,958
psychosocial assessment,957
processing,957
continuing medical education,957
erp system,957
land development,957
dental license,956
walking and standing,955
english as a second language,954
kindness,953
benchmarking,952
health and welfare programs,950
phone skills,950
food service management,950
patient care planning,949
doors,949
invoices,948
maintenance planning,947
client acquisition,947
trauma care,947
logistics management,947
bagging,946
blood bank,946
functional testing,946
drivethru,945
menu development,944
employee recognition,944
disciplinary action,944
continuity of care,944
visual inspection,943
antiracism,943
key performance indicators,942
fine motor skills,941
reception,941
intensive care,941
criminal history check,941
dot regulations,940
vlookup,940
selenium,940
group facilitation,940
process control,940
hubspot,939
google sheets,939
applications,938
dedication,938
experimental design,938
ability to drive,937
ms powerpoint,937
cpr/bls,936
disciplinary actions,936
flexible spending,936
network architecture,936
working under pressure,936
contractor management,935
courtesy,934
product demonstrations,934
shell scripting,934
network design,933
financial reports,933
vehicle insurance,933
paperwork completion,933
competitor analysis,931
kitchen equipment operation,931
icu/critical care rn,931
safe driving record,931
results driven,931
test automation,931
bagging merchandise,930
medical billing,930
holiday premium pay,930
handling,929
group counseling,928
revenue growth,928
excellent communication and interpersonal skills,928
patient transport,927
continuing education allowance,927
meeting deadlines,927
emergency nursing,927
community,926
ase certification,926
vaccinations,926
flow cytometry,925
tooling,924
counselling,924
bending stooping and kneeling,924
covid vaccination,924
cctv,924
concrete,923
private housing,923
bartender,922
full medical benefits,922
curriculum,922
client advocacy,921
kinesiology,921
associate discount,920
treatment plan,920
private equity,919
customer service leadership,919
user acceptance testing,919
policy enforcement,919
medicalsurgical,919
policy analysis,918
iso 13485,918
ent,918
18 years of age or older,918
animal welfare,917
degree,917
order fulfillment,917
frequent walking and standing,916
performance measurement,916
needs assessment,915
disability coverage,915
ladder work,915
continuous delivery,914
scripting languages,914
microsoft products,913
fraud detection,913
test equipment,913
certification & licensure reimbursement,912
developmental disabilities,912
contract drafting,911
technical aptitude,910
pleadings,910
internal control,910
overtime premium pay,909
customer requirements,909
interpersonal relationships,909
stormwater management,909
power systems,908
warehouse,908
safety precautions,908
adp,908
patient scheduling,908
cashiering experience,908
registered nurse licensure,907
selfawareness,907
emr system,907
techniques,906
computer work,906
values,906
software development lifecycle,906
fixed assets,905
401(k) savings program,905
suggestive selling,904
evidencebased care,904
flexible shifts,904
extended hours,904
laboratory tests,904
database design,904
nurse practice act,904
quality assessment,904
military,903
assertiveness,903
health savings accounts,903
laboratory experience,903
code of conduct,903
submittals,902
belonging,902
work from home,901
social justice,901
data accuracy,900
assessment skills,900
workforce planning,900
educational opportunities,899
b2b,899
software proficiency,898
healthcare industry,897
professional liability coverage,897
surgical skills,897
excellent customer service skills,897
weekly pay with direct deposit,897
customer needs,896
professional conduct,896
license assistance,895
bachelor's degree in computer science,895
restful apis,895
medical/surgical nursing,894
overnight travel,894
facebook,894
transportation engineering,893
excellent communication,893
inclusive environment,893
selling,892
motions,892
program implementation,892
priority setting,892
coordinating,891
air conditioning,891
contract documents,890
ceus,890
remediation,889
loyalty,889
vascular,889
forklift,889
software development life cycle,888
business travel insurance,888
bls card,888
architectural design,887
arts,887
site inspections,887
curriculum design,886
bgp,886
wiring,886
new product development,886
educational programs,886
demand planning,886
online training,885
enterprise architecture,884
statistical modeling,884
food quality control,884
fmla,883
customer retention,883
physical dexterity,882
uniforms,882
saml,882
service orientation,882
electrical troubleshooting,880
cism,880
performance feedback,880
quality management system,880
remote work opportunities,879
stock purchase plan,879
quality patient care,878
presentation software,878
safe work environment,878
category management,878
cath lab,878
lmhc,878
google drive,878
food and beverage management,877
structural design,877
pl/sql,877
claims,877
chronic disease management,877
license,876
automation tools,876
word processing software,875
financial statement analysis,874
front counter,874
merchandise presentation guidance,874
knowledge,874
open availability,874
project accounting,873
proactive attitude,873
ability to prioritize tasks,873
pharmaceuticals,873
medical director,872
food hygiene,872
heating,872
balance sheet,872
tax preparation benefit,872
interventional cardiology,872
portfolio,872
equal opportunity/affirmative action employer,872
health care fsa,871
personcentered care,871
ventilator management,870
google docs,870
medical laboratory science,870
professional liability / malpractice coverage,870
intellectual property,869
policy and procedure adherence,869
fumes,868
team lead,868
trash removal,868
nursing standards,868
professional certification,868
fiscal management,868
order entry,868
patient privacy,867
healthcare regulations,867
iso 14001,866
continuing education reimbursement,866
progress reports,866
mental health nursing,866
training development,865
performance tuning,865
s3,864
oncall availability,864
rest apis,864
irs and state requirements,864
volunteer opportunities,863
physicians,863
email management,863
hcpc registration,862
redis,862
project,862
medical supplies,862
ascp,861
tax law,861
pet care,861
bachelor's in nursing,861
project management experience,861
precepting,860
nursing diagnosis,860
wiring diagrams,860
understanding,860
lesson personalization,860
culture,859
managerial skills,859
standard precautions,859
claims processing,859
new business development,858
industry best practices,858
design engineering,857
database software,857
manufacturing operations,856
percentages,856
advanced technology,856
vendors,856
humility,856
histology,855
safe,855
selfdirected,854
as9100,854
patient flow,854
it systems,854
driver’s license,854
clinical training,854
physician orders,854
surgical instruments,853
cycle counting,853
paid malpractice insurance,853
construction safety,853
radiologist,852
school of nursing,852
customer assistance,852
plans,851
flooring,851
material handling equipment,851
cloud infrastructure,851
hazardous materials,851
change order management,850
cell culture,850
sales promotions,850
software maintenance,850
sonography,850
hipaa regulations,849
data transformation,849
tablet,849
process design,849
reliable vehicle,848
confined spaces,847
market knowledge,847
good communication skills,847
selfcare,847
business processes,847
it infrastructure,847
materials science,847
government regulations,846
dementia care,846
project plans,846
positive work environment,846
adobe illustrator,846
arbitration,846
housing stipend,845
engineering calculations,844
cost,844
13 weeks duration,844
safety control policies,844
legal drafting,843
cancer care,843
overtime pay,843
complaint resolution,843
companypaid life insurance,843
nhs,843
real estate law,843
analytical ability,843
insurance coverage,842
goaldriven,842
project schedules,841
encryption,841
development opportunities,841
fulltime availability,840
vulnerability management,840
emergency preparedness,840
security systems,840
quantitative skills,838
commercial insurance,838
psyd,838
activities of daily living,838
meeting coordination,838
meat cooking,838
specialty certification,837
echocardiography,837
laboratory collection,837
leadership training,835
procedure development,835
p&l analysis,835
maven,835
automated testing,835
meat seasoning,835
network infrastructure,835
prioritizing,834
property management software,834
8 hour shifts,834
languages,834
measurement,833
analytical abilities,833
grant management,832
dod,832
geriatric care,831
professional engineer (pe) license,830
signing bonus,829
full benefits,829
agriculture,829
decision making skills,828
enpc,828
content development,827
inspiration,827
energetic,827
analytical and problemsolving skills,827
grooming,827
selfdevelopment,826
oncology nursing,826
vlookups,826
hotel management,826
patient care management,825
digital technology,825
business analyst,825
labview,824
it literacy,824
injection molding,824
food manufacturing,824
demonstrator,823
public service loan forgiveness,823
html/css,822
web design,822
surgical technician,822
education and training,822
robotic surgery,821
financial systems,821
licensure and credential reimbursements,821
stroke,820
salesforce crm,820
car allowance,819
educational assistance,819
safety audits,819
regulatory reporting,819
frameworks,818
do,818
responsiveness,818
followthrough,817
surgical services,817
construction engineering,817
mentoring skills,816
grill,816
industrial hygiene,816
sous chef,816
serve safe certification,815
timemanagement skills,815
documentation management,815
nursing degree,815
contract law,815
prolonged standing,815
failure analysis,814
therapeutic procedures,814
cognitive behavioral therapy (cbt),814
trade shows,814
team coordination,814
commitment to excellence,814
camera monitoring,814
professional engineer license,814
postoperative care,814
life,814
gardening,813
cost optimization,812
safety knowledge,812
lan,812
operations experience,811
piping,811
warehouse experience,811
laboratory safety,811
selling skills,811
cpr/aed,810
construction technology,809
communicable diseases,809
adobe suite,809
depression,808
meat searing,808
ultrasound technologist,808
frontend development,807
home healthcare,807
costing,807
customer relationship building,807
graphql,807
disabilities,806
selfdiscipline,805
osha 30,805
smelling,804
telemetry rn,803
vascular surgery,803
hippa,803
statistical software,803
environment,803
layout,803
dignity,803
perseverance,803
psychological assessment,803
capa,803
project management tools,802
containerization,802
paid housing,802
datadriven decisionmaking,802
full stack development,802
clinical competency,802
brand advocate,801
seminars,801
investments,801
microsoft office suite (word excel powerpoint),801
code compliance,801
rigging,801
brakes,800
student assessment,800
kotlin,800
digital advertising,800
design thinking,800
clerical,800
microsoft sql server,799
collaborative care,799
client development,799
file management,798
loan processing,798
biomedical engineering,797
radiation,797
smartsheet,797
technician,796
ability to lift 50 lbs,795
boilers,795
community health,794
user training,794
private medical insurance,794
web applications,793
biostatistics,793
cardiopulmonary resuscitation (cpr),793
patient care plans,793
scheduling flexibility,791
bachelor's or master's degree,791
oscilloscopes,791
cloud platforms,791
decisive judgment,790
human relations,790
hr management,790
unpacking,790
alteryx,789
oncall rotation,789
consistency,789
weight lifting,789
agile software development,789
ability to adjust focus,789
written,789
making bank deposits,789
retail leadership,789
medical students,788
suspension,788
business law,787
holiday work,787
exposure to chemicals,787
vendor relationships,787
cell phone,787
vision abilities,786
aha,786
emergency services,786
solution design,786
networks,786
nurse practitioner license,786
business process analysis,785
safety equipment,785
nurse manager,785
eeo/aa employer,785
plcs,785
google cloud platform,785
technology skills,784
horticulture,784
grounds maintenance,783
free meals,783
citrix,783
physical agility,783
glp,783
hybrid work schedule,783
porter,783
18+ years of age,783
windows operating system,783
team training,782
power generation,782
leadership competencies,782
operational efficiency,781
packing,781
navigation,781
international travel,781
employee resource groups,781
planning and organization,781
ability to climb ladders,781
technology integration,781
hazard identification,781
insurance license,781
investment banking,780
aircraft maintenance,780
construction plans,780
fieldwork,780
experimentation,780
infrastructure as code,780
mining,780
nfpa,779
credit check,779
wastewater treatment,779
medical management,778
planogram maintenance,778
contract negotiations,778
prep,778
logical thinking,778
asana,777
project budgeting,777
revenue recognition,776
maintenance supervision,776
azure active directory,776
qualification,776
coaching and mentoring,776
peritoneal dialysis,775
tendering,775
ability to lift and carry,775
research methods,775
designbuild,775
regression testing,775
backend development,775
polygraph,775
geometry,774
outside sales,774
valid state driver's license,774
machinery,774
hemodynamic monitoring,773
corporate governance,773
marketing strategies,773
hyperv,773
delegation skills,773
fire alarm systems,773
california driver's license,772
anxiety,772
siem,772
neonatal resuscitation program (nrp),771
creative,771
food sanitation,771
bartending,770
ospf,770
test procedures,769
credit card processing,769
paramedic,769
climbing stairs,769
12 hour shifts,768
cpr/first aid,768
hecras,767
construction knowledge,767
pc,767
electrical equipment,766
control,765
clinical reasoning,764
databricks,764
keyboard skills,764
microsoft office suite (word excel outlook),764
load balancing,763
individual counseling,763
leadership qualities,763
bls (aha),763
ci/cd pipelines,763
administrative work,763
developing,762
liaising,762
drive for results,762
automotive industry,762
programs,762
sales promotion,762
adaptable,761
composure,761
superintendent,761
civil construction,761
substance abuse treatment,760
telephone communication,760
surveys,760
diagnostic skills,760
facilitation skills,760
health and safety standards,759
quality management systems,759
bitbucket,759
construction industry,758
nursing management,758
patient rights,758
progressive care unit,758
electronic documentation,758
capital projects,758
orthodontics,757
state requirements,757
formal training,757
doctor of osteopathic medicine,757
stewardship,757
sage,757
replenishment,757
affordable housing,757
clerical skills,757
financial forecasting,756
call center experience,756
snow removal,756
cardiopulmonary resuscitation,756
document preparation,755
digitization,754
technical requirements,754
kronos,754
repetitive motions,754
perioperative nursing,754
navisworks,753
valves,753
public accounting experience,753
ad&d insurance,752
student loan repayment programs,752
drawer pulls,752
client support,752
marketing experience,751
esop,751
exchange,751
strong communication and interpersonal skills,751
24/7/365 support,750
schedule,750
ce allowance,750
persistence,749
visualization,749
public policy,749
project schedule,748
spring,748
americans with disabilities act (ada),748
court appearances,748
passport,748
data recording,748
current resume,747
traffic control,747
medical conditions,747
fashion trends,747
team building skills,747
technical,747
workflows,746
canva,746
reconciliations,746
iot,745
microsoft office proficiency,745
tracking,745
edi,745
roofing,745
workload planning,745
determination,744
policy interpretation,744
cognitive behavioral therapy,744
public safety,743
assisted living,743
emr systems,743
roadway design,743
metrology,743
full benefits package,743
vendor relationship management,743
act 34,743
laboratory management,743
research projects,743
vehicle inspection,742
food safety standards,742
equal opportunities,742
consensus building,741
medical diagnosis,741
plastic surgery,741
epa certification,740
ansys,740
rent collection,740
sanitation guidelines,739
wan,739
balance,739
onsite work,739
mental health resources,739
drinks,739
businesstobusiness sales,739
flatbed scanner operation,739
paid leave,738
basic life insurance,738
workers compensation,737
vision plans,737
tax software,737
technical school,737
3+ years of experience,737
signage,736
kpi monitoring,736
pcb design,736
open source rdbms,736
functional specifications,736
nist,736
rest api,735
disability benefits,735
fun,735
database administration,735
training delivery,735
active learning,735
system implementation,734
pediatric advanced life support,734
network,734
travel flexibility,734
flexible/remote opportunities,734
ability to work nights weekends and holidays,734
privileging,733
certified public accountant (cpa),733
pe,733
account reconciliations,732
authentication,732
environmental health,731
entrepreneurial mindset,731
medical doctor,731
ux design,731
pediatric,731
college education,730
oasis,729
workforce management,729
security+,729
career opportunities,729
qa,729
professional services,728
ethical behavior,728
high school diploma or ged equivalent,728
process mapping,727
medical emergencies,727
problem management,727
minitab,727
nonprofit,726
urban planning,726
process documentation,726
monitoring cash levels,726
doctor of medicine (md),726
client liaison,726
stakeholder collaboration,725
payments,725
elementary education,725
generally accepted accounting principles (gaap),725
cardiac,725
medication reconciliation,725
professional relationships,725
patient counseling,724
energy management,724
lpn license,723
employee assistance,723
skills,723
hospital policies and procedures,723
tsql,723
diagrams,722
joint commission accreditation,722
health savings account (hsa),722
rn experience,722
key account management,721
internet research,721
projects,721
physical education,721
expense reporting,721
private healthcare,720
basic soldiering skills,720
laboratory techniques,720
relocation to madison wi,720
work under pressure,720
standard office equipment,719
excellent interpersonal skills,719
fry,719
disability accommodations,718
sweeping,718
lab,718
dining room attendant,718
medical dental vision,718
health and wellness,718
accident,718
operation,717
ability to work flexible schedule,717
hybrid work environment,717
phone communication,716
webbased applications,716
complex problem solving,716
accreditation standards,716
staff education,716
redshift,715
copier,715
shift differentials,715
pcr,714
medical treatment,714
precision,714
aviation,714
construction materials,714
signal processing,714
quality improvement initiatives,713
front desk operations,713
social worker,713
avionics,713
u.s. citizen,713
standardization,712
microscopy,712
project development,712
clinical setting,712
ability to handle confidential information,712
personal hygiene,712
generative ai,711
masonry,711
accommodation,711
equality,711
oversight,710
handson training,710
gap analysis,710
runner,710
employee referral bonus,710
land surveying,710
genomics,710
environmental services,709
mpls,709
respiratory care,709
spss,709
friendly personality,709
gym membership,709
military enlistment,708
life and accident insurance,708
food products,708
electrical repair,708
bachelor's degree in civil engineering,708
ability to prioritize,708
communication systems,708
written and oral communication skills,707
icu experience,707
consultative approach,707
medical coding,706
ability to work overtime,706
social events,706
acceptable driving record,706
health maintenance,706
diploma,706
new technologies,706
nlp,705
clinical decision making,705
employment,705
seeing,705
high school graduate,705
tax consulting,705
spelling,705
speech,704
biological science,704
us citizen,704
student engagement,703
infectious disease,703
mobile devices,703
workflow,702
informed consent,702
computed tomography (ct),702
ability to lift and move heavy objects,702
postgres,702
design management,701
supplying cashiers with change,701
accident investigation,701
med/surg,701
profit and loss management,701
team oriented,701
psychological testing,701
master’s degree,700
symptom management,700
social media platforms,699
dailypay,699
occasional exposure to outside weather conditions,699
prometheus,699
tail coverage,698
technical design,698
bill of materials,698
algebra,698
technical manuals,698
tablets,697
communication and collaboration,697
professional experience,696
legal requirements,696
prevention,696
appliances,696
cma,695
business case development,695
airway management,695
supplies management,695
market intelligence,695
orthopedic,695
servsafe,694
procedure manuals,694
budget monitoring,694
visual presentation,694
budget control,694
ppe (personal protective equipment),694
civil3d,694
permits,694
bank reconciliations,694
management training,693
committee participation,693
cdl,693
regulatory,693
project completion,693
dental plans,693
planogram guidance,693
building systems,693
software implementation,693
ability to maintain confidentiality,692
motivated,692
youth development,692
medical staffing,692
cashier experience,692
concepts,691
sampling,691
unix/linux,691
interview,691
contracts management,691
outdoor activities,691
nodejs,690
review,690
travel assignment,689
hospital medicine,689
pharmacy technician,689
jazzhr,689
scheduled maintenance,689
fiscal responsibility,688
mathcad,688
general management,688
ethical decisionmaking,688
sensory acuity,688
asp.net,688
patient preparation,687
fulfillment,687
service standards,687
inservices,687
laboratory information systems,686
finite element analysis,686
data storage,686
disease management,686
ability to work long hours,686
xero,685
swimming,685
clinical procedures,685
proficient computer skills,685
fea,685
plating,684
elasticsearch,684
client experience,684
tasting,684
following instructions,684
stockroom organization,684
retail merchandising,684
subcontractor coordination,683
technical procedures,683
insurance sales,683
equipment troubleshooting,683
sox compliance,683
keyboarding,683
evidencebased therapy,683
expense reports,682
state and federal regulations,682
test execution,681
following company policies and procedures,681
solution architecture,680
iv insertion,680
medical histories,680
retail store management,680
senior accountant,680
generators,679
laws,679
diabetes,679
clinical laboratory,679
doctor of dental surgery (dds),678
pest control,678
p&ids,678
sportsmanship,678
fastpaced,678
technologies,678
ability to lift,677
sensory,677
field experience,677
people leadership,677
accruals,676
skill development,676
productivity management,676
probationary period,676
make up table,676
2+ years rn experience,676
equipment calibration,676
preconstruction,675
clinical standards,675
preventative care,675
visual studio,675
store organization,675
iso standards,674
microsoft office (word excel outlook),674
work scheduling,674
lims,673
training materials,673
lifting up to 50 pounds,673
sox,673
language skills,673
cen,672
field service,672
elearning,672
p&l,672
ultrasonography,672
clinical protocols,671
employee stock ownership program (esop),671
people development,671
role model,671
master's degree (preferred),671
assisting customers,670
teaching philosophy,670
corporate finance,670
training and coaching,670
company match,670
analytical mindset,670
ms teams,669
training and education,669
user research,668
environmental consulting,668
task delegation,668
defense,668
dialectical behavior therapy (dbt),667
drop shipment categories,667
relevant experience,667
trauma informed care,667
transfers,667
change making,667
cfa,667
diagnostic studies,666
coagulation,666
power electronics,666
bonus opportunities,665
health and safety management,665
inside sales,665
safety meetings,665
safety consciousness,665
elisa,665
property and casualty license,665
work authorization,664
client focus,664
point of care testing,664
company paid life insurance,664
flexible working arrangements,664
dental procedures,664
optometry,663
cia,663
facility control,663
403(b) retirement plan,662
psychopharmacology,662
student loan assistance,662
transformers,661
apprenticeship,661
strong leadership,661
covid19 vaccine,661
printers,661
operating room experience,660
undergraduate degree,660
training opportunities,660
equipment installation,660
learning management systems,660
pediatric care,660
system maintenance,660
good judgment,659
mathematical concepts,659
merchandise management,659
eit certification,659
water,658
paid vacations,658
employee scheduling,658
reliability engineering,658
network protocols,658
informatics,658
security procedures,658
mechanical maintenance,658
commercial real estate,658
10+ years of experience,658
tire installation,658
electronic medical record (emr),657
safety control,657
multidisciplinary team collaboration,657
family support,657
account planning,657
customer complaints,657
splinting,657
nursing theory,656
scope management,656
data mapping,656
paid volunteering,656
heavy equipment operation,656
days,656
mep,656
professional engineering license,655
health coverage,655
health teaching,655
fpga,655
serology,655
expertise,654
cycle counts,654
friendly,654
sop,654
adn,654
business correspondence,653
pcu,653
subcontracts,652
car insurance,652
ris,652
sales cycle management,652
property inspections,651
order taking,651
driven,651
genetics,651
hospital policies,651
dispatching,651
fixtures,651
strong verbal and written communication skills,650
it security,650
soft skills,650
kerberos,649
cme reimbursement,649
online teaching,649
ambulation,649
corrective maintenance,648
fishing,648
facility control policies,648
collegiality,648
hardworking,648
safety requirements,648
excellent oral and written communication skills,648
attorney,648
observation skills,648
icu nursing,648
reliable,647
constructive feedback,647
visa sponsorship,647
great recruiters,646
employee discount program,646
code review,646
outside order taker,646
space planning,646
doctorate,646
regulatory knowledge,645
ability to work in a noisy environment,645
continuing professional development,645
population health,645
swift,645
enthusiastic,645
dust,645
cash control policies,645
performance review,644
network operations,644
law degree,644
information gathering,644
pacu,643
master's or doctoral degree,643
occupational health and safety,643
cooking techniques,643
per diem allowance,643
jcaho,643
methods,643
mechanics,643
design development,643
management information systems,643
ieee,643
creative problemsolving,642
medical/surgical,642
deductive reasoning,642
work independently,642
juris doctorate,642
criminal law,641
measles and rubella immunization,641
regulatory agencies,641
weekend shifts,641
professional attitude,641
family education,641
emr (electronic medical records),641
vision plan,641
improvement,641
rfis,640
project implementation,640
optics,640
ability to learn new things quickly,640
podiatry,640
telemarketing,639
equipment handling,639
ct scan,639
commissions,639
cutting,638
.net core,638
systems administration,638
office work,638
ecology,637
18+ years old,637
compensation package,637
telephone triage,637
couples therapy,637
test cases,637
national police check,637
medical surgical,636
ability to handle multiple tasks simultaneously,636
yoga,636
strategic initiatives,636
bls/cpr certification,636
monthend close,636
cardiac catheterization,636
action plans,636
revenue,635
teamoriented environment,635
lifting and moving,635
technical analysis,634
active professional license,634
general maintenance,634
costbenefit analysis,634
pharmaceutical industry,634
sales execution,634
personalization,634
project manager,633
customer acquisition,633
environmental monitoring,633
wifi,633
alcohol server permit,633
point of sale,633
cleaning and sanitation,632
security policies,632
call,632
physical,632
ishihara's color blindness test,632
negotiating,631
capital markets,631
functional requirements,631
lead capacity,631
ability to learn,631
opening and closing procedures,631
resiliency,631
canvas,631
business relationships,631
career development opportunities,631
hr policies,631
tenacity,631
data warehouse,630
occasional travel,630
nuclear medicine technology,630
pneumatic systems,630
financial software,630
external audit,629
collaborative relationships,629
art,629
interdisciplinary team collaboration,629
continuous professional development,629
exercise physiology,628
2+ years experience,628
facilities maintenance,628
startup,628
service advisor,628
compliance with regulations,627
protocol development,627
register operation,627
action planning,627
concentration,627
licensed clinical social worker (lcsw),626
doctor of dental medicine (dmd),626
network management,626
business continuity,626
interpersonal and oral & written communication skills,625
distributed computing,625
brand awareness,624
loyalty programs,624
team management skills,624
cosmetics,624
cnor,624
cpi,623
vehicle operation,622
performance reporting,622
content strategy,622
dishwashing,622
professional standards,622
digital media,622
medical staff,622
paas,621
windows operating systems,621
licenses,620
office equipment operation,620
analytical tools,620
organizational abilities,620
legal knowledge,620
advanced practice provider,619
time off,619
data analysis skills,619
healthcare services,619
building automation systems,618
osha certification,618
intermediate computer skills,618
testdriven development,618
pharmacy license,618
nurse practitioners,618
bachelor's degree in business,618
concur,618
time after competitive appointment,618
exercise science,618
plastics,618
team communication,618
progress tracking,617
heavy equipment,617
mechatronics,617
dot certification,617
kpi reporting,617
professional,617
parttime work,616
project specifications,616
receptionist,616
commercial litigation,616
banking regulations,616
advanced life support,616
strong leadership skills,616
business math,615
fax,615
technical proficiency,615
immunization,615
customized housing options,615
403b retirement plan,615
cnc machining,615
communication (verbal and written),615
m&a,615
ability to stand,614
vulnerability assessment,614
microsoft office suite proficiency,614
lambda,614
website management,614
sanitizing,614
culinary experience,614
medical laboratory scientist,614
estimates,613
freight,613
master's degree in social work,613
safety policies and procedures,613
u.s. work authorization,613
educational technology,613
cash facility and safety control policies and practices,612
business objectives,612
electronic health record (ehr),612
performance standards,612
loan repayment,612
instruments,612
insurance products,612
patient transportation,612
education reimbursement,612
contractors,612
product marketing,612
design software,612
reactjs,611
supplemental insurance,611
customer feedback,611
biological sciences,611
google ads,611
intellectual curiosity,611
seasonal influenza immunization,611
private practice,611
fintech,611
chemical handling,611
cpt,610
cell biology,610
dbt,610
sales quotas,610
production support,610
digital xrays,610
trainings,609
timelines,609
financial data analysis,609
outgoing personality,609
bachelor's degree in nursing (bsn),609
physical strength and stamina,609
certified nursing assistant,609
ms access,609
systems thinking,609
data input,608
comprehensive health insurance,608
relationships,608
construction supervision,608
route planning,607
iso9001,607
counseling psychology,607
full uk driving license,607
performance tracking,607
planogram and merchandise presentation guides,607
crossfunctional teamwork,607
aha bls,606
autonomous medicine,606
personal computer literacy,606
clinical decisionmaking,606
dynamic environment,606
bootstrap,606
irregular hours,606
jd,605
stock options,605
creo,605
resident relations,604
mechanical repair,604
financial counseling,604
analytical techniques,604
medical licensure,603
baccalaureate degree in nursing,603
everify employment verification,603
residents,603
investment,602
servers,602
general accounting,602
ssis,602
culinary degree,602
containers,601
research and analysis,601
purchase order management,601
airflow,601
servant leadership,601
entertainment,600
case manager,600
clinical advancement program (cap),600
accounting systems,600
flexible spending account (fsa),600
smsts,599
stock replenishment,599
sanitization,599
mental health assessment,599
supervisor experience,599
blood collection,599
site surveys,599
school counseling,599
apqp,598
field technician,598
personal growth,598
system configuration,598
ability to work with a diverse team,598
http,598
recycling,598
cloud architecture,598
transportation management,597
project scope,597
hybrid work model,597
architectural engineering,597
course development,597
medical software,597
monitoring cameras,597
md or do degree,597
curriculum implementation,596
nmls license,596
equipment selection,596
pool maintenance,596
selfstarting,596
moving mechanical parts,596
patient,596
managing,596
ms office applications,596
trello,596
financial transactions,595
social sciences,595
insurance licenses,595
clinical teaching,595
specimen processing,595
content marketing,595
casual dress code,595
analytical methods,595
strategic partnerships,595
subcontracting,595
personal vehicle,594
school loan assistance,594
travel contracts,594
labor law,594
ortho,594
project design,594
recipe development,594
competitive base salary,594
construction industry experience,594
scaffolding,593
design calculations,593
medical/dental/vision,593
electrician,593
training and development opportunities,593
dental hygiene,592
valid license,592
electrical drawings,592
merchandise,592
obgyn,592
visual design,592
etap,592
dental plan,592
human anatomy,591
automotive experience,591
greeting,591
recognition programs,591
anniversary pay,591
emr software,591
equipment inspection,591
patent prosecution,591
cost containment,590
practical experience,590
neonatology,590
software installation,590
product demonstration,590
kpi's,589
board certified or board eligible,589
supervisory responsibility,589
product training,589
housing assistance & stipends,588
discrimination,588
technical presentations,588
nursewallet app,588
api development,588
pediatric experience,588
tax return preparation,588
intelligence analysis,587
stipends,587
digital tools,587
professional licensure,587
bachelor of science,587
citizenship requirements,587
ergonomics,587
pedagogy,587
geriatric nursing,586
electrical safety,586
height work,586
certified financial planner (cfp),586
legal insurance,586
consulting experience,586
methodologies,586
solutions,586
american registry of radiologic technologists (arrt),585
valuation,584
service learning,584
electromechanical,584
occasional climbing,584
maintenance coordination,584
theft prevention,584
simulink,583
returns,583
blue pipes,583
quality of life,583
18 years of age,583
systems design,583
dress code,583
master's degree in marriage and family therapy,583
plant management,583
recreation,583
statistical techniques,582
courage,582
tb skin test,582
continuing education opportunities,582
medical malpractice,582
clinical psychologist,582
ob,582
continuing education credits,581
db2,581
geriatric,581
pediatric dentistry,581
company discounts,581
professional practice,581
academic advising,581
focus,581
maximo,581
addiction counseling,580
operations research,580
cnc programming,580
cognos,580
diagnostic radiology,579
cardiac monitoring,579
federal benefits,579
anatomy and physiology,579
professional ethics,578
efficiency improvement,578
neonatal care,578
1on1 tutoring,578
internal auditing,577
personal days,577
401(k) program,577
urine drug screening,577
gc,577
security architecture,577
paint,577
team spirit,577
cancer,577
support teams,576
events,576
social work qualification,576
fluency in english,576
cap,576
crm tools,576
fullstack development,575
equal employment opportunity (eeo),575
needs analysis,575
nurses,575
firing,575
records,575
catia,575
qualifications,575
security operations,575
pfmea,575
case conferences,575
family counseling,574
product specifications,574
advanced practice providers,574
test,574
transportation planning,574
labor,574
substance use disorders,574
building regulations,574
problemsolving abilities,573
certificate of foreign equivalency,573
commercial law,573
masters degree in nursing,573
electrical wiring,573
sqf,573
ability to work outdoors,573
tracheostomy care,572
financial regulations,572
pallet jack operation,572
shrinkage control,572
medical laboratory technician,572
health care administration,572
cpr and first aid,572
visual standards,572
iam,572
friendliness,572
leading,572
motor vehicle operation,572
switching,572
excellent customer service,571
current state license,571
foster care,571
reservations,571
spiritual care,571
deescalation techniques,570
ability to meet deadlines and work under pressure,570
ability to pass a background check,570
tax regulations,570
volunteer work,570
basic cardiac life support (bcls),570
costeffectiveness,570
laboratory analysis,569
coding standards,569
reasoning skills,569
doctorate degree,569
hotel operations,569
pricing strategy,569
401k with match,569
ppap,569
cadd,569
criminal records check,568
microsoft office (word excel powerpoint),568
iaas,568
chest xray,568
telemetry nursing,568
fulltime employment,567
process validation,567
cscs card,567
dcs,567
health assessments,567
pathophysiology,567
security management,567
building displays,567
sterile techniques,567
personal computer,566
junit,566
associate's or bachelor's degree,566
industrial automation,566
induction,566
food ordering,566
hospital indemnity insurance,566
making change,566
line management,566
balance sheet reconciliation,566
fingerprint check,565
ehr systems,565
massage therapy,565
legal counsel,565
hair cutting license,565
hazardous waste management,565
solution selling,565
ccnp,565
skin care,565
building construction,565
nursing diploma,564
skilled nursing facilities,564
tax audits,564
storekeeper,564
front end,564
accounting experience,564
excellent organizational skills,564
food safety compliance,564
motivation skills,563
dds,563
ekgs,563
holiday,563
doe,563
paid travel,563
procurement management,562
vehicle repair,562
cna certification,562
bls/cpr,562
business partnering,562
rehab therapy,562
parts clerk,562
application security,562
employer match,561
product strategy,561
vibration,561
uniform,561
lifeguarding,561
athletics,560
patient needs,560
professional autonomy,560
resolution,560
authorization,560
lending,560
keyboard,560
mechanical knowledge,560
program coordination,560
computer programming,560
data analysis and reporting,560
jd edwards,560
objection handling,559
rust,559
baccalaureate degree,559
cloudbased solutions,559
dod secret security clearance,559
installations,559
salary packaging,559
cdc guidelines,559
equipment usage,559
display advertising,559
adult education,559
innovative thinking,558
compliance standards,558
general,558
active rn license,558
project budgets,558
production procedures,558
5 years of experience,558
errands,558
phone answering,558
applied behavior analysis (aba),558
sign on bonus,558
css3,558
kitchen safety,558
prescription coverage,558
physical security,558
firewall,557
shopping,557
bachelor's in accounting,557
climbing up to six feet,557
equipment knowledge,557
competitive compensation package,557
rheumatology,557
advanced cardiovascular life support (acls),557
travel and license reimbursement,556
chromatography,556
translation,556
preemployment physical examination,556
trial experience,556
cardiovascular,556
industrial maintenance,556
trigonometry,556
government,555
data visualization tools,555
digital design,555
aprn,555
social work england registration,555
quality assurance (qa),554
sustainable design,554
logging,554
feedback provision,554
drywall,554
medical malpractice insurance,554
graphics,554
american heart association (aha),553
printer,553
aha basic health care life support hcp certification,553
performance assessment,553
gsuite,553
law firm,553
aptitude,553
barber,552
instrument maintenance,552
quality audits,551
valid driver license,551
licensing reimbursement,551
accounting policies,551
tpm,551
safety planning,551
fine dining,550
insurance knowledge,550
webex,550
or,550
collaborative teams,550
electrical components,550
respite care,550
openmindedness,549
npi,549
psychoeducation,549
nurse practitioner (np),549
arm,549
product testing,549
nurse staffing,549
data retrieval,549
extractions,549
employee motivation,549
safe working environment,549
weekly paychecks,549
product lifecycle management,548
accredited nursing program,547
good manufacturing practices,547
ability to work weekends,547
inventory tracking,547
ts/sci security clearance,547
program design,547
deadline adherence,547
oncall,547
aws certified solutions architect,547
mental health therapy,546
data center,546
behavioral healthcare,546
clinic,546
financial,546
briefings,546
cpr and first aid certification,546
jacho certification,546
veterans,546
data cleansing,545
ansi,545
probate,545
reporting tools,545
microcontrollers,545
patient engagement,545
incident investigations,545
stored procedures,545
employment laws,545
ppc,545
project tracking,544
bonus potential,544
3d printing,544
quality initiatives,544
cash reconciliation,544
engineering analysis,544
bailing cardboard,544
lmsw,544
profit sharing program,544
cbt,544
labor cost control,543
prescriptions,543
evidencebased treatment,543
blood borne pathogens,543
subcontract management,543
budget tracking,543
dependable transportation,542
scope of work,542
leadership roles,542
custom framing,542
addition,542
freight processing,541
health and wellbeing benefits,541
traffic engineering,541
fine manipulation,541
student loan repayment program,541
publication,541
dbs,541
hr generalist,541
team member,541
marketing campaigns,541
history,541
safe food handling,541
manual labor,541
housing allowance,541
employee referral bonus program,540
desktop support,540
datadriven insights,540
education verification,540
deliveries,540
rn (registered nurse),539
pricing strategies,539
stressful environment,539
retail banking,539
autism spectrum disorder,539
excavation,539
social care,539
objectives,539
conceptual design,538
greet customers,538
family nurse practitioner license,538
dental and vision insurance,538
automotive technical school certificate/degree,538
twic card,538
ability to solve problems,538
faxing,538
video,538
bachelor's in engineering,537
medical assessment,537
ventilation,537
corporate tax,537
engineering standards,537
ppd,537
pandas,537
acls (advanced cardiac life support),537
power,537
numerical skills,536
proficient in microsoft office suite,536
nondiscrimination policy,536
frequent bending stooping and kneeling,536
customer orientation,536
cashier skills,536
merchandising execution,535
building information modeling (bim),535
industry regulations,535
student support,535
food,535
twitter,535
sem,535
medical records management,535
stakeholder relations,535
hospitality industry,535
chillers,535
diary management,535
direct care,535
transporting,535
clinical laboratory scientist,535
ai/ml,534
feeling,534
clinical nursing experience,534
branch management,534
janitorial,534
discount marketplace,534
ms office proficiency,534
windows 10,534
compliance monitoring,534
california rn license,534
estimating software,533
groundskeeping,533
retention bonus,533
quality control procedures,533
inroads,533
electrical construction,533
cash flow analysis,533
grafana,532
401k with employer match,532
client needs,532
electronics engineering,532
environmental impact assessment,532
warehouse management systems,532
requirements definition,532
special services,532
translational research,532
parent communication,532
spi,531
medical history taking,531
product selection,531
j2ee,531
vue.js,531
elderly care,530
thoroughness,530
pulmonology,530
loading and unloading,530
driver license,530
warehouse equipment operation,530
code of ethics,530
subtraction,530
tuition reimbursement program,530
veterinary care,529
ssrs,529
repetitive motion,529
user experience design,529
ability to work with diverse populations,529
mls membership,529
threat modeling,529
loan documentation,529
microsoft visio,529
allen bradley,528
arrt registration,528
scholarships,528
standards of practice,528
software deployment,528
noise exposure,528
licensed professional counselor (lpc),527
evenings,527
mes,527
apache spark,527
positioning,527
3+ years experience,527
filing systems,527
staff training and development,527
restroom cleaning,527
strong problemsolving skills,527
sterile processing,527
production processes,527
scrum master,527
french language,527
enhanced dbs check,527
pastoral care,526
ability to work evenings and weekends,526
value stream mapping,526
maths,526
construction practices,526
stability,525
database systems,525
trauma nursing,525
chemical,525
network automation,525
dea certificate,525
business communication,525
brand standards,525
hospice experience,524
bathing,524
publishing,524
advancement,524
mentor,524
plumbing systems,524
material science,524
microsoft office suite (word excel powerpoint outlook),524
preemployment screening,524
travel coordination,523
gmc registration,523
knowledge transfer,523
lumber,522
nursing leadership,522
stroke center,522
charts,522
community support,522
finance management,522
cloudformation,522
counting register,522
business requirements gathering,522
common sense,522
service coordination,521
construction law,521
scrubbing,521
md or do,521
typography,521
geography,521
thermodynamics,521
traveling,521
revenue cycle management,521
basic training,521
culinary schooling,521
healthcare facilities,520
doctor of osteopathic medicine (do),520
trust building,520
method development,520
diligence,520
printing,520
harm reduction,520
general liability,520
solution development,519
physical science,519
hardware design,519
suppliers,519
data tracking,519
volunteer opportunity,519
flexible work options,518
tdd,518
computer hardware,518
patient care services,518
specialty certifications,518
webinars,518
ase automotive certification,517
mission,517
magnetic resonance imaging (mri),517
er experience,517
equity inclusion and diversity resources,517
transcription,517
bereavement support,516
professional growth opportunities,516
home health nursing,516
holistic care,516
cpa designation,515
asn,515
ability to lift up to 50 lbs,515
client service skills,515
housing & travel stipends,515
senior management,515
macos,515
ercp,515
shrink management,515
resume writing,515
setting up sidewalk displays,515
bearings,515
cash flow,514
shortterm and longterm disability,514
emergency,514
personnel,514
ui/ux design,514
status reporting,514
clinical development,514
client presentations,514
design review,514
frequent handling of merchandise and equipment,514
division,513
computer literate,513
quality checks,513
components,513
acute care setting,513
personal injury law,513
working relationships,513
speechlanguage pathology,512
supervisory role,512
pilates,512
trends,512
delivery management,512
pcb layout,512
associate support,511
academia,511
millwork,511
philanthropy,511
incident reports,510
software integration,510
gmp compliance,510
facing,510
fellowship training,510
student advising,510
schematic capture,510
hydrogeology,510
information assurance,509
virtual communication,509
receiving and unpacking merchandise,509
ehs,509
office procedures,509
pa,509
strong customer service skills,509
health and wellness benefits,508
paid maternity leave,508
online platform,508
interprofessional collaboration,508
building merchandise displays,508
bachelor's degree in business or related field,508
daily pay,508
interventional procedures,508
telehealth services,508
ad&d,508
patient documentation,508
optimum wellness plans,508
meeting minutes,507
wms,507
valid drivers license,507
skiing,507
compressors,507
health services,507
material procurement,507
inclusive culture,507
cooking methods,507
bs degree,507
innovative solutions,507
animation,507
vehicle inspections,507
governmental regulations,507
products,507
high school diploma / ged,506
medical/dental insurance,506
medical laboratory technology,506
climate change,506
reviews,506
management reporting,506
banking experience,505
stress testing,505
patent law,505
office suite,505
rotating,505
classroom training,505
digital solutions,505
multiplication,504
desk work,504
reasonable accommodations for disabilities,504
tjc,504
intravenous therapy,504
fax machine,504
r.n.,504
oncall support,503
scientific research,503
zoning,503
surgical nursing,503
toxicology,503
jury duty,503
datadriven,503
productivity improvement,503
disciplining,503
virtual assistants,502
aptitude to build rapport,502
career preference matching,502
advanced individual training,502
data cleaning,502
assurance,502
monthend closing,502
supportive environment,502
sales development,502
perioperative care,502
adobe indesign,502
committees,502
accounting procedures,502
legal experience,502
maintenance scheduling,502
process automation,501
erp software,501
patient identification,501
clinical laboratory experience,501
medical practice,501
unofficial transcripts,501
construction software,501
general medicine,501
ordering zones,501
truck unloading,501
project management professional (pmp),500
subject matter expert,500
nursing care plans,500
ability to stand and walk,500
good manufacturing practices (gmp),500
modbus,500
english language learning,500
voip,500
document review,500
release management,500
jde,499
ability to grasp reach and manipulate objects with hands,499
mandarin,499
working independently,499
high standards,499
electrical codes,499
physical inventory,499
neuro,499
customerfocused,499
physiotherapist,499
retail grocery warehouse environment,499
cost controls,499
assistant manager,498
mechanical drawings,498
predictive analytics,498
emt,498
patient support,498
node,498
steel,497
hair care,497
home health aide,497
deliverables,497
nursing program,497
system requirements,497
forms,497
employee referral bonuses,497
security controls,497
pallet jacks,497
building services,497
standard operating procedures (sop),497
haircuts,497
selfdriven,496
acquisition,496
circuit design,496
paid sick days,496
insurance defense,496
artificial intelligence (ai),496
work planning,496
tncc certification,496
associate development,496
full driving license,496
trusts,496
hiring and firing,496
public health administration,496
unit rentals,495
hazardous materials handling,495
meeting facilitation,495
ups,495
maintaining cashier accountability,495
resource coordination,495
grocery,495
wellness benefits,495
american heart association bls,495
patient referrals,495
nursing procedures,495
meeting management,494
relocation package,494
switchgear,494
clinical pathways,494
medical assistant certification,494
health dental vision and life insurance,494
driving licence,494
merchandise availability,494
amt,493
operating procedures,493
scanner,493
consolidation,493
appointment setting,493
retail principles,493
visual basic,493
computer use,493
transaction management,493
drug and alcohol testing,492
enterprise resource planning (erp),492
environmental health and safety,492
gerontology,492
ability to work independently and with a team,492
training & development,492
bc or be,492
applicant tracking systems,492
merchandise display,492
hard work,492
standards compliance,492
physician assistant (pa),492
financial markets,492
cabling,491
personal injury,491
401(k) and flex spending,491
grief counseling,491
aci,491
ability to learn new skills,491
styling,491
ability to lift and carry up to 30 pounds,491
restaurant leadership experience,491
field inspections,491
litigation experience,491
claims handling,491
medical dental and vision,491
clinical chemistry,491
schools,491
clinical instruction,490
otolaryngology,490
first aid certificate,490
digital,490
restricted stock units program,490
e&o insurance,490
mac,489
opening and closing the store,489
credit,489
team coaching,489
active engagement,489
lease administration,489
objectoriented design,489
icd10,489
community management,489
cost reporting,488
company pension,488
top secret security clearance,488
sample collection,488
sales reports,488
manuals,488
machinery operation,487
accounting degree,487
office software,487
nonprofit organization,487
mental illness,487
fair housing laws,487
arithmetic,487
cloud migration,487
business skills,486
automotive maintenance,486
sorting,486
business needs,486
pci,486
preventive petcare,486
department standards,486
fair housing,486
tax reporting,486
verbal instructions,486
employee retention,486
physical strength and endurance,486
coaching and development,485
target app,485
sales licensure,485
sales operations,485
competency,485
tight deadlines,485
health screening,484
water resources,484
vulnerable sector check,484
cardiac care,484
construction techniques,484
part time,484
tax free per diems,484
google,484
awards,484
pyspark,484
target achievement,484
ajax,484
mvc,483
food delivery,483
evidencebased interventions,483
h1b visa,483
raw materials,483
mechanical equipment,483
external audits,483
cashier operation,483
multithreading,483
clinical competencies,483
department management,483
spiritual support,483
client confidentiality,482
veterinary surgery,482
strong written and verbal communication,482
training and mentoring,482
radiopharmaceuticals,482
clinical judgement,482
stress management skills,482
staff recruitment,482
pwc professional,482
biking,482
data evaluation,482
investment strategies,481
residential,481
flexible work environment,481
commercial management,481
training coordination,481
content writing,481
qualitative analysis,480
life science,480
competency assessment,480
client contact,480
classroom instruction,480
support staff,480
scada systems,480
behavioral science,480
verilog,480
term life insurance,480
multifamily construction,480
intranet,480
fp&a,479
family medical practice,479
data organization,479
role modeling,479
medical school,479
special events,479
openness,479
team support,479
floating holidays,479
business writing,479
clinical social work,479
basic automotive tools,479
exercise,479
training management,479
food handler permit,478
service level agreements,478
vat returns,478
quality monitoring,478
treasury,478
design skills,478
selfconfidence,478
goals,478
stem degree,478
basic arithmetic,478
tax management,478
digital literacy,478
management accounting,478
customer management,478
residential construction,477
crew scheduling,477
physical rehabilitation,477
test results,477
shrink control,477
behavioral health services,477
graduate training,477
pretax flexible spending accounts,477
lpile,476
allied health professionals,476
mathematical ability,476
associate shopping program,476
resultsorientation,476
biotech,476
english language skills,476
reporting skills,476
legal ethics,476
bridge design,476
interpersonal relations,476
us work visa,476
rn registered nurse,476
insurance benefits,476
application,476
cpm,475
building automation,475
sedentary work,475
vhdl,475
financial controls,475
distributed microservices,475
spanish fluency,475
local regulations,475
rgn,475
productivity standards,475
deliver,474
lab testing,474
mental health care,474
ability to work night and weekend shifts,474
interventional radiology technologist,474
dynamodb,474
immunohematology,474
sanitation procedures,474
lpcc,474
paid family and medical leave,474
asme,474
predictive modeling,474
insurance licensing,474
ability to follow directions,473
employeeowned culture,473
heat transfer,473
p.e. license,473
neuropsychology,473
ladder safety,473
stock maintenance,473
risk,473
website development,473
outpatient services,473
emc,472
phone calls,472
internet navigation,472
autodesk,472
construction projects,472
body mechanics,472
technology solutions,472
acute care nursing,472
computer experience,472
legal documentation,472
resident experience,472
travel requirements,472
coachability,472
per diems,471
related training,471
flu vaccination,471
technical experience,471
defensive driving,471
home care experience,471
clinical records,471
upgrades,471
bls/bcls,471
irrigation,471
medical sales,471
sap2000,471
smell,471
project monitoring,470
crosssectional anatomy,470
inventor,470
mobile dentistry,470
tenant relations,470
bachelors degree in nursing,470
stock control clerk,470
project deliverables,470
vat,470
moving supplies,469
policy and procedures,469
workplace flexibilities,469
housing stipends,469
order zones,469
hca healthcare,469
community partnerships,469
time entry,469
safety glasses,469
related field,469
surgical care,469
professional development assistance,468
lean process,468
general practice,468
health safety,468
microsoft dynamics,468
basic computer literacy,468
coaching support,468
pos register system,468
power supplies,468
open communication,468
legal issues,468
rf,468
transport,468
medium work,467
ca,467
equal opportunities employer,467
tech,467
monday to friday,467
mars five principles,467
data analysis and interpretation,467
controls engineering,467
ability to lift up to 40 pounds,467
medical assistants,467
prescription drug coverage,466
terminations,466
healthcare industry knowledge,466
medical/surgical experience,466
transplant,466
kitchen sanitation,466
closing deals,466
free private housing,466
13week contract,466
budget forecasting,466
landscape maintenance,465
health care benefits,465
vendor coordination,465
passion for fastpaced environment,465
evolve,465
positive relationships,465
operational procedures,465
mobile development,465
employee training and development,465
comprehensive assessments,464
physician assistant license,464
business process management,464
dod security clearance,464
ecg,464
california,464
clienteling,464
communication protocols,464
material selection,464
supervision skills,464
architectural drawings,464
performance bonus,464
nursing research,464
leadership abilities,463
dot compliance,463
diverse workforce,463
pharmacy management,463
standing for long periods of time,463
qualitative research,463
constructability,463
patient care experience,463
repairing,463
juris doctor (jd) degree,463
agile environment,463
physician assistants,463
functional analysis,463
ltd,463
electromechanical systems,463
service development,463
decisiveness,462
vocational training,462
job costing,462
high school diploma or equivalency,462
work schedules,462
ec2,462
own vehicle,462
contrast media,462
motivating,462
looker,462
ability to bend and twist,462
eit,462
equal employment opportunity employer,461
construction superintendent,461
medical office experience,461
financial assistance,461
quantitative research,461
competitive wage,461
registered professional nurse,461
hand and power tools,461
loss reduction,461
irs compliance,461
site supervision,461
process analysis,461
media,461
hospital management,461
obstetrics and gynecology,461
metal fabrication,461
leases,460
standard work,460
financial audits,460
contingency planning,460
financial literacy,460
paid malpractice,460
patientfocused care,460
medical physics,460
specialty care,459
tax advisory,459
target redcard,459
teaching statement,459
leadership opportunities,459
gdc registration,459
teller transactions,459
hazardous waste,459
passionate,458
business knowledge,458
10hour shifts,458
magnetic resonance imaging,458
electrical work,458
organisation,458
adult learning principles,458
anesthesiologist,457
hris systems,457
data preparation,457
numpy,457
design documentation,457
unique preferences,457
executive presence,457
chef de partie,457
unit insurance,457
clerical support,457
vmware vsphere,457
dementia,457
faculty development,457
public transportation,456
restaurants,456
plan of care development,456
sanitation standards,456
registered dietitian,456
psychiatrist,456
bilingual (spanish/english),456
pruning,456
store manager,456
usda,456
company standards,455
observability,455
differential diagnosis,455
polishing,455
hourly pay,455
fault finding,455
transaction processing,455
hyperion,455
uncompensated expenses,455
daily reports,455
workload prioritization,455
discharge,454
leadership and management,454
pc proficiency,454
contributory pension scheme,454
patient focus,454
waste reduction,454
design standards,454
copying,454
english communication skills,454
ability to stand and walk for long periods of time,454
teaching strategies,454
msds,454
level ii trauma center,454
midwifery,454
loan origination,453
treasury management,453
inclusive work environment,453
project supervision,453
cpr/first aid certification,453
3d cad,453
strong writing skills,453
construction scheduling,453
professional nursing,453
dea licensure,453
construction management software,453
videography,453
behavior analysis,453
ability to work in various weather conditions,452
data review,452
ambiguity tolerance,452
physician collaboration,452
strong interpersonal and communication skills,452
creative writing,452
medical center,452
student supervision,452
social responsibility,452
age 18+,452
engineering technology,452
management consulting,452
occupational medical facility,452
reference check,451
angioplasty,451
container orchestration,451
user interface design,451
manual testing,451
professional boundaries,451
pallet jack,451
professional organizations,451
environmental awareness,451
bc,450
implementing,450
food processing,450
occasional or regular driving,450
personal assistance,450
structures,450
citizenship,450
problem reporting,450
ccsp,449
design of experiments,449
lead,449
supplemental life insurance,449
ordering zones and drop shipment categories,449
gmps,449
security standards,449
televisits,449
lmft license,449
hmi programming,449
ui design,449
engineering experience,449
clean background,449
tool rental,449
independent thinking,449
disaster relief,449
implants,448
windows os,448
bridges,448
postman,448
drug development,448
footwear,448
profile page,448
mapping,448
continuous deployment,448
professional engineer,448
educational leadership,448
professional behavior,448
target setting,448
flexible/remote work opportunities,447
private duty nursing,447
refund authorization,447
medical device,447
public trust clearance,447
restock,447
administrative assistant,447
atls,447
logic,447
active directory federation services,447
intelligence,447
oxygen therapy,447
user support,447
active state dental license,447
differentiation,447
computer operations,446
as400,446
nobility,446
performance indicators,446
artifactory,446
nursing assistant,446
financial goals,446
personal computers,446
punctuation,446
care delivery,446
patrol,446
training and support,446
administrative functions,446
credibility,445
verbal,445
trauma therapy,445
political science,445
sense of humor,445
microwave,445
material control,445
psychosocial assessments,445
relationship building skills,445
weekend and holiday work,445
airborne particles,444
thermal analysis,444
taking out trash,444
reading and writing,444
bonus program,444
team culture,444
sql queries,444
patient flow management,444
active license,444
wastewater,444
iv certification,444
board eligibility,444
homecare homebase,444
displays,444
aged care,444
state laws,443
travel availability,443
contract writing,443
paid family leave,443
macros,443
retail discounts,443
awards and recognition programs,443
clinical nurse coordinator,443
conveyors,443
altium,443
monthly bonus potential,443
disaster response,443
community events,443
medical assessments,443
kpi analysis,443
intubation,443
high school graduate or equivalent,443
deadlineoriented,443
microsoft sharepoint,443
independent judgement,442
general manager,442
gauges,442
manager,442
food cost management,442
financial services industry,442
outpatient clinics,442
pharmaceutical sales,442
crossfunctional team collaboration,442
bail cardboard,442
mitigation,441
caregiver,441
bonus scheme,441
objective setting,441
sales negotiation,441
therapeutic relationships,441
certified nephrology nurse (cnn),441
food knowledge,441
police check,441
waste disposal,441
software skills,441
agile project management,441
local travel,440
comptia security+,440
onsite parking,440
sidewalk display setup,440
certified dialysis nurse (cdn),440
regulatory submissions,440
dmd,440
communication (written and verbal),440
paralegal,440
can,440
cmm,439
wills,439
market share,439
bilingual (english and spanish),439
construction equipment,439
erosion control,439
bereavement,439
hs diploma or ged,439
catheterization,439
project engineer,439
fmcg,439
relationshipbuilding skills,439
service planning,439
bedside manner,439
collaborative team environment,438
uk driving licence,438
ats,438
mechanical assembly,438
bls certification (aha),438
the joint commission,438
building surveying,438
clients,438
authorizing and signing for refunds and overrides,438
medical plan,438
azure active directory connect,438
community services,437
decor,437
short and long term disability,437
hechms,437
doccafe,437
laboratory services,437
sec reporting,437
wireframing,437
functional programming,437
corrective action plans,437
compliance requirements,437
office,437
building design,437
oracle cerner,437
rfi,436
planning and organizing,436
electrical repairs,436
technical documents,436
member engagement,436
collaborative skills,436
trade certification,436
learning management system,436
faa regulations,435
vacation days,435
acquisitions,435
sales tax,435
phone handling,435
kitchen & bath,435
ability to read and interpret documents,435
i2c,435
proficiency,435
shift supervision,435
ace,435
landscape design,435
generally accepted accounting principles,435
ability to handle multiple tasks,435
boating,435
military training,435
bcba,435
google applications,434
accident reporting,434
work schedule,434
sdwan,434
americans with disabilities act,434
cima,434
company pension scheme,434
ongoing education,434
shift scheduling,434
patient observation,434
laboratory operations,434
materials engineering,434
j.d. degree,434
ppe usage,433
background and drug screen,433
learning and development opportunities,433
flexible benefits,433
physical therapist assistant,433
ostomy care,433
sec,433
medical device industry,433
pro account sales,433
lead management,433
principles,433
military service,433
labor/management partnership,433
sympathetic nature,432
enterprise sales,432
free housing,432
framing,432
backup,432
official transcripts,432
substance use,432
codes and standards,432
administrative management,432
travel experience,432
gi,432
electronic systems,432
innovative,432
front desk,431
environmental planning,431
multimeters,431
parts management,431
emotional stability,431
eating disorders,431
ardms,431
healthcare coverage,431
project control,431
commissionbased compensation,431
interdisciplinary teams,431
addiction treatment,431
agreements,430
veterinary student debt relief programs,430
electrical installation,430
fax machines,430
exposure to outside weather conditions,430
nurse residency program,430
hse,430
google apps,430
amazon web services,430
std,430
peer support,430
bachelor's degree in electrical engineering,430
effectiveness,429
detailed design,429
erp implementation,429
pay,429
ability to learn quickly,429
403b,429
professional image,429
travelcontract nursing experience,429
end of life care,429
unlimited pto,429
issue management,429
financial modelling,428
orthopaedics,428
after effects,428
probability,428
us residency,428
safety leadership,428
medical necessity,428
trauma unit,428
software systems,428
rewards,428
life and health license,428
seasonal influenza vaccination,428
video chat,428
report creation,428
closing skills,428
skincare,427
collection,427
deposits,427
ability to stand and walk for extended periods,427
diagnostic,427
supply ordering,427
dfmea,427
college,427
scikitlearn,427
doctor,427
site planning,427
safe alcohol service training,427
individualized treatment plans,426
maturity,426
sexual orientation,426
interpersonal and oral communication,426
ms,426
behavioral sciences,426
scanners,426
diagnosing,426
medical surgical nursing,426
eeo compliance,426
constructability reviews,426
npi number,425
workforce development,425
grit,425
weightlifting,425
hobbies,425
it project management,425
social science,425
desire to interact with customers,425
hypothesis testing,425
english classes,425
mass spectrometry,425
commercial projects,425
leaves of absence,425
organic chemistry,425
environmental sustainability,425
stakeholders,425
casting,425
organizational and time management skills,424
routing protocols,424
hr policies and procedures,424
food handler's certification,424
business advisory,424
high availability,424
certified information systems security professional (cissp),424
uml,424
automotive industry knowledge,424
researching,424
parts ordering,424
autonomous work,424
microsoft power bi,423
oil and gas,423
activities,423
infrastructure management,423
profit,423
therapeutic environment,423
eeg,423
event execution,423
ability to use store equipment,423
ceh,423
crew training,423
competitive benefits,423
site development,423
donor leave,423
plm,423
clinical resource,423
business cases,422
diagnostic equipment,422
angularjs,422
communication management,422
litigation support,422
school support,422
san,422
property and casualty insurance,422
financial advising,422
basic mathematics,422
technical accounting,422
ability to work nights and weekends,421
contract employment,421
data documentation,421
state driver's license,421
adobe creative cloud,421
vacation pay,421
chronic/acute hemodialysis,421
holiday allowance,421
standards of nursing practice,421
travel assistance,420
data entry skills,420
certificates,420
sccm,420
microsoft office tools,420
performance incentives,420
networking skills,420
engineering software,420
infusion therapy,420
management career advancement opportunities,420
covid19,420
nuclear medicine technologist,420
research statement,420
patient care technician,420
cucumber,420
firmware,420
diverse and inclusive culture,420
health/dental/vision insurance,420
medical dental vision benefits,419
icu/critical care,419
2 years experience,419
surgical experience,419
p6,419
ed,419
bc/be,419
jd degree,419
work plans,419
clinical treatments,419
18 years or older,419
licsw,419
usability testing,419
imaging equipment,419
payroll administration,419
quotations,419
software development life cycle (sdlc),419
california registered nurse license,419
lighting systems,418
board certified or eligible,418
ladder logic,418
shift differential,418
ems,418
system development,418
adaptation,418
fire protection systems,418
entrepreneurial,418
marketing automation,418
value proposition,418
ishihara color blind test,418
clinical lead,418
material planning,418
physical health,418
product discounts,418
systems architecture,418
information architecture,418
guest interaction,417
sheet metal,417
biopsies,417
technical direction,417
recruitment incentives,417
consultations,417
radar,417
meat cutting,417
systems management,417
quality outcomes,416
bid management,416
manual handling,416
u.s. citizenship or permanent residency,416
technology utilization,416
priority management,416
rfps,416
13week duration,416
laws and regulations,416
medical protocols,416
discretionary bonus,416
ecmo,416
sanitation practices,416
care evaluation,415
environmental permitting,415
budgeting and forecasting,415
security protocols,415
field supervision,415
construction specifications,415
escalation management,415
behavioral management,415
sales associate experience,415
ability to grasp and manipulate objects,415
method statements,414
neonatal intensive care unit,414
deviations,414
itar,414
circleci,414
quality metrics,414
life skills,414
brand ambassadorship,414
call coverage,414
computer science degree,414
business intelligence tools,414
machine maintenance,414
schematic design,414
running,414
strong analytical and problemsolving skills,414
ct scanner,413
computerized tomography,413
culinary management,413
immunohistochemistry,413
oil & gas,413
nx,413
netapp,413
shopify,413
high school or ged,413
training experience,413
general anesthesia,413
partnership building,413
data analysis software,413
cardiac surgery,413
proposal management,412
class a cdl,412
rmn,412
adult care,412
coping skills,412
valuebased care,412
electronic engineering,412
health regulations,412
primary care physician,412
ability to work shifts,412
lms,412
production control,412
museums,412
full stack systems,412
modification,412
independent decisionmaking,411
state nursing license,411
customercentricity,411
group policy,411
website design,411
nurse anesthesia,411
case management experience,411
physician leadership,411
knives,411
fulltime schedule,411
merchandise stocking and recovery,411
conceptual thinking,411
public speaking skills,411
medical staff clinical privileges,411
juris doctor (jd),411
addiction,411
faculty appointment,411
mortgage origination,411
results oriented,410
insurance processing,410
financial data,410
turning,410
customer needs analysis,410
clinics,410
blood banking,410
employee stock purchase plans,410
adult,410
blackboard,410
verification and validation,410
industrial experience,410
ekg interpretation,410
investment analysis,410
company car,410
minute taking,410
compact license,410
media planning,410
everify program,410
temperature control,409
microleadership,409
osha 30 certification,409
financial products,409
order accuracy,409
wine knowledge,409
interviewing skills,409
trauma surgery,409
outside sales experience,409
repetitive tasks,409
sketch,409
support services,409
clerical tasks,409
active listening skills,409
recipe following,408
recreational activities,408
stakeholder relationships,408
flatbed scanner,408
icu nurse,408
nccpa certification,408
product roadmap,408
job board,408
content management systems,408
managed services,408
solution oriented,408
therapeutic communication,408
iis,408
roi,408
automotive industry experience,408
quantity takeoffs,408
1 year experience,408
liability and malpractice insurance,408
lvn,408
copiers,408
measurements,407
locums,407
software solutions,407
project proposals,407
system documentation,407
apex,407
orientation and training,407
telephones,407
group life insurance,407
communicating,407
quarterly bonus,407
cscs,406
technical problem solving,406
proof of insurance,406
pharmacist,406
youtube,406
database applications,406
anger management,406
perks,406
professional nursing license,406
approachability,405
nursing licensure,405
appraisal,405
cardiac cath lab,405
preemployment drug screen,405
career transition assistance plan (ctap),405
meal planning,405
flexible work scheduling,405
specimen handling,405
environmental law,404
data analysis tools,404
technical troubleshooting,404
compensation packages,404
project prioritization,404
job descriptions,404
astm,404
dance,404
sterile field,404
merit promotion,404
construction estimating,403
payroll systems,403
stationary position,403
github actions,403
mutual funds,403
laboratory equipment maintenance,403
medical equipment operation,403
clerical functions,403
drilling,403
employee ownership,403
cutting tools,402
color perception,402
grounding,402
nvq level 3,402
solar,402
image quality,402
literature review,402
collaboration with healthcare professionals,402
automated systems,402
merchandising practices,402
life safety,402
medical assistant program,401
cnc,401
data models,401
sleep medicine,401
construction processes,401
messaging,401
pipelines,401
ability to stand for extended periods,401
clinical data,401
staff,401
pharmacy operations,401
tuberculosis test,401
invisalign,400
feasibility analysis,400
health equity,400
use cases,400
travel reimbursements,400
stock rotation,400
uk professional registration,400
beauty,400
technical writing skills,400
power automate,400
differentiated instruction,400
continuous process improvement,400
network monitoring,399
attendance tracking,399
administrative assistance,399
survey,399
safety measures,399
far,399
hydraulic,399
itsm,399
wellbeing support,399
critical care nurse,399
dispensing,399
simulations,399
financial responsibility,398
ability to work with a team,398
laboratory skills,398
regional anesthesia,398
ability to climb reach bend and lift up to 50 pounds,398
drainage design,398
contrast administration,398
eclipse,398
building,398
federal and state regulations,398
patient relations,398
table management,398
lighting design,398
preparation,398
food industry,398
protective equipment,398
charitable care,398
bachelor's degree in related field,398
collaborative approach,397
print services,397
safety hazards,397
physician placement,397
sympathy,397
nails,397
ekg certification,397
letters of recommendation,397
data loading,397
pay transparency,397
drafting legal documents,397
planogram and merchandise presentation guidance,397
sales tools,397
oauth,397
general office equipment,397
dialectical behavior therapy,397
time tracking,396
wound management,396
financial benefits,396
material ordering,396
mandatory training,396
nihss certification,396
service recovery,396
appeals,396
dedicated recruiter,396
nursing diagnoses,396
documentation review,396
hardware development,396
surgical equipment,396
crisis response,396
reinforcement learning,396
bilingual in spanish,396
data modelling,396
.net framework,396
react.js,396
data centers,396
designing,396
construction contracts,395
insurance policies,395
local market knowledge,395
staff motivation,395
technical background,395
regulatory guidelines,395
svn,395
energy conservation,395
hs diploma,395
move about,395
weather exposure,395
rotating and facing merchandise,395
speech language pathologist,395
inservice education,395
commercial driver's license,395
mac os,394
work organization,394
override authorization,394
sample preparation,394
community building,394
chartered engineer,394
c programming,394
business ethics,394
soa,394
employee stock ownership plan (esop),394
oncology experience,394
merchandising skills,393
nursing assessments,393
technical competence,393
dot physical,393
federal laws,393
sketches,393
smart home solutions,393
personalized learning,393
financing,393
shrink and safety programs,393
osha requirements,393
ability to stand and walk for extended periods of time,393
construction planning,392
ppo,392
oil changes,392
lesson plans,392
mechanical ventilation,392
webbased reporting,392
acute care hospital experience,392
equipment cleaning,392
apics certification,392
psychiatric,392
business plans,392
nebosh,391
goalsetting,391
skilled nursing facility,391
method validation,391
asbuilt drawings,391
fleet maintenance,391
strategic leadership,391
collaborative teamwork,391
operating cash register and flatbed scanner,391
master data management,391
picu,391
policy and procedure,391
traceability,391
sales tracking,391
current cpr certification,390
isis,390
inventory planning,390
flexibility and adaptability,390
benefits start day 1,390
schedule flexibility,390
senior care,390
radiology technology,390
professional liability,390
drive item program,390
six months of supervisory experience,390
physical assessments,389
guest service skills,389
graduate of an accredited school of nursing,389
decontamination,389
balance sheets,389
control plans,389
family engagement,389
unity,388
production schedules,388
count register,388
cst,388
composure under pressure,388
patient centered care,388
statistical process control (spc),388
cryptography,388
emergency room experience,388
dimensional inspection,388
software support,388
service requests,388
ability to learn new things,388
school psychology,388
scopes of work,387
electronic medical record systems,387
selfemployment,387
reach,387
medical writing,387
bonus structure,387
degree of doctor of medicine,387
vendor communication,387
food handling certification,387
security best practices,387
project support,386
woodworking,386
social workers,386
school qualification,386
aed certification,386
epilepsy,386
child psychology,386
color differentiation,385
pet therapy,385
patient histories,385
business consulting,385
clinical duties,385
reverse engineering,385
test engineering,385
health information management,385
english language fluency,385
kitchen,385
metallurgy,384
controlled substances,384
financial advice,384
project meetings,384
paternity leave,384
meals,384
dietetics,384
travel management,384
fastpaced environment adaptability,384
independent,384
ms office products,384
occasional driving,384
fairness,384
bsn preferred,384
onedrive,384
eeo employer,384
service procedures,384
technologist,384
strategies,384
dvm degree,384
vacation/pto,384
outdoor weather conditions,384
wireshark,384
account development,384
mathematical aptitude,384
pitching,383
proficiency in english,383
candidate sourcing,383
job posting,383
funding,383
travel healthcare,383
schedule adherence,383
ladder,383
profit maximization,383
403(b),383
light housekeeping,383
registers,383
pos system operation,383
realtime operating systems,383
incentive programs,383
instructional strategies,383
operating cash register,383
automobile liability insurance,383
servicing,383
code of business conduct,383
at least 18 years of age,383
product recommendations,383
work assignments,383
transmission,382
parking,382
django,382
microsoft office software,382
project estimation,382
concurrency,382
mechanical troubleshooting,382
task completion,382
bom,382
grocery shopping,382
music education,382
materials testing,382
rules,382
* communication,382
windows environment,382
ability to work with customers,382
customer loyalty,382
pointofsale (pos) systems,382
adults,382
client assessments,382
active secret clearance,382
legal terminology,382
entity framework,382
timemanagement,381
registered nurse diploma,381
employee discipline,381
microsoft office suite (excel word powerpoint),381
pediatrics experience,381
law firm experience,381
electronic medical record system,381
employee stock ownership program,381
consultancy,381
medical treatments,381
current rn license,381
marketing skills,381
internal communications,381
purchase loans,381
parts,381
ivs,381
commitment to quality,381
patient transfer,381
companion care,381
environmental standards,381
coaching and training,381
emergency room (er),380
ability to work with a diverse population,380
rcvs registration,380
resource patient management system (rpms),380
chemical dependency,380
network maintenance,380
building rapport,380
api integration,380
maintenance experience,380
ticketing systems,379
requirements development,379
healthcare industry experience,379
field operations,379
new product introduction,379
company communications,379
enterprise software,379
tiktok,379
field investigations,379
postacute care,379
applied mathematics,379
balance sheet reconciliations,379
warranties,379
scholarly activity,379
outpatient clinic,379
matlab/simulink,379
site design,379
informatica,379
donor relations,379
advanced analytics,378
maintainability,378
united financial management system (ufms),378
stockroom cleaning,378
algorithm development,378
automation testing,378
system upgrades,378
patient treatment,378
construction documentation,378
bending and stooping,378
current driver's license,378
us work eligibility,378
case management certification,378
nesc,377
healthcare career,377
security compliance,377
charge nurse experience,377
learning disabilities,377
technical discipline,377
nepa,377
lightning,377
dental exams,377
ecs,377
interaction design,377
job placement,377
ethical practice,377
7+ years of experience,377
property & casualty license,377
heat press,377
electrical distribution,377
family planning,377
financial services experience,377
environmental safety,376
assist customers,376
color blindness test,376
osha guidelines,376
industrial construction,376
management ability,376
ability to lift up to 25 lbs,376
technical services,376
american registry of radiologic technologists,376
telemetry nurse,376
academic appointment,376
technology adoption,376
teamcenter,376
coordination skills,376
planogram reading and following,376
laser therapy,376
inclement weather,376
standing for extended periods,376
disinfection,376
intellectual property law,376
applied behavior analysis,376
project requirements,376
cancer center,376
adoption,376
medical dental & vision insurance,376
monitor cash levels,375
operational planning,375
quality service,375
bank holidays,375
developing potential,375
workflow optimization,375
formulation,375
physical mobility,375
conclusion drawing,375
locum tenens staffing,375
md/do,375
oop,375
patient/family education,375
collecting payment,375
infrastructure design,375
high school diploma or g.e.d.,374
child abuse registry check,374
building management,374
business solutions,374
operationsrelated applications,374
design principles,374
hibernate,374
design specifications,374
cash level monitoring,374
4day work week,374
restricted stock units,374
college diploma,374
clinical privileges,373
public sector,373
linux os,373
stress analysis,373
electrical skills,373
cameo,373
product inspection,373
health counseling,373
advanced cardiac life support (acls) certification,373
hippa compliance,373
board certification or eligibility,373
microservices architecture,373
data confidentiality,373
business systems,373
geriatric medicine,373
health and welfare benefits,372
software troubleshooting,372
letter of interest,372
mutual respect,372
information analysis,372
environmental health and safety (ehs),372
compliance training,372
quality focus,372
continued education,372
spine,372
qms,372
treatment plan development,372
rns,371
401k retirement plan with company match,371
network support,371
supplier relationships,371
home improvement,371
sonarqube,371
ironing,371
tax preparation software,371
tcp,371
menu creation,371
vendor selection,371
emotional control,371
travel & license reimbursement,371
hvac maintenance,371
familycentered care,370
construction science,370
version control systems,370
goalorientation,370
vision systems,370
8d,370
medsurg,370
audit preparation,370
inventory accuracy,370
quota achievement,370
work history,370
product procurement,370
lab equipment,370
radiological technology,370
neonatal intensive care,370
rhino,369
disclosure and barring service check,369
paid company holidays,369
preoperative care,369
acls (aha),369
ip,369
bachelor's in computer science,369
client relationship,369
primary stroke center,369
pcie,369
medical malpractice coverage,369
compliance cost,369
people centric,369
mrp systems,369
flexible spending accounts (fsas),369
agile working,369
docusign,369
nonprofit management,369
personal integrity,369
financial records,369
crosscultural communication,369
8+ years of experience,369
safe driving,369
cash handling experience,369
student loan forgiveness,369
pricing analysis,369
aba,368
professional judgment,368
ambitious,368
physical tasks,368
individual and group therapy,368
technical advice,368
food handling training,368
suicide prevention,368
ability to lift 25 pounds,368
operational support,368
professional training,368
wireless,368
sales engineering,368
software as a service (saas),368
sales enablement,367
assistance,367
appointment management,367
evidencebased research,367
medical dental vision and life insurance,367
healthcare team,367
hearings,367
assistant store manager,367
trimming,367
act 33,367
food or retail experience,367
foundations,367
technical proposals,367
valid driving license,367
bar admission,366
quickbooks online,366
proactive problem solving,366
ability to manage multiple projects,366
physicianled,366
lab work,366
case management software,366
opening,366
substation design,366
it service management,366
field engineering,366
per diem nurse staffing,366
thoracic surgery,366
client consultation,366
investigative skills,366
boardcertified,366
sales target achievement,366
ionizing radiation,366
project timelines,366
med/surg rn,365
service improvement,365
general ledger accounting,365
general education degree (ged),365
batch records,365
flexible work,365
mechanical experience,365
make bank deposits,365
trial advocacy,365
community development,365
bachelor's degree in business administration,365
vehicle access,365
harassment,365
rehabilitation nursing,365
electrical testing,365
analytical testing,365
hr systems,365
dynamic work environment,365
beverage preparation,365
teller,365
fertility and familybuilding assistance,365
prolonged sitting,365
angiography,365
analytic skills,364
stata,364
mathematical modeling,364
press releases,364
pay per click advertising,364
financial operations,364
pressure,364
quality management system (qms),364
generous referral bonus program,364
bachelor's degree or equivalent,364
lubrication,364
multidisciplinary care,364
dependent health insurance,364
fire alarm,364
employee stock purchase program (espp),364
tesla babies program,363
health and wellbeing,363
amazon web services (aws),363
terminology,363
written instructions,363
childcare discount program,363
engineering specifications,363
government websites,363
detailing,363
strategic direction,363
lifting up to 50 lbs,363
providing superior customer service leadership,363
api design,363
cloud solutions,363
conscious sedation,363
environmental studies,363
xactimate,363
iso 45001,363
bachelor of science degree,363
communications skills,362
televisits with psychologist,362
office hours,362
health cash plan,362
plant operations,362
software quality assurance,362
agile/scrum,362
dependable,362
financial security,362
yardi voyager,362
employee onboarding,362
light work,362
endorsements,362
reagent preparation,362
high voltage,362
order pick up,362
qpcr,362
teaching methods,362
behavioral care,362
reagents,362
price changes,361
cold,361
401k program,361
ability to lift over 70 lbs,361
project budget,361
calculus,361
startup experience,361
database maintenance,361
excellent written and verbal communication,361
dressing changes,361
monitor cameras,361
personal grooming,361
equipment design,361
clinical environment,361
stateoftheart technology,361
critical care course,361
it experience,361
business office management,361
bachelor's degree or equivalent experience,361
practical nursing,361
sidewalk displays,361
variable frequency drives,361
reasonable adjustments,361
rds,360
rcra,360
bcba certification,360
corporate support,360
audit support,360
state medical license,360
inclusive workplace,360
stock purchase,360
shoplifting detection,360
licensing assistance,360
quotes,360
music therapy,360
lead qualification,360
social determinants of health,360
technical excellence,360
hearing acuity,360
confidential information handling,360
relationshipbased care,360
coverage,360
hospital setting experience,360
threat intelligence,360
financials,360
furniture,360
collaboration with healthcare team,360
registered nurses,360
iso 27001,359
ordering supplies,359
lsw,359
trucking,359
process,359
friendly competitions,359
member service,359
shift leader,359
diagnostic services,359
business objects,359
overnight shift,359
trade studies,359
legal support,359
counseling skills,359
physical sciences,359
jmp,358
patient discharge,358
profit and loss statements,358
funnel management,358
engineers,358
lifting 50 pounds,358
persuasion skills,358
azure data factory,358
results,358
nurse practitioner program,358
ladder use,358
continual professional development,358
ccrn certification,358
foodservice,358
restaurant management experience,358
hospitality industry experience,358
medical assisting,357
equipment specifications,357
volunteers,357
haircutting skills,357
test reports,357
performancebased incentives,357
theology,357
occupational safety,357
g.e.d.,357
creative solutions,357
commission structure,357
building inspection,357
platforms,357
fluent english,357
loan forgiveness,357
nursing care plan,357
organizational structure,357
design drawings,357
diagnostic medical sonography,357
electrical shock,356
medical examination,356
gender identity,356
production supervisor,356
near vision,356
financial skills,356
clinical quality,356
ability to build relationships,356
voluntary life insurance,356
hardware maintenance,356
digital signal processing,356
ability to handle multiple projects simultaneously,356
drawing,356
environmental sciences,356
dsp,356
file maintenance,356
gyn,356
renovation,356
healthcare providers,356
consultants,356
fund accounting,356
fractions,356
free employee meal,356
collective bargaining agreement,356
wireframes,356
openshift,356
mitigation strategies,356
applicant tracking system,355
synthesis,355
doctor of veterinary medicine (dvm/vmd),355
remote sensing,355
mis,355
business process mapping,355
research methodology,355
environmental protection,355
eeoc,355
patient comfort,355
product ownership,355
insurance brokerage,355
hardware troubleshooting,355
staff hiring,355
fall protection,355
general practitioner,355
flexible work opportunities,355
patient access,355
nurse in charge,355
ct scanning,355
corporate discounts,355
research protocols,355
cpr training,355
lawn care,355
sysml,354
cloud networking,354
iphone,354
construction support,354
domestic travel,354
cobra,354
modelling,354
conveyor systems,354
educational resources,354
patients,354
dvm,354
ability to lift up to 25 pounds,354
windchill,354
technical management,354
volunteer training,354
401k with matching,354
api testing,354
car,354
templates,354
marketing materials,354
strategic mindset,354
malware analysis,353
closing sales,353
invasive procedures,353
dynamics,353
shell,353
team,353
appraisals,353
nas,353
system security,353
care implementation,352
ventilators,352
safety and security procedures,352
agile scrum,352
notetaking,352
healthcare sales,352
faculty,352
interaction,352
eoe/everify employer,352
product promotion,352
ct scans,352
crossfunctional team leadership,352
nurse anesthetist,352
accessories,352
application support,352
acupuncture,352
chartered financial consultant (chfc),352
nalto membership,352
nonviolent crisis intervention,352
software documentation,352
food industry experience,352
motion control,351
prn,351
westlaw,351
bachelor's degree in a related field,351
cardiothoracic surgery,351
mortgage,351
personal accountability,351
making drawer pulls,351
ability to work in extreme temperatures,351
loans,351
diverse populations,351
opening and closing store,351
personalized learning experience,351
fastpaced environment experience,351
management accounts,351
shortterm disability coverage,351
prescription,351
statutory accounts,351
antimoney laundering,351
sketching,350
blood draws,350
chronic conditions,350
construction industry knowledge,350
wellbeing programs,350
electrical circuits,350
bms,350
recipe execution,350
architect,350
hazardous chemicals,350
information sharing,350
quality control (qc),350
studies,350
laboratory work,350
data center operations,350
clerical experience,349
business intelligence (bi),349
xray technology,349
neonatal resuscitation program,349
staffing management,349
drop shipment,349
patient services,349
design verification,349
children,349
uk references,349
patient population,349
goal oriented,349
construction standards,349
production experience,348
company culture,348
osha training,348
neurologist,348
therapeutic intervention,348
internet software,348
computer networking,348
google meet,348
oral advocacy,348
food serving,348
advanced computer skills,348
childcare experience,348
adjustments,348
lotus notes,348
construction procedures,348
mental health act,348
permit applications,348
permanent placement,348
medical and dental insurance,348
rapid prototyping,348
timeline management,348
healthcare provider,348
architects,348
microsoft office (word excel),347
oral health,347
security monitoring,347
holistic approach,347
financial aid,347
adhd,347
autocad electrical,347
motor skills,347
radiographic procedures,347
infrastructure projects,347
nursing services,347
cash facility and safety control policies,347
virology,347
clinical oversight,347
registration/license,347
scope of practice,347
ageappropriate care,347
clinical standards of care,346
evidence based practice,346
product launches,346
ability to grasp reach and manipulate objects,346
skm,346
electrical knowledge,346
first aid/cpr,346
virtual care,346
emergency room nursing,346
sabbatical,346
kitchen experience,346
chemical exposure,346
employee satisfaction,346
club coremed trip points,346
tuition reimbursements,346
master planning,346
preemployment drug screening,346
maintaining,346
security testing,346
professional engineer (pe),345
staff orientation,345
responsible alcohol service,345
diagnostic tools,345
food safety knowledge,345
ability to work in a retail environment,345
diabetes management,345
mental healthcare,345
tips,345
organizational design,345
ce,345
valid passport,345
register counting,345
project oversight,345
high school completion,345
professional registration,345
passion for food,345
4+ years of experience,345
multifamily,345
cfd,345
network analysis,345
emergency measures,345
fraud prevention,344
growth potential,344
spanish language proficiency,344
multiple priorities,344
requirement gathering,344
outpatient setting,344
erisa,344
wellness resources,344
master's in nursing,344
video conferencing tools,344
irs regulations,344
resident education,344
spring framework,344
background/urine drug screening,344
mvr,344
agronomy,344
experienced support teams,344
financial metrics,343
grievance handling,343
engineering reports,343
audiology,343
gripping,343
legal strategy,343
server administration,343
statistical reporting,343
government contracts,343
real estate development,343
home insurance,343
maps,343
scheduling appointments,343
construction accounting,343
profit and loss,343
passion for teaching,343
environmental assessment,342
structural,342
electrical installations,342
travel ability,342
project managers,342
dog training,342
highpressure environment,342
sewing,342
patient service,342
insurance claims,342
accidental death and dismemberment insurance,342
teaching qualification,342
driving/providing own transportation,342
bachelor's in accounting or finance,342
stressful situations,342
coshh,342
csa,342
storing,342
supply cashiers with change,342
sponsorship,341
public service loan forgiveness (pslf),341
bankruptcy,341
production engineering,341
ea,341
soft tissue surgery,341
hourly wages,341
health management,341
patient care delivery,341
power up rewards program,341
strong oral and written communication skills,341
environmental conditions,341
cash handling skills,341
critical care medicine,341
flu vaccine,341
demonstrations,340
virtual training,340
automotive sales,340
high school,340
epic systems corporation  epic systems corporationmychart,340
software programs,340
design concepts,340
vibration analysis,340
demand forecasting,340
ariba,340
research design,340
understanding of relevant legislation,340
documents,340
reaching above shoulder,340
personnel supervision,340
dental equipment,340
internet explorer,340
coaching experience,339
client onboarding,339
registry,339
3 years of experience,339
mechanic,339
arts and crafts,339
relocation bonus,339
quick learning,339
motion graphics,339
inspection reports,339
phlebotomy certification,339
customer service focus,339
sales cycle,339
kitchen cleaning,339
mapreduce,339
opportunity identification,339
solutionoriented,338
behavioral and mental health support,338
* customer service,338
indigenous cultural safety,338
medical exam,338
accreditation commission for education in nursing (acen),338
rostering,338
previous leadership experience,338
social perceptiveness,338
vision care,338
sales effectiveness,338
fellowship program,338
internet use,338
followup care,338
basic mathematical skills,338
strong sense of urgency,338
community health nursing,338
therapies,338
homecare,338
design documents,338
inventory management skills,338
litigation management,338
nonprofit organizations,338
volunteer recruitment,337
clinical audit,337
human relations skills,337
paid vacation and holidays,337
alignment,337
interfaces,337
pki,337
physician assistant program,337
calculators,337
washing,337
lcpc,337
computerized maintenance management system (cmms),337
cooking skills,336
diversity statement,336
fetal monitoring,336
medical dental vision coverage,336
accounting skills,336
technical project management,336
fashion knowledge,336
data profiling,336
cash flow forecasting,336
rn state license,336
cost tracking,336
long term acute care,336
dedicated,336
authenticity,336
composition,336
crm management,336
storm,336
euthanasia,335
membership sales,335
bank secrecy act,335
dispatch,335
status reports,335
spine surgery,335
behavior modification,335
technology transfer,335
ability to work in confined spaces,335
iec,335
project risk management,335
physical medicine,335
telecommunication,335
government contracting,335
pneumatic,335
grinders,335
bloomberg,335
legal and regulatory compliance,335
program execution,335
acceptance criteria,335
audit management,335
nclex,335
public interaction,335
technical standards,335
foreign education credentialing,334
promotion opportunities,334
effective working relationships,334
completing paperwork and documentation,334
facetoface communication,334
ada accommodations,334
ferpa,334
physical effort,334
prolog,334
dmaic,334
english classes as a second language,334
patientfocused,334
identity and access management,334
pc literacy,334
licensed mental health counselor (lmhc),334
motor control,334
guest and team focused mindset,334
lathes,334
production equipment,333
mentorship program,333
business experience,333
identity management,333
test scripts,333
nonprofit experience,333
microsoft office programs,333
access control systems,333
business rules,333
spreadsheet applications,333
1 year of experience,333
full uk driving licence,333
analytical problem solving,333
public affairs,333
hardware engineering,333
plscadd,333
high school education or equivalent,333
teambased care,333
geopak,333
stroke care,332
heart failure,332
gradle,332
source control management,332
diagnoses,332
highway design,332
new hire training,332
j1 visa,332
tax calculations,332
project administration,332
community education,332
hvac certification,332
health risk assessments (hras),332
product rotation,332
drills,332
free uniforms,332
neonatal intensive care unit (nicu),332
nasm,331
project teams,331
diesel engines,331
longterm care experience,331
bs/ba degree,331
oncall coverage,331
cleaning front end of store,331
google adwords,331
search engine optimization (seo),331
campaign execution,331
first aid training,331
dayshift,331
staff discount,331
enhanced dbs,331
commercial lending,331
maternity/paternity leave,331
exposure to irritant chemicals,331
audit planning,331
learning opportunities,331
teamplayer,331
independent and team work,331
english literacy,330
age,330
kitchen rules,330
presentation creation,330
itar compliance,330
child and adolescent psychiatry,330
client scheduling,330
safety initiatives,330
front of house operations,330
intune,330
point of sale system,330
trauma nursing core course (tncc),330
tms,330
industrial design,330
feeding,330
iso 9001:2015,330
low voltage,330
emergency room nurse,330
specialized recruiters,330
stand,330
oil change,330
systems development,329
golf,329
situational awareness,329
order picking,329
presales,329
insights,329
guest focus,329
minor repairs,329
test driven development,329
loud noise,329
pdf,329
iv skills,329
employee recognition programs,329
volunteer coordination,329
account maintenance,329
8 hours days,329
meeting attendance,329
cta,329
relevant,329
fulltime work,329
medical/dental/vision benefits,328
movement,328
strategic vision,328
ability to use janitorial equipment,328
money handling,328
ts/sci,328
religion,328
commitment to diversity and inclusion,328
mixing,328
phr,328
administrative law,328
handson approach,328
technical field,328
user manuals,328
free uniform,328
stockroom management,328
state veterinary board license,328
reading skills,328
civil,328
maintaining register countertops and bags,328
positive reinforcement,328
travel planning,328
anthropology,328
minimal paperwork,327
influencer marketing,327
mechanical repairs,327
versatility,327
travel stipend,327
transcript,327
customer centricity,327
annual certifications,327
legal software,327
briefs,327
stock merchandise,327
transfer pricing,327
earthwork,327
toileting,327
expenses,327
multimedia,327
automotive technician state inspector license,327
school nursing,326
inperson tutoring,326
excel proficiency,326
confidential information,326
orchestration,326
amt certification,326
cam,326
service now,326
linkedin learning,326
academic success,326
grants,326
forestry,326
scaling,326
mental health disorders,326
401k savings plan,326
iv,326
embedded software,326
physician communication,326
software packages,326
electronic communication,326
pe certification,326
technical acumen,326
account analysis,326
universities,326
competencies,325
bridge construction,325
follow up,325
legal representation,325
automotive knowledge,325
nih stroke scale,325
medical skills,325
gmail,325
security experience,325
adult learning,325
resuscitation,325
placement,325
appointments,325
laboratory science,325
valid state driver license,325
presenting,325
ability to work in a cold environment,325
educational activities,325
energy storage,325
intrusion detection,325
commission on collegiate nursing education (ccne),325
plate presentation,324
vlans,324
scholarly activities,324
nuclear engineering,324
articulation,324
smart phones,324
inventory levels,324
positive outlook,324
client matching,324
dressing,324
profit and loss analysis,324
communication and presentation skills,324
equipment use,324
ability to interact with customers,324
blood transfusion,324
hcpc,324
equipment setup,324
bachelors in nursing,324
ich guidelines,324
transferring,324
10+ years experience,324
ability to adapt,324
ability to work independently and in a team,323
cpcu,323
progression,323
communication skills (written and verbal),323
ability to work in a variety of weather conditions,323
redux,323
powerpoint presentations,323
specification writing,323
markdowns,323
pharmacological therapy,323
rotating equipment,323
foreman,323
firmware development,323
cda,323
security awareness,323
government security clearance,323
executive support,323
delegating,323
product launch,323
travel discounts,323
paid time off and holidays,323
national provider bls  american heart association,323
professional growth and development,323
responsive design,323
social media strategy,323
dependent care fsa,323
physician referrals,323
ma,323
singing,322
quality procedures,322
basic hand tools,322
collegial work environment,322
rotation,322
health policy,322
cash transactions,322
engineering plans,322
ability to learn and adapt,322
formulas,322
student success,322
complaints,322
capital planning,322
food packaging,322
executive chef,322
mechanical inspection,322
decision quality,322
loto,322
magnet recognition,322
health care plan,322
cprs,322
water quality,322
software sales,322
immigration law,322
referral opportunities,322
overtime availability,322
leed certification,322
pet care discount,321
parks,321
merchandise progression,321
resident retention,321
ir,321
data lakes,321
accommodations,321
property inspection,321
startup environment,321
fifo,321
map core,321
it management,321
market conditions,321
hotel,321
business judgment,321
fiber optics,321
storyboarding,321
low cost of living,321
medical records review,321
dds or dmd,321
oncall work,321
ndis,321
etabs,321
research administration,321
collaborative culture,321
direct mail,321
positive behavior support,321
xray equipment,321
earthworks,321
juris doctor,321
outgoing,321
plant maintenance,321
restoration,321
35 years of experience,321
technical reviews,320
react native,320
training sessions,320
telesales,320
grinding,320
consultative skills,320
database development,320
presentation preparation,320
bentley microstation,320
fisma,320
bargaining unit,320
problem solver,320
continuous education,320
music teaching,319
business reviews,319
nursing practice act,319
pharmd,319
labor scheduling,319
tomcat,319
mood disorders,319
adaptive equipment,319
contracted travel position,319
service culture,319
case law,319
models,319
smart cell phone,319
counting,319
sales proposals,319
identity protection,319
advisory services,319
proportions,319
recipes,319
concept development,319
renewals,319
document interpretation,319
court proceedings,319
hmis,318
multitasking ability,318
p&c license,318
specialized training,318
light lifting,318
inclusiveness,318
cell phone allowance,318
digital platforms,318
oracle database,318
life and ad&d insurance,318
oncall duties,318
selfsufficiency,318
vfds,318
opportunities for growth,318
networking protocols,318
mental health benefits,318
neonatal,318
safe patient environment,318
restful web services,318
electricity,318
production operations,318
biologics,318
visual ability,318
automation systems,318
heavy work,318
ancc,317
tests,317
hair coloring,317
kitchen maintenance,317
women's services,317
strength training,317
iosh,317
reservation management,317
rtos,317
ratios,317
data capture,317
call handling,317
minimally invasive surgery,317
employee wellness program,317
leads,317
degree in nursing,317
physical therapy assistant,317
stable,317
chinese cook knife,317
counseling services,317
valid license and/or certification,317
ccu rn,317
registered nurse license (california),317
production standards,317
software tools,317
electrical experience,317
vacation bonus,317
group work,317
database management systems,317
business strategies,316
money management,316
rnld,316
customer success management,316
web analytics,316
tech savvy,316
interview preparation,316
digital radiology,316
paid volunteer time,316
equipment preparation,316
equipment safety,316
aws services,316
senior leadership,316
apheresis,316
right to work in uk,316
marketing plans,316
color,316
advisory,316
measuring devices,316
paving,316
technology implementation,316
wonderware,316
accredited financial counselor (afc),316
utilization,316
nmls registration,316
cpm scheduling,316
exceptional interpersonal skills,316
restock merchandise,316
flexible time off,316
customer service standards,315
student loan repayment assistance,315
families,315
volunteer time off,315
physical strength and agility,315
ms sql server,315
total rewards,315
salesmanship,315
maternalfetal medicine,315
customers,315
u.s. department of education,315
sso,315
montessori,315
oscilloscope,315
medical vision and dental insurance,315
glass cutter,315
clinical director,315
educator resources,315
security engineering,315
psychiatric care,315
health and safety procedures,315
business goals,315
administer medications,315
stabilization,315
strong written communication,314
process safety,314
employee evaluation,314
securities,314
csp,314
record maintenance,314
spectrum analyzers,314
german,314
power platform,314
physical activities,314
apparel,314
analytical problemsolving,314
music lessons,313
income tax,313
access management,313
observational skills,313
msp,313
nhs experience,313
laparoscopy,313
weighing,313
disaster preparedness,313
attendance management,313
substance use disorder,313
long term disability insurance,313
temperature,313
routine maintenance,313
task assignment,313
motion practice,313
consulting skills,313
quality system,313
commvault,313
ssl,313
amazon,313
competitive intelligence,312
uat,312
marketing support,312
developers,312
cad/cam,312
banking procedures,312
depreciation,312
uncapped commission,312
medical and dental benefits,312
cme stipend,312
therapeutic activities,312
medical affairs,312
help desk,312
supply chain planning,312
eeo statement,312
business applications,312
pressure washing,312
medical record review,312
telephony,312
food manager certification,312
advanced excel skills,312
staad,312
source control,312
national electrical code,312
prep sheets,312
expediting,312
crossfunctional communication,311
noninvasive cardiology,311
marketing analytics,311
risk evaluation,311
marine engineering,311
authorization to work in the united states,311
haematology,311
implementing register countertop planograms,311
national provider bls,311
additive manufacturing,311
bls certificate,311
data reconciliation,311
ceu,311
client collaboration,311
research funding,311
virtual counseling,311
lifeguard certification,311
color discrimination,311
bsee,311
juniper,311
sciences,311
uniform allowance,310
offboarding,310
osha 10,310
msw,310
lifting/carrying,310
work life balance,310
palo alto,310
notary public,310
early years learning framework (eylf),310
healthcare professional,310
acgme,310
iso14001,310
discharges,310
computer technology,310
admission,310
eoe,310
data lake,310
homelessness,310
pointofsale (pos) system,310
field testing,310
business continuity planning,310
comprehension,310
distance learning,310
joint commission certification,309
competitive rates,309
tb questionnaire,309
family leave,309
payroll software,309
transactions,309
meeting scheduling,309
store cleanliness,309
medical training,309
agile development methodologies,309
scope definition,309
meteorology,309
scales,309
instructional technology,309
chains,309
practice development,309
employee performance management,309
chest pain center,309
foreign education,309
delivery driver,309
enthusiastic personality,309
data maintenance,309
load balancers,309
relocation reimbursement,309
medical clearance,309
support groups,309
ability to manage multiple projects simultaneously,309
ability to work around food and cleaning products,309
hazmat,309
rehabilitation services,308
measuring,308
dax,308
computeraided design (cad),308
segment routing,308
employee experience,308
relationship development,308
stakeholder relationship management,308
collect payment,308
patient information,308
class 5 driver's license,308
speech pathology,308
remote work options,308
neonatal resuscitation,308
athena,308
b2b marketing,308
keyboard use,308
trauma nurse core course (tncc),307
justice,307
instructions,307
pos transactions,307
positive language,307
w2 position,307
gloves,307
blood pressure,307
equipment operation and maintenance,307
desire to learn,307
project management certification,307
medical device sales,307
competition,307
1099 financial consulting,307
cooccurring disorders,307
disability awareness,307
solar energy,307
build processes,307
birthday off,307
hr business partner,307
truck driving,307
inspecting,307
risa,307
short term disability insurance,307
weights and measures,307
corporate compliance,307
u.s. work eligibility,307
nursing care planning,307
total rewards package,307
heat,307
crisis prevention,306
comprehensive training,306
ftir,306
ability to taste and smell,306
cobol,306
bend,306
therapist,306
general computer skills,306
lasers,306
cpt coding,306
long hours,306
short and longterm disability insurance,306
cook,306
addiction medicine,306
professional nursing experience,306
product detail page optimization,306
maternal fetal medicine,306
superannuation,306
earned value management (evm),306
rics,306
dentist,306
kayaking,305
manufacturing management,305
hydraulic modeling,305
interdepartmental collaboration,305
transport patients,305
lpns,305
web application development,305
ticketing,305
usercentered design,305
corporate accounting,305
commercial experience,305
liability,305
new hire orientation,305
photocopying,305
domestic violence,305
food & beverage,305
account opening,305
dental assisting,305
permanent,305
color theory,305
savings plan,305
overtime opportunities,305
onsite,305
prioritisation,304
information,304
middleware,304
evening shift,304
grievances,304
health and safety legislation,304
ability to work collaboratively,304
social impact,304
expense tracking,304
investment products,304
bls and acls certification,304
unreal engine,304
nursing homes,304
acls certificate,304
information processing,304
production goals,304
cpr and bls certification,304
base pay,304
intellectual disabilities,304
digital banking,304
bachelor's degree in pharmacy,304
finite element analysis (fea),304
sap erp,304
bariatric surgery,304
deadlinedriven,304
security incidents,304
patient triage,303
communication skills (verbal and written),303
autism spectrum disorder (asd),303
providing own transportation,303
transplantation,303
shift,303
cooperativeness,303
dining,303
stair climbing,303
evidence,303
business travel,303
roads,303
water resources engineering,303
artistic design,303
budgeting skills,303
business results,303
discount programs,303
musculoskeletal,303
maintenance technician,303
demand generation,303
environmental policies,303
regulatory environment,303
counting registers,303
independent decision making,303
walk,303
central lines,302
classification,302
veteran,302
whmis,302
state licensing,302
contract interpretation,302
dental and vision coverage,302
medical device manufacturing,302
strong relationships,302
dialysis experience,302
customer service management,302
supplier selection,302
valuations,302
healthcare system,302
abet accreditation,302
unlimited referrals,302
employee coaching,302
solarwinds,301
verbal comprehension,301
healthcare contract work,301
zendesk,301
cgmps,301
cardiopulmonary,301
oral hygiene,301
ultrasounds,301
product engineering,301
intake,301
high school degree or ged,301
sound judgement,301
design control,301
ich,301
technical information,301
domestic and international travel,301
pointofsale,301
worker's compensation,301
product presentation,301
follow company policies and procedures,301
estate administration,301
process safety management,301
special needs,301
shrmcp,301
allied healthcare,301
ux,300
integrated care,300
company paid holidays,300
biomedical science,300
toaster oven,300
independent practice,300
vulnerable sector search,300
ability to lift up to 50 lbs.,300
policy review,300
aesthetics,300
fertility benefits,300
coldcalling,300
cardiologist,300
drug administration,300
master's degree in engineering,300
abo certification,300
college coursework,300
national quality standards (nqs),300
manager on duty (mod),300
technical drawing,300
strategic selling,300
sepsis,300
career counseling,300
market dynamics,299
matching 401k,299
outdoor recreation,299
microsoft office suite (excel word outlook),299
bmi,299
aws tools and services,299
clinical studies,299
sales analytics,299
us driver's license,299
connected culture,299
hot plate,299
group insurance,299
manufacturing equipment,299
integrations,299
behavioral health experience,299
eligibility,299
mental health treatment,299
microsoft dynamics 365,299
planting,298
ability to work evenings weekends and holidays,298
critical path analysis,298
system monitoring,298
adverse weather conditions,298
driving and providing own transportation,298
professional certifications,298
filters,298
latex,298
employee safety,298
manpower management,298
culinary training,298
object oriented programming,298
lease management,298
curriculum planning,298
bid preparation,298
structural steel,298
professional accountability,298
nontraditional hours,298
timesheets,298
venture capital,298
health history,298
data ingestion,298
administrative procedures,298
ability to work with chemicals,297
401k retirement,297
physicals,297
it services,297
ad hoc reporting,297
patient discharge planning,297
design for manufacturability,297
dot medical card,297
patient plan of care,297
cold refrigerated conditions,297
patient followup,297
test methods,297
employee evaluations,297
u.s. gaap,297
cme time,297
doctor of veterinary medicine,297
dental implants,297
regulation,297
risk management framework (rmf),297
licensed vocational nurse,297
proactive communication,297
system performance,297
digital health,297
cpr and aed certification,297
graduate education,297
new york state license,297
loan application,297
boms,297
medical group,296
patching,296
food distribution,296
emg,296
prototypes,296
multiple projects,296
auto repair,296
technical consulting,296
cobit,296
supervision experience,296
military systems,296
travel expenses,296
warehouse environment,296
progressive care,296
eus,296
data verification,296
ability to work nontraditional hours,296
postpartum care,296
business process reengineering,296
home health rn,296
concrete construction,296
courtroom experience,296
openroads,296
gas card,296
strong organizational and time management skills,296
education requirement,296
spirometry,296
drive up,296
strong written and oral communication skills,296
excellent written and oral communication skills,296
chemical science,296
restructuring,296
planning and scheduling,296
disability support,296
working in a fastpaced environment,296
best practice,296
visual communication,296
map reading,295
interpersonal savvy,295
talent,295
pennsylvania,295
interpreting,295
interoperability,295
hotel experience,295
specification,295
freight forwarding,295
refurbishment,295
patient charts,295
mig welding,295
aat,295
laboratory instrumentation,295
tape measure,295
aptitude to build rapport quickly,295
clientcentered care,295
educational psychology,295
ability to use technology,295
omni channel processes,295
professional supervisor references,295
computer architecture,295
career pathways,295
punch lists,295
project budget management,295
clinical goal setting,295
actuarial science,295
case consultation,295
revenue forecasting,295
bachelor's degree in accounting finance or related field,295
covid vaccine,295
counseling experience,295
game development,295
vehicles,294
usda accreditation,294
hedge funds,294
inventory accounting,294
radiology information system,294
labs,294
windows containers,294
immigration sponsorship,294
derivatives,294
independent work ability,294
nurse licensure compact (nlc),294
bridge engineering,294
corporate social responsibility,294
lab management,294
polysomnography,294
financial control,294
product placement,294
health coaching,294
inventory management systems,294
datadog,294
pulmonary,294
speech language pathology,294
skilled nursing care,293
power apps,293
toxic chemicals,293
bacteriology,293
language,293
high attention to detail,293
approachable personality,293
highperformance computing,293
associate’s degree,293
professional advancement,293
process flow diagrams,293
work standards,293
security measures,293
triaging,293
financial consulting,293
leadership ability,293
bachelors of science in nursing,293
no call,293
college experience,293
client coordination,293
tanker endorsement,293
highways,293
work/life balance benefits,293
smartphones,293
archiving,292
banking products,292
deadlinedriven environment,292
previous experience,292
front office management,292
work assignment,292
management foundations,292
doctor of osteopathy (do),292
online onboarding process,292
conservation,292
building science,292
bachelor's in civil engineering,292
act 73 fbi clearance,292
returns processing,292
monitoring systems,292
ability to follow verbal instructions,292
cross training,292
human rights,292
practice,292
reviewing,292
highspeed internet,292
pension contribution,292
loading/unloading,292
written and spoken english,292
humanities,292
stormwater,292
extreme temperatures,292
coatings,291
clinical manager,291
overnight stays,291
vital signs measurement,291
sedation,291
travelcontract nursing,291
roi analysis,291
merchandise organization,291
certified surgical technologist (cst),291
automotive repairs,291
high complexity testing,291
revenue cycle,291
nclexrn,291
ability to communicate,291
compliance audits,291
lessons learned,291
ep,291
healthcare team collaboration,291
analyzing,291
note taking,291
medical staff privileges,291
hardware installation,291
confined space,291
atssa,291
online marketing,291
controlled substance license,291
rootcause analysis,291
instruction following,291
ability to follow instructions and procedures,290
yaml,290
board certified behavior analyst (bcba),290
local laws,290
holiday availability,290
occupational therapists,290
people management skills,290
stoop,290
collective bargaining,290
practice management software,290
collaborate,290
modifications,290
board certified/board eligible,290
ability to build rapport,290
financial education,290
software upgrades,290
preemployment drug test,290
cpi certification,290
project management methodologies,290
program administration,290
okta,290
willingness to learn and grow,290
annual salary,289
it operations,289
a&p license,289
food safety procedures,289
selfreliance,289
air quality,289
reflective practice,289
401(k) retirement savings,289
sales activities,289
tax advice,289
customization,289
tier 1 investigation,289
health insurance coverage,289
cleanliness standards,289
employment verification,289
brazing,289
technology trends,289
ability to stand/walk for 8 hours,289
peer reviews,289
investment sales,289
rail,289
monthly reporting,289
injuries,289
mixers,289
sprockets,289
deposition,289
compassionate patient care,289
trials,289
report development,289
building effective teams,288
milling,288
life support,288
health sciences,288
durable medical equipment,288
business principles,288
formatting,288
shift supervisor,288
cdl license,288
register operations,288
surgical oncology,288
microsoft office suite (outlook word excel),288
critical care unit (ccu),288
human development,288
race,288
direct hire,288
multidisciplinary,288
multidisciplinary approach,288
industry certifications,288
labor control,288
5g,288
advanced practice nurse,288
bachelor's degree in architecture,288
psychosocial,288
rn med surg,287
clinical laboratory technologist,287
catia v5,287
work at heights,287
container orchestration services,287
regulatory agency requirements,287
discharge summaries,287
irs reassignment preference program (rpp),287
restocking returned and recovered merchandise,287
requirements elicitation,287
supplier development,287
transformation,287
nursewallet,287
at least 18 years old,287
casework,287
data handling,287
amazon advertising,287
proactive problemsolving,287
medical experience,287
retail software,287
continuing medical education (cme),287
addiction disorders,287
dental services,287
mohs surgery,287
camping,287
warehouse management systems (wms),287
sales metrics,287
bilingual (preferred),286
network configuration,286
adherence to policies and procedures,286
compounding,286
rfp,286
hazard analysis,286
teller operations,286
public schools,286
meeting planning,286
store cleaning and maintenance,286
aerospace industry,286
p&id,286
public service,286
defi,286
statistical inference,286
service desk,286
fortran,286
uk experience,286
vaccines,286
distribution management,286
job boards,286
morale,286
emdr,286
dds or dmd degree,286
ibc,286
plans and specifications,286
courtroom advocacy,285
illustration,285
front of house,285
branch operations,285
academic credentials,285
banking products and services,285
g suite,285
banking operations,285
aha bls certification,285
support team,285
injury management,285
batteries,285
scheduling skills,285
gearbox,285
process implementation,285
white papers,285
healthcare delivery,285
springboot,285
chronic care,285
safety products,285
cdm regulations,285
paid social,285
safety checks,285
field training,285
briefing,285
united states citizenship,285
inservice programs,285
scheduling systems,285
fleet program,284
property,284
business transformation,284
ce credits,284
economic analysis,284
outcomes,284
training program,284
dusting and mopping store floors,284
joint commission standards,284
system troubleshooting,284
competitiveness,284
retail hotel restaurant grocery or drug store experience,284
personal transportation,284
credit management,284
continuing education units,284
construction oversight,284
ms sql,284
income statement,284
accountable,284
written communications,284
fire prevention,284
furnished housing,284
multispecialty group,284
personal website,284
alcohol service,284
patient restraint,284
shortterm and longterm disability insurance,284
project status reporting,284
character,284
dental software,284
rehabilitation counseling,283
augmented reality,283
semiconductor,283
hazmat endorsement,283
drug discovery,283
mulesoft,283
firearms,283
change,283
selfemployed,283
office experience,283
providing customer service leadership,283
floor care,283
mobile,283
energy modeling,283
fitness coaching,283
memory,283
bachelor degree,283
safety reporting,283
programmatic advertising,283
investor relations,283
clinical guidelines,282
continuing education requirement,282
heat exchangers,282
resourceful,282
customer training,282
food handler card,282
webpack,282
court hearings,282
insurance billing,282
high school degree or equivalent,282
business sense,282
flagging,282
leadership role,282
interview scheduling,282
standing/walking,282
written reports,282
regulatory changes,282
voice,282
ms windows,282
series 7,282
psychodynamic therapy,282
deadlines management,282
tax filings,282
manufacturing industry experience,282
sales maximization,282
food and beverage operations,282
nalto,282
ux/ui design,281
peerreviewed publications,281
document management systems,281
microsoft office skills,281
project work,281
nurse practitioner certification,281
gas,281
accident prevention,281
microscopes,281
open source,281
psychological support,281
medicare advantage,281
facility operations,281
company holidays,281
sit,281
highquality care,281
nonverbal communication,281
ability to work with hands overhead,281
standards development,281
video game knowledge (preferred),281
security+ certification,281
onesite,281
behavior intervention plans,281
divorce,281
lab tests,281
long service awards,281
customercentric,281
minimum qualifications,281
rpa,280
hepatology,280
13 week assignment,280
datadriven approach,280
ca rn license,280
risktaking,280
ability to read and write,280
group health insurance,280
rating,280
manufacturing industry,280
socialization,280
basic accounting,280
supplier relations,280
asce,280
land use planning,280
pet,280
cognitivebehavioral therapy,280
machine learning (ml),280
environmental assessments,280
blood transfusions,280
comptia a+,279
strong technical skills,279
international business,279
rubrik,279
spare parts management,279
math calculations,279
hearing protection,279
401(k) plans,279
engine repair,279
strategic account management,279
verbal orders,279
timberline,279
client counseling,279
social work england registered,279
competitive referral bonuses,279
speed,279
client portfolio management,279
kitchen equipment maintenance,279
radiology information system (ris),279
commercial contracts,279
trauma nurse,279
health and dental insurance,279
vulnerability scanning,278
assistive technology,278
embedded software development,278
chart review,278
project lifecycle,278
advanced cardiac life support certification,278
patch management,278
acpe accredited immunization training program,278
financial planning software,278
pa job,278
building management systems,278
american heart association bls certification,278
sales meetings,278
meal discounts,278
ability to work extended hours,278
ams360,278
measuring tools,278
doctoral degree in psychology,278
veterinary technician,278
exposure to weather conditions,278
design systems,278
confined space work,278
hr compliance,278
professional resources,278
investment planning,278
lectures,278
computational biology,278
state bar membership,278
substations,277
mongo,277
electronic warfare,277
solicitor,277
ability to work various shifts,277
functional design,277
data conversion,277
ccm,277
nursing practices,277
fracgp,277
dollar general values,277
direct sales,277
warranty,277
nondestructive testing,277
drives,277
university,277
weekly payroll,277
signal integrity,277
professional nursing practice,277
epc,277
refer a friend scheme,277
office supplies management,277
primary care experience,277
instructional materials,277
water systems,277
actionoriented,277
title ix,277
case management referrals,277
iep,277
flexible/remote work,277
logistics coordination,277
master of science in nursing,277
office setting,276
home office setup,276
systems implementation,276
data strategy,276
vb.net,276
manufacturing methods,276
portuguese,276
huggingface,276
clinical pharmacy,276
handling merchandise and equipment,276
measuring instruments,276
statistical data analysis,276
toolbox talks,276
opera,276
ability to use tools and equipment,276
technology adaptation,276
engineering documentation,276
responsible,276
disability assessments,276
actuators,276
inventory systems,276
registered nurse (rn) licensure,276
stakeholder coordination,276
dea number,276
front desk management,276
selfdirected learning,276
subacute care,276
therapeutics,276
heavy civil construction,276
selfimprovement,275
telecom,275
company events,275
opentable,275
hazwoper,275
nihss (stroke scale),275
sanitation and safety,275
azure ad,275
design for manufacturing,275
industrial controls,275
fertility assistance,275
technical concepts,275
report writing skills,275
registered nurse experience,275
data systems,275
hnc,275
mowing,275
hygiene and sanitation,275
apache,275
lift,275
paid search,275
electronic health record systems,275
companyprovided housing options,275
marketing management,275
technical issues,275
site inspection,275
threat hunting,275
national provider identifier,275
cpo certification,275
maya,275
12 years of experience,275
excel skills,274
machine setup,274
industry expertise,274
skilled worker sponsorship,274
apache kafka,274
eligibility to work in the u.s. without visa sponsorship,274
absence management,274
zoominfo,274
quality inspections,274
bls for healthcare providers,274
aws cloud,274
follow verbal instructions,274
seismic design,274
licensing requirements,274
slas,274
career planning,274
military leave pay,274
partnership development,274
design criteria,274
windows applications,274
customercentric approach,274
web technologies,274
udp,274
surgical instrumentation,274
desktop publishing,274
associates degree in nursing (a.d.n),274
yardi software,274
documentation and reporting,273
crt,273
animal health,273
materials handling,273
ability to push/pull with arms up to 20 pounds,273
confidential financial disclosure form,273
cnor certification,273
heights,273
sales pipeline,273
transfer,273
general contracting,273
ability to follow directives,273
abaqus,273
cost effectiveness,273
staff evaluation,273
projectwise,273
micrometer,273
epa regulations,273
comfort,273
blueprint interpretation,273
fraud,273
diagnose,273
business opportunities,273
exposure to infectious diseases,273
regulatory filings,273
ashrae,273
recording,273
fulfillment services,273
microsoft active directory,273
deep learning frameworks,272
laboratory equipment operation,272
nurturing,272
first aid and cpr certification,272
community care,272
customer specifications,272
ups systems,272
drawing interpretation,272
radio communication,272
periodontics,272
professional success,272
retirement plan with company match,272
public works,272
lifecycle management,272
container services,272
bachelor's degree in mechanical engineering,272
tfs,272
drywall repair,272
crystal reports,272
temperature extremes,272
debt management,272
project management professional (pmp) certification,272
ipsec vpn,272
neuroradiology,272
mentoring program,272
supplier evaluation,272
graduate medical education,272
florida rn license,272
board certified/eligible,272
client requirements,271
appearance,271
respirator use,271
endpoint security,271
dental surgery,271
ventilator care,271
production methods,271
project scoping,271
nys rn license,271
activities of daily living (adls),271
licensed psychologist,271
realtime systems,271
caregiver education,271
punctual,271
hunting,271
engineering leadership,271
dds/dmd,271
restful api,271
hcpcs,271
kibana,271
bachelor's degree in computer science or related field,271
ability to lift bend and transport merchandise,271
correspondence management,271
labor cost management,271
rad tech,271
urban design,271
retirement options,270
veterinary surgeon,270
cranes,270
project communication,270
cpr (cardiopulmonary resuscitation),270
health screenings,270
ceu reimbursement,270
cleaning procedures,270
product display,270
data warehouses,270
organizational ability,270
product requirements,270
o365,270
janitorial services,270
instructing,270
preschool,270
attention to detail and accuracy,270
flask,270
janitorial equipment,270
age requirement,270
unlimited free ce credits,270
paediatrics,270
group exercise,270
antidiscrimination,270
treatment modalities,270
specimen preparation,269
soc,269
nursing informatics,269
medical equipment maintenance,269
hazop,269
therapeutic services,269
team skills,269
tertiary qualification,269
internal and external audits,269
nmtcb,269
dnv,269
time sheets,269
desire to learn and grow,269
office support,269
saws,269
acceptance testing,269
environmental factors,269
f5,269
aashto,269
data quality management,269
preemployment physical,269
commercialization,269
product delivery,269
chat,269
discounts on cellphones travel electronics,269
5 years experience,269
health and safety protocols,269
music theory,269
production efficiency,269
financial information,269
early mornings,269
gurobi,269
maintenance supervisor,269
contract coordination,268
deltek costpoint,268
synchro,268
credit reports,268
law enforcement experience,268
retirement savings plans,268
quick thinking,268
policy management,268
nursing documentation,268
p&l responsibility,268
advanced practice registered nurse,268
lis,268
motor vehicle record check,268
test and evaluation,268
early intervention,268
pharmaceutical manufacturing,268
quarterly bonuses,268
maintenance procedures,268
software development methodologies,268
store operations management,268
tcl,268
picking,268
inpatient services,268
leed ap,268
postpartum,268
chronic kidney disease,268
completing paperwork,268
per diem allowances,268
capacity management,268
supplier performance management,268
prenatal care,268
ability to manage multiple priorities,268
site investigation,268
va home loans,267
grants management,267
operating room nursing,267
cuttingedge technology,267
dfm,267
oral presentations,267
bachelor of science in nursing (b.s.n),267
evictions,267
mechanical components,267
apps,267
caulking,267
program analysis,267
generous paid time off,267
customer insights,267
level iii nicu,267
taxes,267
forklift license,267
psychosocial support,267
opportunity management,267
clinical advancement program,267
weeding,267
outsourcing,267
related experience/training,267
resident assessment,267
first aid and cpr,267
user testing,267
compilation,267
field visits,267
technical architecture,267
safety program,267
hr administration,267
team approach,267
food safety practices,267
state rn license,266
masters in nursing,266
financial concepts,266
retail environment experience,266
virtual environment,266
crew supervision,266
a+ certification,266
iatf 16949,266
product support,266
programmable logic controllers,266
collaboration tools,266
direct deposit/free checking,266
er/trauma rn,266
supplier quality,266
spreadsheet management,266
asepsis,266
safety engineering,266
food handlers permit,266
metadata,266
ability to use a computer,266
free wellbeing televisits with a psychologist,266
field support,266
site reliability engineering,266
business practices,266
retail knowledge,266
targetdriven,266
requirements engineering,266
physical therapist license,266
ability to stand for extended periods of time,265
objectivity,265
project architect,265
big data technologies,265
emergencies,265
supply planning,265
pump stations,265
automotive tools,265
risk reporting,265
communication tools,265
clarity,265
crossteam collaboration,265
client needs analysis,265
paid vacation time,265
hospitalization,265
profitability management,265
vacation leave,265
surgical technologist certification,265
keras,265
microsoft exchange,265
job training,265
extrusion,265
health plans,265
competitive benefits package,265
task compliance,265
kpi development,265
strong verbal communication,265
commerce,265
calendaring,265
fluid dynamics,265
mediations,264
vacation and sick time,264
respirator,264
marketing communications,264
telemetry monitoring,264
organizational effectiveness,264
web api,264
teambased environment,264
clean front end of store,264
infection control procedures,264
forecasts,264
market development,264
inventory management software,264
educator,264
student loan refinancing,264
visual management,264
foundation design,264
machines,264
office operations,264
invoice management,264
powershell scripting,264
steam,264
credit risk,264
acute care hospital,263
motor controls,263
teladoc,263
ideation,263
patientcentric care,263
roadmaps,263
planogram and merchandise presentation,263
healthcare knowledge,263
quality improvement projects,263
remain in a stationary position,263
family care leave,263
dsd merchandise,263
adverse event reporting,263
kneel,263
comprehensive care,263
health and safety policies,263
etl processes,263
consultative services,263
block scheduling,263
gxp,263
adhering to company security practices,263
candidate screening,263
lifting and moving heavy objects,263
product sales,263
nccpa,263
financial knowledge,263
conceptual skills,263
san francisco fair chance ordinance,263
physical needs,263
1 year recent experience in specialty,263
mlops,263
malpractice insurance coverage,263
rework,263
training and supervision,263
student development,263
case planning,263
jmeter,263
np,263
experiential learning,263
assigning,263
excellent interpersonal and communication skills,263
data synthesis,262
problem escalation,262
millwright,262
consumer electronics,262
internet applications,262
complex projects,262
collaboration with physicians,262
checklists,262
network services,262
tuberculosis testing,262
nocturnist,262
campaign optimization,262
guest seating,262
bls basic life support,262
vpns,262
demolition,262
retail supervision,262
autodesk revit,262
employer branding,262
fitness assessments,262
contract development,262
application evaluation,262
site plans,261
industry events,261
nurse management,261
technical lead,261
bi,261
application architecture,261
flexible vacation policy,261
legal document drafting,261
psychological evaluations,261
pr,261
temperature tolerance,261
boundary surveys,261
microsoft office (excel word outlook),261
process flows,261
process efficiency,261
phones,261
business systems analysis,261
sales generation,261
trust administration,261
excellent time management skills,261
motor vehicle record,261
finishing,261
generous pto,261
aisc,261
usability,261
gantt charts,261
problem definition,261
restocking returned merchandise,261
forensics,261
return to vendor (rtv),261
operating room nurse,261
clinical laboratory testing,261
entrepreneurial environment,261
initiatives,260
teambuilding skills,260
electronic mail,260
reactive maintenance,260
stairs,260
measuring equipment,260
chronic illness,260
psychotropic medications,260
dental technology,260
highway engineering,260
attendance records,260
ipsec,260
research participation,260
siemens nx,260
software security,260
software engineer,260
qlikview,260
inclusion and diversity,260
rcis,260
infrastructure as code (iac),260
analyses,260
facilitating a safe and secure working and shopping environment,260
license reimbursements,260
senior project manager,260
empathetic,260
crew hiring,260
veteran status,260
customer needs assessment,260
capital project management,260
healthcare environment,259
bridge inspection,259
knowledge of medical terminology,259
strong verbal and written communication,259
construction schedules,259
examination,259
warmth,259
tertiary qualifications,259
medical decisionmaking,259
performance goals,259
hazard communication,259
confined space entry,259
team commitment,259
child safety,259
icu rn,259
business trends,259
architecture design,259
conscientiousness,259
relevant work experience,259
vue,259
strong presentation skills,259
cash receipts,259
engineering practices,259
training program development,259
faa,259
clinical nurse,259
medication dispensing,259
allied healthcare staffing,259
irrigation systems,259
iso compliance,259
doctor of chiropractic degree,259
age 18 or older,259
medical expertise,259
reggio emilia,259
weekend call,259
photo editing,258
dashboard creation,258
valid california driver's license,258
action oriented,258
nursing staff,258
physician license,258
california applicant privacy act,258
stand for long periods of time,258
prescribing,258
student evaluation,258
respiratory,258
concrete work,258
sc clearance,258
managerial accounting,258
digital camera,258
esg,258
jama,258
safety plans,258
zookeeper,258
fire,258
security audits,258
prepaid travel and housing expenses,258
wellness plans,258
operating and maintenance instructions,258
accountancy,258
employee assistance plan,258
cytology,258
heavy machinery,258
fluid mechanics,258
reporting and analysis,258
sap experience,258
problemsolving and decisionmaking,258
component selection,258
scalable systems,257
copy machine,257
end stage kidney disease (eskd),257
telehealth clinician,257
recruitment and selection,257
executive assistance,257
experience working with children,257
fellows,257
functions,257
willingness to relocate,257
ability to take initiative,257
blended learning,257
professional journals,257
alarm systems,257
immunotherapy,257
quality measures,257
receiving and unpacking,257
veterinary state license,257
examinations,257
pto plan,257
trading,257
ventilator,257
night and weekend shifts,257
helm,257
neurological disorders,257
employee orientation,257
research opportunities,257
ccu,257
assessing,257
level i trauma center,257
technical publications,256
noise levels,256
recruiter support,256
retirement savings programs,256
patient consultation,256
bonus pay,256
website,256
pc applications,256
air compressors,256
design experience,256
background/security investigation,256
education programs,256
us passport,256
longterm care insurance,256
collaboration and teamwork,256
legal expertise,256
orthopaedic surgery,256
human factors,256
housekeeping management,256
quoting tools,256
master's degree in nursing (msn),256
contrast media administration,256
ability to stand and walk for 8 hours,256
transporting patients,256
learning & development,256
ticketing system,256
attendance and punctuality,256
competitive spirit,256
vehicle diagnostics,256
medical history review,256
hemostasis,256
capas,256
12 hours overnight shift,256
ovens,256
patient relationships,256
tax computations,256
instructor,255
progress evaluation,255
oct,255
partnership management,255
reasonable accommodation for disabilities,255
mobile phone,255
tax analysis,255
data quality assurance,255
optical,255
project lifecycle management,255
controller,255
physical therapy license,255
motor vehicle insurance,255
retaining walls,255
neurosciences,255
infrastructure security,255
tool usage,255
body fluids,255
space management,255
assembly drawings,255
crestron,255
literature,255
automotive parts knowledge,255
following directions,255
performancebased bonus,255
testing equipment,255
healthcare technology,255
law school,255
nfpa 70e,255
customer interface,255
opportunities,255
pharmaceutical industry experience,255
customer relationship management (crm) software,255
multilingual,255
unified communications,255
california license,255
ardms certification,255
ftp,255
optical experience,255
continuing education requirements,255
electronic,254
wellness credit,254
cross functional teams,254
evidence collection,254
clinical intervention,254
archaeology,254
healthcare setting,254
ability to work autonomously,254
sprint planning,254
supply chain optimization,254
protein purification,254
iso 9000,254
engineering support,254
chaplaincy,254
bacnet,254
eagerness to learn,254
vascular access,254
flsa,254
restock returned merchandise,254
call schedule,254
advice,254
quality improvement activities,254
minor procedures,254
mobile medical services,254
relays,254
no weekends,254
network implementation,254
excellent benefits,254
reading and following planogram and merchandise presentation guidance,254
health administration,254
equipment procurement,254
auto mechanic,254
residency programs,254
financial results,253
strong customer service,253
agency experience,253
hedis,253
work schedule flexibility,253
respiratory therapist,253
dmd or dds,253
territory planning,253
clustering,253
high pay,253
coronavirus disease 2019 (covid19) vaccination,253
mortgage lending,253
session notes management,253
electronic medical record (emr) systems,253
ability to lift 25 lbs,253
adaptability and flexibility,253
client facing,253
substation,253
ear piercing,253
students,253
patient care skills,253
gcse,253
costs,253
food safety training,253
fitness instruction,253
free onsite parking,253
advanced cardiovascular life support,253
rehab,253
scientific discipline,253
financial solutions,253
iso 14971,253
rockwell,253
sarbanesoxley,253
referafriend bonus program,253
bls hcp,253
natural resources,253
register countertop maintenance,253
geographic information systems (gis),253
totaling purchases,253
associates degree in nursing (adn),252
calm under pressure,252
precision measuring instruments,252
texas medical license,252
* teamwork,252
confidentiality maintenance,252
solution architect,252
manufacturing process,252
migration,252
wallet,252
rapid response,252
graphs,252
h1b,252
physician assistance,252
ability to learn new skills quickly,252
laboratory information system,252
advance shipping notice (asn),252
defect tracking,252
cisco mds switches,252
administrative services,252
enterprise applications,252
prior authorization,252
display,252
teaching opportunities,252
nonconformances,252
voluntary term life and dependent life coverage,252
hunter mentality,252
vehicle knowledge,252
scientific knowledge,252
roadway engineering,252
therapeutic goals,252
internet skills,252
organizational change management,252
qc,252
hbase,252
secondary education,252
subcontractors management,252
pair programming,252
snmp,252
construction codes,251
medical laboratory,251
good educator,251
np license,251
food handler's permit,251
vaccination requirements,251
chemical safety,251
qsr,251
icd10 coding,251
evening work,251
environmental remediation,251
technical program management,251
monitoring cameras for unusual activities,251
bluepearl university,251
sales floor management,251
qos,251
takeoffs,251
sre,251
nist 80053,251
customer focused,251
client expectations,251
insurance industry,251
adobe analytics,251
administrative responsibilities,251
subject matter experts,251
first aid/cpr certification,251
patient care plan,251
housing or housing stipend,251
float pool,251
microsoft office excel,251
topographic surveys,251
keyword research,251
nfts,251
six sigma green belt,251
data communication,251
capital equipment,251
culinary techniques,251
prince2,251
ptsd,251
corporate communications,251
communication (oral and written),251
serviceoriented,250
cosmetology and/or barber license,250
massage,250
resilient,250
academic support,250
performance bonuses,250
registered general nurse,250
hospital privileges,250
ap,250
computer navigation,250
softwares,250
creative direction,250
matrix organization,250
leadership and management skills,250
motor coordination,250
personal time off,250
smart phone,250
connectivity,250
testing procedures,250
blueprint,250
retail business fundamentals,250
model deployment,250
piping design,250
nlc,250
dosimetry,250
precertification,250
phone support,250
advanced individual training (ait),250
paid advertising,250
inclusive,250
resume submission,250
msa,250
performance appraisal/awards,249
eigrp,249
longterm contracts,249
patient diagnosis,249
timing belt,249
team performance,249
surgical tech,249
scrub nurse,249
technicians,249
manual and finger dexterity,249
intensive care nurse,249
parasitology,249
rental processes,249
statutory compliance,249
renewables,249
adp workforce now,249
groovy,249
skills development,249
gaas,249
p&l statements,249
hud,249
sci eligibility,249
ability to bend,249
longterm disability coverage,249
cloudwatch,249
geometric dimensioning and tolerancing (gd&t),249
healthcare it,249
business process,249
continuous improvement initiatives,249
government relations,249
data infrastructure,248
hospital environment,248
frontend operations,248
medical and dental coverage,248
health psychology,248
inhouse training,248
user requirements,248
aflac,248
decision support,248
proposal creation,248
phone sales,248
relational database,248
power query,248
hybrid schedule,248
conduit,248
regulatory frameworks,248
oracle erp,248
preemployment background check,248
regular,248
staging,248
turbotax,248
als,248
water safety,248
daily reporting,248
medical opinions,248
diverse backgrounds,248
good clinical practice (gcp),248
medical instruments,248
point of sale (pos) systems,248
team engagement,248
10 years of experience,248
extensive menu knowledge,248
lcms,248
portioning,248
consults,248
social emotional learning,248
fire alarms,248
catheters,248
brand strategy,248
progress meetings,248
composites,247
excellent verbal and written communication,247
contractual requirements,247
refunds,247
cpt codes,247
far vision,247
statistical programming,247
committee work,247
bachelor's degree in construction management engineering or related field,247
healthcare construction,247
extramural funding,247
pure,247
equity diversity and inclusion,247
cuda,247
bluebeam revu,247
strong business acumen,247
legally authorized to work in the united states,247
dei,247
insulation,247
clientfacing,247
dod top secret clearance,247
team working,247
enforcement,247
cdc,247
lihtc,247
vehicle allowance,247
hcm,247
10 hour shifts,247
criminal background checks,247
operating instructions,247
vista,246
design coordination,246
municipal pension plan,246
strategic communications,246
hybrid,246
phone triage,246
alerting,246
perioperative,246
tax laws and regulations,246
computer information systems,246
entrata,246
everify participation,246
requisitions,246
ui,246
risk management framework,246
estate agency,246
coverage analysis,246
laptops,246
mrics,246
backlog management,246
continuing education events,246
health and safety training,246
fitness training,246
personal trainer certification,246
personnel development,246
chiropractic care,246
adolescent,246
ability to work in fastpaced environment,246
mvvm,246
organizational change,246
lean methodologies,246
chiropractic,246
uart,246
project reports,246
digital imaging,246
ability to learn and grow,246
current health certificate,246
passion for technology,246
scholarship program,246
friendly attitude,246
telephone handling,245
policy administration,245
management principles,245
governmentissued charge card,245
multistate licensure,245
competitive,245
trupanion pet insurance,245
data sources,245
patient condition,245
functional safety,245
standards of patient care,245
licensed clinical social worker,245
psychological assessments,245
equipment monitoring,245
electrical control systems,245
electronic equipment,245
apprenticeships,245
buying,245
associates,245
material testing,245
fingerprint clearance card,245
teaching license,245
independent living,245
travel assignments,245
production environment,245
odors,245
mental demands,245
comprehensive assessment,245
real estate sales,245
monitoring and evaluation,245
criminology,245
land acquisition,245
insurance law,245
nonexempt,245
marketo,245
2+ years recent experience in specialty,244
threat analysis,244
ot,244
thoracic,244
bilingual (english spanish),244
customer inquiries,244
ethical principles,244
togaf,244
workflow analysis,244
medication monitoring,244
regulated environment,244
python scripting,244
1040 tax returns,244
credit risk management,244
accounts,244
consumer insights,244
evening and weekend work,244
external auditors,244
lease agreements,244
automotive engineering,244
addictions,244
usb,244
load testing,244
multitenant infrastructure,244
irs,244
academic,244
guaranteed stipend: facility cancelled shifts,244
spectroscopy,244
clinical evaluation,244
project finance,244
crisis situations,244
automation engineering,244
database programs,244
epic ehr,244
medical evaluation,244
construction observation,244
passion for education,244
aws certification,244
equality and diversity,244
tax strategies,243
revenue targets,243
family,243
nicet certification,243
communication strategies,243
service plans,243
trainer,243
moving equipment,243
endo,243
nursing policies,243
project evaluation,243
social activities,243
travel nurses,243
oil and gas industry,243
high school or equivalent,243
bdd,243
project deadlines,243
disability confident employer,243
public cloud,243
emtala,243
schedule development,243
registered nursing,243
sales calls,243
california medical license,243
proprietary software,243
outpatient practice,243
cardiovascular surgery,243
saas sales,243
servsafe allergens certification,243
staff support,243
professional memberships,242
do254,242
fillings,242
mobile applications,242
course design,242
traveler empowerment,242
steel design,242
tissue culture,242
bamboo,242
critical care unit,242
respectful,242
criminal history background check,242
traffic management,242
higher education experience,242
campaign planning,242
independent work style,242
drupal,242
jcl,242
data insights,242
gdpr compliance,242
hydrogen,242
totaling,242
osha 10 certification,242
read/comprehend written instructions,242
income statements,242
characterization,242
sigint,242
bsn (bachelor of science in nursing),242
federal experience,242
behavioral interventions,242
ipads,242
first article inspection,242
civil engineering degree,242
sheet metal fabrication,242
product,242
collaborative team,242
waxing,242
timeingrade requirements,242
cst certification,242
ability to work alone,242
chest tubes,242
aftercare planning,242
geriatric population,242
residential care,242
audiovisual equipment,242
ability to lift and carry up to 50 pounds,242
patient recruitment,242
ability to lift 40 pounds,241
alara,241
government agencies,241
aidet,241
legal and moral standards,241
rapport,241
sales prospecting,241
technical oversight,241
mental health experience,241
bls certified,241
dental and vision plans,241
crisc,241
state,241
stormcad,241
waterfall methodology,241
acsm,241
specialists,241
mls,241
bls provider certification,241
environmental education,241
xray technologist,241
changing priorities,241
tips certification,241
settlement,241
google mail (gmail),241
business insights,241
research activities,241
high school diploma or general education degree (ged),241
safe environment maintenance,241
construction coordination,241
kitchen organization,241
nuclear,241
uspto,241
cost efficiency,241
cleaning equipment,241
user access management,241
nursing supervision,241
kaizen events,240
terminal degree,240
negotiating skills,240
good vision,240
customercentric mindset,240
thoracentesis,240
sutures,240
ability to work with a variety of people,240
fitting,240
press ganey,240
controlling,240
customer education,240
health care services,240
game design,240
spanish proficiency,240
microsoft office (excel word powerpoint),240
client progress monitoring,240
wholesale,240
hosting,240
travel employment,240
health informatics,240
reassessment,240
cms standards,240
doctor of osteopathy,240
programme management,240
no state income tax,240
6+ years of experience,240
tuition benefits,240
medication administration program (map),240
pensions,240
naval architecture,240
apics,240
sales drive,240
mailchimp,240
bs in engineering,240
market access,240
cme benefits,240
adolescents,240
ar,240
location,240
psychotherapeutic treatment,240
project schedule management,240
trial,240
solution implementation,240
pig,240
strategic marketing,239
monthly reports,239
equipment testing,239
rmf,239
inventory software,239
multicultural sensitivity,239
art therapy,239
securities law,239
patent litigation,239
comprehensive onboarding,239
nihss stroke scale certification,239
bills of materials,239
case consultations,239
pt,239
medical administration,239
construction principles,239
physical therapists,239
telehealth visits,239
pharmacokinetics,239
financial services knowledge,239
planning and organizational skills,239
strong negotiation skills,239
laboratory collection and processing,239
time and attendance,239
gotomarket strategy,239
optimism,239
move equipment,239
planning/organizing,239
daos,239
quick learner,239
court representation,239
environmental testing,239
chemical manufacturing,239
financial audit,239
tuberculosis screening,239
ltc,239
hvac installation,239
asthma,239
maternity,239
subrogation,239
vanguard,239
evaluation of care,239
piping systems,239
neural networks,238
administrative paperwork,238
bloodborne pathogen exposure,238
logic analyzers,238
scientific methods,238
safety manual,238
flexible spending accounts (fsa),238
risk reduction,238
missiondriven,238
incident handling,238
app,238
case studies,238
professional networking,238
art history,238
brand advocacy,238
preventing medication errors,238
licensed marriage and family therapist,238
organizational support,238
rn pharmacology,238
catering management,238
productivity monitoring,238
juris doctor (j.d.) degree,238
5+ years construction experience,238
bills of material,238
process controls,238
continuum of care,238
medical licensing,238
issue tracking,238
open and close store,238
pcs,238
machine repair,238
clinical proficiency,238
motor vehicle report,238
statistical tools,238
staff mentoring,238
crrt,238
luxury retail,238
systems programming,238
ads,238
arcgis pro,238
computer equipment,238
mindfulness,237
cfp,237
weekend and holiday availability,237
video surveillance,237
fitness programs,237
health care experience,237
workshop facilitation,237
cosmetic dentistry,237
vacation package,237
operate cash register,237
hiring and interviewing,237
cancer treatment,237
fire protection engineering,237
transition planning,237
layouts,237
catering experience,237
license certification and onboarding reimbursements,237
sports coaching,237
army national guard,237
sales plans,237
employee performance evaluation,237
cameras,237
alertness,237
costeffective care,237
life safety systems,237
image analysis,237
ms suite,237
dynamic,237
specialized equipment,237
rotary endo,237
community nursing,237
cpr certified,237
nursing knowledge,237
nvq,237
loss control,237
access to reliable transportation,237
professional integrity,237
change agent,237
lean tools,237
fanuc,237
ability to work around moving parts carts or machines,237
project objectives,237
ahpra,237
sales process management,237
corrections,237
ged certificate,237
power equipment,237
power distribution systems,237
general supervision,236
ethical decision making,236
data standards,236
system optimization,236
modeling and simulation,236
cleanliness and organization,236
infusion,236
field surveys,236
plc troubleshooting,236
tig welding,236
sage intacct,236
radiation exposure,236
teleradiology,236
exceptional communication skills,236
enrollment,236
abilities,236
pull and hold/destroy,236
proficiency in microsoft office,236
microscope,236
human resource business partners,236
icu/critical care nursing,236
financial processes,236
group fitness instruction,236
paralegal certificate,236
daily living skills,236
reporting and documentation,236
equipment utilization,236
project lead,236
mobility assistance,236
401k benefits,236
tracheostomy,236
makeup,236
mfa,236
healthcare stipend,236
product owner,236
insurance underwriting,236
emergency department experience,236
professional engineer registration,236
reiki,236
texas rn license,236
operational experience,236
community integration,236
competition analysis,236
plumbing repair,236
background and credentialing screen,236
vision requirements,235
school administration,235
adhoc reporting,235
line cook,235
ethical,235
credit control,235
social media engagement,235
2+ years of experience in agile practices,235
repair orders,235
dynatrace,235
financial support,235
retail skills,235
court testimony,235
drugfree status,235
cognitive skills,235
flexible working options,235
customer contact,235
existing customer base,235
segmentation,235
osteopathic medicine,235
blueprints reading,235
decarbonization,235
stress resistance,235
military leave,235
prosthetics,235
delivering,235
account manager,235
technical data,235
breast imaging,235
competitive pay packages,235
it solutions,235
crm (salesforce),235
power quality,235
patientcentered approach,235
supportive community,235
food services,235
kitchen skills,235
tax controversy,235
cloud environments,235
second language,235
drive to succeed,235
safety systems,235
food management,235
rendering,235
gsec,235
orders,235
reliable personal transportation,235
feedback collection,234
rotating weekends,234
display building,234
audit procedures,234
backup childcare,234
handson nursing experience,234
radiographer,234
patrolling,234
radiographic equipment,234
competitive salary and benefits,234
supportive team,234
travel insurance,234
typing speed,234
inventory analysis,234
laboratory information system (lis),234
certified safety professional (csp),234
application design,234
catheter placement,234
bioengineering,234
quality requirements,234
customer onboarding,234
electrical distribution systems,234
certified personal trainer,234
pals (pediatric advanced life support),234
population health management,234
tuition assistance program,234
financial advisory,234
bronchoscopy,234
maintain cashier accountability,234
food rotation,234
advanced practice registered nurse (aprn),234
rfi's,234
nys license,233
food handling procedures,233
setup,233
xslt,233
healthcare insurance,233
office supplies,233
scratch cooking,233
usp,233
archways to opportunity,233
health records,233
scientific principles,233
curbside pickup,233
bi tools,233
microsoft software,233
new york,233
construction services,233
short & long term disability,233
assay development,233
tables,233
addon sales,233
b2b sales experience,233
newborn care,233
patient/family teaching,233
selfcontrol,233
loan programs,233
ssn,233
emr experience,233
human resources (hr),233
team interaction,233
collaborative research,233
milestones,232
client solutions,232
collective bargaining agreements,232
rehabilitative nursing,232
client needs assessment,232
virtual reality,232
sales and use tax,232
linear algebra,232
linguistics,232
pmi,232
accounts receivable management,232
medical interventions,232
satisfactory driving record,232
proactive mindset,232
strategic decisionmaking,232
ability to take and follow direction,232
grocery management,232
imaging services,232
software configuration,232
microsoft office word,232
laser,232
dependent care assistance program,232
python programming,232
chemical analysis,232
dialysis therapy,232
personal trainer,232
educational,232
35 years experience,232
architectural,232
planogram execution,232
surgical supplies,232
prescribing medications,232
selfcare activities,232
sales floor operations,232
ethical practices,232
modelbased systems engineering,232
cultural humility,232
uninsured discounts,232
food and beverage experience,232
gynecologic oncology,231
policy and procedure implementation,231
personnel administration,231
maintenance records,231
self motivation,231
design tools,231
aws ultraclusters,231
letter writing,231
equity and inclusion,231
state and federal laws,231
cooling towers,231
sscp,231
authorizations,231
oee,231
pharmacist license,231
food service operations,231
impulse sales,231
operational standards,231
anxiety treatment,231
staff nurse,231
authorizing refunds,231
proteomics,231
accommodation for disabilities,231
radiographs,231
medical orders,231
retail industry,231
gis software,231
merchandise flow,231
13week assignment,231
emails,231
chart of accounts,231
clinical staff,231
settlement negotiation,231
laravel,231
ethics and compliance,231
bachelor's degree in construction management,231
cad drawings,231
prosthodontics,231
sales building,231
machine design,231
early childhood development,231
civil engineering technology,231
microsoft office suite (word excel outlook powerpoint),231
fbi clearance,231
quality control standards,231
stockroom,230
faculty meetings,230
passion for customer service,230
property & casualty insurance,230
automotive service,230
subversion,230
audio,230
prior authorizations,230
strategic decision making,230
management reports,230
material takeoffs,230
physical support,230
ip protocols,230
manuscript writing,230
farming,230
company procedures,230
psychological evaluation,230
wet chemistry,230
investment training,230
rabbitmq,230
4year degree,230
short circuit,230
steel structures,230
uk work eligibility,230
mental health evaluations,230
health care delivery,230
housekeeper,230
training plans,230
construction regulations,230
physical medicine and rehabilitation,230
standard costing,230
personalized care,230
ul,230
multiple project management,230
snf,230
trouble shooting,230
cloning,230
licensure requirements,230
authorization to work in the u.s.,229
engines,229
shrink,229
iteration,229
frequent travel,229
it audit,229
osi model,229
food and beverage preparation,229
microstrategy,229
scientific communication,229
parent training,229
or nurse,229
social support,229
planned maintenance,229
continuous improvement projects,229
constructive criticism,229
bigquery,229
income protection,229
aerospace manufacturing,229
industry associations,229
patient screening,229
efficiency optimization,229
proficient in microsoft office,229
assignments,229
public health nursing,229
purification,229
enterprise resource planning (erp) systems,229
ocn,229
qlik,229
alphabetizing,229
diverse perspectives,229
system management,229
logs,229
epic systems corporation  epic systems corporationidentity,229
pipe fitting,229
highway construction,228
fans,228
auditing standards,228
cleaning and sanitizing,228
bachelor's degree in human resources,228
master's degree in counseling,228
hyperbaric oxygen therapy,228
federal and state laws,228
circuit breakers,228
ap/lp,228
product evaluation,228
resident satisfaction,228
network+,228
trade school,228
national origin,228
drugfree,228
federal,228
visual inspections,228
amazon management,228
product merchandising,228
holiday shifts,228
mathematical operations,228
vpc,228
retail stocking,228
ad hoc projects,228
moving patients,228
manufacturability,228
genetic counseling,228
bls (basic life support) certification,228
language proficiency,228
analytical instrumentation,228
soil sampling,228
aws lambda,228
echocardiograms,228
echo,228
state bar admission,228
protection,227
dealing with ambiguity,227
clinical practice guidelines,227
customer experience management,227
ultrasound technology,227
data summarization,227
itil certification,227
work prioritization,227
prescreening,227
agespecific care,227
medical device experience,227
open roads,227
contract specifications,227
utility design,227
ability to lift 50 lbs.,227
servesafe certification,227
public service loan forgiveness program,227
paperwork management,227
facebook ads,227
bachelor's degree in accounting or related field,227
policy changes,227
bachelor's degree in finance or accounting,227
hybrid work arrangement,227
problem solving/decision making,227
data acquisition systems,227
national security,227
surgical assistance,227
supportive services,227
metadata management,227
social distancing,227
material handling equipment operation,227
visualization tools,227
crane operation,227
clinical nurse specialist,227
compensation analysis,227
banner,227
ambiguity,227
fees,227
veteranowned,227
onboarding cost coverage,227
envoy,227
caseware,227
mcse,227
taste,227
employee health,226
i&d,226
multimeter,226
patient care activities,226
specialized care,226
corrective measures,226
time off package,226
startups,226
accounting policies and procedures,226
nys driver's license,226
alcohol awareness certification,226
inventory optimization,226
trustworthy,226
requirements:,226
ccm certification,226
12 years experience,226
canvassing,226
drug free workplace,226
written and verbal skills,226
work breakdown structure,226
practice paid basic life insurance,226
antivirus,226
share oncall responsibilities,226
mechanical parts,226
salary range,226
nursing administration,226
rams,226
rota management,226
kpi achievement,226
hazardous waste disposal,226
micn,226
history taking,226
return on investment,226
annual performance bonus,226
adolescent care,226
digital engineering,226
personal leave,226
ontime delivery,226
service agreement,225
ability to lift 10 pounds,225
onsite gym,225
backup systems,225
memory care,225
family communication,225
disease processes,225
bar membership,225
retirement contributions,225
itemizing purchases,225
geotechnical,225
cancelation protection,225
civil design,225
host,225
user guides,225
clinical programs,225
media sales,225
supplier audits,225
distribution systems,225
progress,225
trustbuilding,225
ccs,225
information retrieval,225
development programs,225
iv administration,225
monthly bonus,225
event organization,225
tax free per diems or furnished housing accommodations,225
epic systems corporation,225
registered architect,225
microsoft office (outlook word excel),225
sales supervision,225
api management,225
sales objectives,225
kitchen preparation,225
driver management,225
sales performance analysis,225
lab experience,225
industrial relations,225
cardiac rehabilitation,225
priorities,225
cleaning restrooms and stockrooms,225
monitoring tools,225
games,225
patient throughput,225
triggers,225
bag merchandise,225
management accreditation program,225
401(k) with match,225
top secret/sci clearance,225
bending over,225
building codes and regulations,225
vocational rehabilitation,225
ice,224
planogram management,224
free gym membership,224
deescalation training,224
gmp (good manufacturing practices),224
guaranteed daily rate,224
benefits management,224
insurance industry knowledge,224
gdp,224
moderate sedation,224
cypress,224
technical instructions,224
sales floor maintenance,224
ability to work 45 hours per week,224
agency management,224
ability to walk,224
certified registered nurse anesthetist (crna),224
floating holiday,224
auto liability insurance,224
pushing and pulling,224
reporting systems,224
model development,224
presentation materials,223
customer advocacy,223
basic computer proficiency,223
performancebased bonuses,223
software requirements,223
property & casualty,223
generosity,223
ability to bend at the waist,223
eye care,223
nexus,223
tax filing,223
independent medical assessments,223
knowledge of cash handling procedures,223
supportive,223
dependable vehicle,223
team dynamics,223
warehouse equipment,223
company sponsored certifications,223
product features,223
festivals,223
ms visio,223
preferences,223
sick and vacation time,223
ofac,223
taste and smell,223
medium voltage,223
social media analytics,223
home dialysis,223
telemetry experience,223
aha certification,223
waste,223
enhancements,223
personalized lessons,223
bachelor's degree in finance,223
operating rooms,223
work direction,223
sourcing strategies,223
essbase,223
licensure assistance,223
passion for learning,223
brainstorming,223
automotive manufacturing,223
green card,222
joint ventures,222
international experience,222
radiology technician,222
property and casualty,222
pharma,222
or experience,222
registered professional engineer,222
consumer lending,222
gaap compliance,222
clinical studies program,222
cnas,222
selfstarter attitude,222
acas,222
groundup construction,222
art direction,222
ability to work independently and collaboratively,222
refrigerated conditions,222
fulltime hours,222
clean code,222
sop development,222
building inspections,222
weight loss and tobacco cessation programs,222
hemodialysis therapy,222
accredited school,222
service industry experience,222
connections,222
emergency medical technician,222
representation,222
industry research,222
bachelor's in electrical engineering,222
electronic components,222
menu management,222
outbound sales,222
organization and time management,221
cost modeling,221
flex time,221
audit experience,221
voting,221
healthcare education,221
no experience required,221
handson,221
production schedule,221
paid breaks,221
international relations,221
intrusion detection systems,221
chemical hazards,221
level iii trauma center,221
multicultural environment,221
highly organized,221
customer expectations,221
performance marketing,221
nursing policies and procedures,221
microsoft technologies,221
psychosocial needs,221
analog circuit design,221
psychologists,221
montgomery gi bill,221
safety and health,221
liquor laws,221
positive,221
work procedures,221
financial wellbeing,221
top paying contracts,221
driving experience,221
set up sidewalk displays,221
personal time,221
sonographer,221
u.s. government security clearance,221
inquiries,221
creative development,221
pointofsale system,221
biopsy,221
safety care,221
safety focus,221
hairdressing,221
team work skills,220
program/project management,220
auto parts knowledge,220
physical care,220
nights and weekends,220
keyboarding skills,220
opportunities for advancement,220
safe and secure environment,220
technical understanding,220
customer segmentation,220
accident investigations,220
colonoscopy,220
mssql,220
cost monitoring,220
llm,220
clinical educator,220
office duties,220
vectordbs,220
statement of teaching philosophy,220
atssa certification,220
fuel card,220
quantity tracking,220
ability to work outdoors in various climates,220
dental practice,220
mortgages,220
data backup,220
7+ years experience,220
change requests,220
regression,220
prequalification,220
product positioning,220
cqc,220
crm (customer relationship management),220
public sector experience,220
online banking,220
recommendation systems,220
energy transition,220
food safety management,220
commercial lines insurance,220
diverse work environment,220
financial compliance,220
data lineage,220
purchase requisitions,220
humidity,220
fixed asset management,220
service contracts,220
microsoft office suite (outlook word excel powerpoint),220
datadriven instruction,220
budget administration,220
tuition,220
food execution,220
wireless technology,220
operational processes,220
lean manufacturing principles,220
weather resistance,220
azure cloud,220
ability to meet deadlines and handle multiple projects simultaneously,219
case preparation,219
developmental delays,219
team atmosphere,219
video communication software,219
collaborating,219
case strategy,219
grpc,219
land use,219
case reviews,219
api gateway,219
student recruitment,219
kantime,219
private health insurance,219
topsecret clearance,219
asphalt,219
veterinary,219
trend identification,219
microsoft power point,219
data sharing,219
sales license,219
positive working relationships,219
medical specialties,219
coursework,219
applied physics,219
healthcare operations,219
commercial lines,219
rrsp,219
ability to work with children,219
hvac repair,219
alterations,219
tax structuring,219
grant proposals,218
sterile field maintenance,218
tb testing,218
team mentoring,218
interdisciplinary approach,218
project scope management,218
pa license,218
computer data entry,218
punch list management,218
data preprocessing,218
healthcare policy,218
adobe premiere,218
child abuse reporting,218
progression opportunities,218
patient care standards,218
renovations,218
electrical hazards,218
patient care technicians,218
individual and group counseling,218
ability to work in a physically demanding environment,218
hypertension,218
design codes,218
associate discounts,218
cdk,218
fastpaced environments,218
six sigma certification,218
warranty management,218
logistics planning,218
clinical supervisor,218
quality of service,218
warehouse management system (wms),218
large language models,218
glaucoma,218
imaging techniques,218
florida driver's license,218
network performance,218
commitment to safety,218
sales optimization,218
dietary restrictions,218
movement disorders,218
hourly rate,218
ability to work rotating shifts,218
lawson,218
culinary expertise,217
dental instruments,217
pipefitting,217
online university tuition discount,217
purpose,217
speech recognition,217
tactical planning,217
verbal/written communication,217
contract execution,217
nfpa codes,217
salon experience,217
solar sales,217
inperson work,217
multifamily property management,217
motivational attitude,217
intercompany transactions,217
root canals,217
it proficiency,217
asc 740,217
plan reading,217
* communication skills,217
accredited nursing school,217
referral management,217
assemblies,217
value selling,217
ct imaging,217
ip networking,217
offensive security,217
holds self accountable,217
clinical interventions,217
leed accreditation,217
autocad civil3d,217
international tax,217
storm water management,217
ethical guidelines,217
small group instruction,217
suctioning,217
bids,217
usda regulations,217
va,217
training resources,217
arrt license,217
presentation development,217
wound care certification,216
childcare vouchers,216
sprinkler systems,216
breast surgery,216
corporate policies,216
security concepts,216
temporary,216
written english,216
flow,216
bar management,216
fuel systems,216
reaching overhead,216
client representation,216
long term care (ltc),216
in hospital cash plans,216
teaching and training,216
practice ownership,216
wireless sales,216
dietitian,216
ppto,216
reputation management,216
dnp,216
reinsurance,216
leadership communication,216
refrigeration systems,216
incentive program,216
eventdriven architecture,216
leave management,216
patient progress,216
hipaa guidelines,216
change controls,216
position management,216
dvm/vmd degree,216
hydrocad,216
ba/bs,216
acutecare setting,216
electric vehicles,216
multitasking abilities,216
analytical reasoning,216
intake assessments,215
monitoring equipment,215
property accounting,215
u.s. news & world report,215
preconstruction meetings,215
cashier accountability and deposit control,215
cell phone reimbursement,215
physician and physician assistant job search,215
cis,215
sales and profitability,215
resourcing,215
conceptualization,215
403(b) plan,215
competitive landscape,215
avatar,215
psychiatric rehabilitation,215
pointofcare testing,215
code optimization,215
8hour shift,215
bodily fluids,215
affirmative action/equal opportunity employer,215
paid media,215
business process optimization,215
ediscovery,215
level 1 trauma center,215
quality control testing,215
virtualization technologies,215
lean techniques,215
weather tolerance,215
health plan,215
treatment services,215
production reporting,215
clinical guidance,215
sales data analysis,215
writing sample,215
j.d.,215
computing,215
exercise prescription,215
concept design,215
problem identification and resolution,215
life insurance/ad,215
gaming,215
field inspection,214
design solutions,214
senior living,214
survey design,214
llms,214
security policies and procedures,214
uk healthcare experience,214
chart reviews,214
ui/ux,214
legal standards,214
cantonese,214
physician's orders,214
communication with parents,214
daytoday operations,214
ambulation assistance,214
caseload,214
masters,214
lease renewals,214
member experience,214
inventory reconciliation,214
athletic apparel,214
provisioning,214
pipetting,214
molding,214
scoping,214
coupa,214
mbbs,214
production records,214
automotive state inspector license,214
staffing solutions,214
bip output,214
hr processes,214
personcentered approach,214
profibus,214
3+ years field supervision experience,214
user interface,214
aml,214
manipulating,214
honeywell,214
mbse,214
project governance,214
nationwide contract opportunities,213
patient care documentation,213
holiday time,213
cadence,213
network deployment,213
cash registers,213
procedural skills,213
safe patient care,213
product improvement,213
commercial banking,213
seller central,213
medical support,213
road construction,213
bonus programs,213
proficiency in spoken and written english,213
sentryone,213
audit reports,213
comprehensive stroke center,213
video communication,213
associate's degree (preferred),213
restaurant industry,213
physical lifting,213
financial industry experience,213
medical assistance,213
defect management,213
bachelor of science in engineering,213
strong time management skills,213
casual dining,213
completeness,213
electrical theory,213
ipam,213
cardiovascular technology,213
beverage service,213
hnd,213
mdx,213
college transcripts,213
participation,213
metalworking,213
minimum supervision,212
mentorship programs,212
product costing,212
brokerage,212
punch list,212
rdms,212
observations,212
physical disabilities,212
microsoft certifications,212
lumion,212
client interface,212
business banking,212
circuit analysis,212
travel nursing central,212
sap s/4hana,212
car maintenance,212
australian citizenship,212
e1 interactive applications,212
first class medical certificate,212
wellness incentives,212
sales coordination,212
maintaining strict cashier accountability,212
aetna ppo,212
cleaning restrooms,212
healthcare facility,212
accidental death & dismemberment insurance,212
welcoming,212
corporate,212
print,212
bilingualism (english/spanish),212
variance reporting,212
designbidbuild,212
power delivery,212
excepted service,212
problem diagnosis,212
brand guidelines,212
3d design,212
extracurricular activities,212
brand experience,212
staffing and scheduling,212
supervisory/management experience,211
associate training,211
month end close,211
medical surgical (med surg),211
incentive compensation,211
juicing machine operation,211
preceptoring,211
tissue processing,211
client records,211
low voltage systems,211
safety orientation,211
management systems,211
shift meals,211
personal appearance,211
ccc one,211
sales goal achievement,211
bls/bcls certification,211
sales presentation,211
brc,211
college or university degree,211
selfaccountability,211
clinical notes,211
software programming,211
postdoctoral experience,211
social security,211
practice paid short and longterm disability,211
quality and safety,211
preschool education,211
computerized scanner equipment,211
radius,211
national electrical code (nec),211
vfd,211
m.d.,211
operations supervision,211
dental assistant,211
ability to operate a motor vehicle,211
insurance industry experience,211
tablet usage,211
providence,211
ignition,211
pacing,211
active nursing license,211
passion for helping others,211
market penetration,211
development plans,211
phone systems,211
tolerance analysis,211
emr documentation,211
longrange planning,210
site safety,210
training and development skills,210
scope,210
collaborative leadership,210
remote,210
committee service,210
literacy skills,210
manpower planning,210
creative design,210
registered nursing license,210
promotion potential,210
orientation programs,210
performance improvement activities,210
training facilitation,210
fcc restricted radio operator's permit,210
user documentation,210
wrapping,210
copd,210
full range of body motion,210
special needs education,210
personal assistance with finding housing,210
training participation,210
highly motivated,210
telepsychiatry,210
jest,210
lab results,210
business partners,210
efiling,210
organizational policies,210
environmental legislation,210
medication preparation,210
guaranteed salary,210
financial objectives,210
administering medications,210
engineering discipline,210
capital budgeting,210
public engagement,210
mixology,210
bas,210
privacy policy,210
rvt,210
rca,210
collision repair,210
administrator,210
raises,210
team member development,210
business services,210
environmental requirements,210
follow through,210
nhs pension,210
legal research and analysis,209
cerebral palsy,209
criminal record certificate,209
signal generators,209
consulting services,209
experiments,209
ingenuity,209
mainframe,209
viewpoint,209
care plan implementation,209
fault tolerance,209
hand hygiene,209
ability to relocate,209
apartment maintenance,209
ability to work unsupervised,209
compliance reporting,209
national quality standards,209
industrial safety,209
human resources policies,209
special procedures,209
specialized recruiter,209
businesstobusiness (b2b) sales,209
exit interviews,209
internet connection,209
epicor,209
bill of materials (bom),209
store security,209
marketing initiatives,209
cpd allowance,209
commercial tax preparation software,209
ability to read/comprehend written instructions,209
401k retirement savings,209
training evaluation,209
search engine optimization,209
patient charting,209
sports management,209
organizational management,209
psychiatric diagnosis,209
h1b sponsorship,209
dental associations,209
24hour support,209
healthcare law,209
selfinitiative,209
peripherals,209
statistical reports,209
patient portal,208
ana code of ethics,208
attention to details,208
deadline meeting,208
student achievement,208
azure functions,208
health science,208
product pricing,208
bachelor's degree in science,208
free ceus,208
medical facilities,208
windows servers,208
community service hours,208
accidental insurance,208
ability to work in cold temperatures,208
bc required,208
mycology,208
friendly demeanor,208
paid life insurance,208
information science,208
employee morale,208
back of house operations,208
channel management,208
technical diploma,208
operating room technician,208
cosmetic dermatology,208
401(k) & esop,208
linen management,208
ability to bend at the waist with some twisting,208
positive demeanor,208
recommendation,208
primary health care,208
animal science,208
adobe premiere pro,208
assessment tools,208
nurse practitioner board certification,208
4+ years experience,208
ambulatory,208
mds,208
information technology (it),208
ppm,208
ability to follow policies and procedures,208
solutionfocused therapy,208
retail industry experience,208
shift flexibility,208
psychiatrists,208
monday.com,208
coordination of patient care,208
meat processing,208
botany,208
wagestream,208
claims investigation,208
savings,208
furnished housing accommodations,208
box,208
patient records management,208
transfusion medicine,207
numerical reasoning,207
wealth planning,207
working with children,207
software configuration management,207
ehs management,207
p&l accountability,207
licensed registered nurse,207
hydraulic analysis,207
cercla,207
action orientation,207
rounding,207
environmental policy,207
linux/unix,207
change supply,207
vha directive 1193.01,207
visual and hearing acuity,207
ms office (word excel outlook),207
advocacy skills,207
covid19 protocols,207
agile delivery,207
pcu rn,207
radio,207
employee recruitment,207
intelligence community,207
health care coverage,207
campaign development,207
u.s. driver's license,207
pipeline development,207
machine tools,207
ability to perform mathematical calculations,207
react js,207
technology management,207
documentation completion,207
job hazard analysis,207
respiratory protection,207
progressive discipline,207
customer service excellence,207
cic,207
bluetooth,207
arc flash,207
business succession planning,207
business support,207
dream job,207
eligibility determination,207
breeam,207
web 3.0,207
erp/mrp systems,207
econometrics,207
email correspondence,207
massachusetts license,207
autodesk inventor,207
medical charting,207
enterprise resource planning,207
smartsheets,207
molecular diagnostics,207
patient's bill of rights,206
financial wellness,206
fingerprint clearance,206
uk,206
sixsigma,206
product liability,206
tele rn,206
depression treatment,206
jdbc,206
assistant professor,206
process monitoring,206
13 years of experience,206
efficient,206
quality inspector,206
office technology,206
closeout,206
external funding,206
nurse practitioner national board certification,206
labor costs,206
vissim,206
english as a second language classes,206
budgetary management,206
associate engagement,206
pdca,206
moodle,206
news production,206
financial principles,206
point of sale (pos),206
aws certifications,206
electrical controls,206
mechanical ability,206
teaching hospital,206
pharmacy technician license,206
aha acls,206
ct certification,206
acr,206
shadowing,206
requirements documentation,206
early years education,206
easypower,206
geometric dimensioning and tolerancing,206
internet browsers,206
corrective and preventive actions,206
educational planning,206
good clinical practices,206
tax returns preparation,205
production reports,205
shared leadership,205
google earth,205
ability to pass background/urine drug screening,205
arterial lines,205
valueselling methodologies,205
new construction,205
haccp guidelines,205
learning ability,205
laboratory maintenance,205
controllers,205
fixture design,205
driving skills,205
economic development,205
web portal,205
hsa/fsa,205
cap requirements,205
petty cash,205
field service technician,205
lease accounting,205
quality assurance/quality control,205
influence skills,205
interdisciplinary research,205
project milestones,205
safe working practices,205
rotating merchandise,205
hardware support,205
electronic test equipment,205
unit management,205
industrial manufacturing,205
microsoft office suite (word excel),205
critical care rn,205
regulatory due diligence,205
onestream,205
meet deadlines,205
staffing needs,205
restaurant cleanliness,205
front office,205
premiums,205
project estimating,205
report analysis,205
equipment inventory,205
british standards,205
extreme weather conditions,205
simulation tools,205
deferred compensation,205
climate controlled environment,205
energy industry,204
clinical activities,204
enduser training,204
credits,204
lead teacher,204
make change,204
adaptability to change,204
digital forensics,204
team leadership skills,204
field supervisor,204
office equipment usage,204
clinical pastoral education,204
cell therapy,204
teradata,204
own transportation,204
electronic medical documentation,204
website maintenance,204
hospitality skills,204
merchandise discount,204
techsavvy,204
mulching,204
calculation,204
insurance regulations,204
caregivers,204
clinical information,204
micros,204
oxygen administration,204
civil procedure,204
certified public accountant,204
rehabilitation therapy,204
must be at least 18 years of age,204
teaming,204
bosch,204
purchase order processing,204
english grammar,204
career transition assistance plan,204
crossfunctional team,204
mobile apps,204
financial policies,204
healthcare systems,204
patient examination,204
childcare discount,204
forward thinking,203
general cleaning,203
legal document preparation,203
group fitness,203
commencement bonus,203
procedure,203
judgment and decision making,203
u.s. security clearance,203
employees,203
orthopedic care,203
evidence gathering,203
social housing,203
ability to provide excellent customer service,203
medical appointments,203
credit cards,203
ad hoc analysis,203
queries,203
budget oversight,203
infoblox,203
embedding,203
adoption and surrogacy expense reimbursement,203
personal and professional development,203
data sheets,203
esthetics,203
business requirements analysis,203
physical management,203
student records,203
approachable,203
private schools,203
ethisphere institute,203
multifamily housing,203
financial freedom,203
computer networks,203
paid bereavement leave,203
pension contributions,203
fast learning,203
medical dermatology,203
tuition discount,203
electrical diagrams,203
meeting organization,203
technology evaluation,203
dressings,203
localization,203
proficiency with microsoft office suite,203
cost engineering,203
fidelity 401k,203
team leadership experience,203
registered manager,203
nursing plan of care,203
accounting practices,203
final inspection,203
medical issues,203
sustainment,203
partnership track,203
dialysis nursing,203
core mandatory part ii (nursing),203
workplace diversity,203
health care team,203
cooling systems,203
mobile banking,203
volunteering opportunities,203
financial projections,203
surgeon,203
treatment procedures,202
project reviews,202
splicing,202
remodeling,202
schematic diagrams,202
case management systems,202
receptionist duties,202
epic emr system,202
employee counseling,202
general construction,202
pci dss,202
medical imaging equipment,202
hmo,202
upskilling,202
ability to pass background check,202
charter member of nalto,202
technology development,202
behavior analyst,202
performance coaching,202
pacs system,202
staffing requirements,202
unit supply specialist,202
successfactors,202
animal husbandry,202
ability to manage multiple tasks,202
outbound calling,202
api security,202
evening and weekend availability,202
welcoming attitude,202
sales coaching,202
client servicing,202
legal databases,202
mental health therapist,202
bonus plan,202
warehouse management system,202
liberal arts,202
plc systems,202
cfe,202
industrial equipment,202
acoustics,202
projectbased learning,202
teaching certificate,202
lifting up to 25 pounds,202
configuration control,202
sales culture,202
1+ years of restaurant leadership experience,202
ml,202
ability to operate a cash register,202
data storytelling,202
ability to motivate and inspire others,202
rounds,202
profit management,202
ccna certification,202
spanish language skills,202
healthcare compliance,202
cpc,202
hand use,202
data submission,202
impella,202
home health aide supervision,202
medication safety,202
brand marketing,202
site layout,202
substance misuse,201
staff leadership,201
radar systems,201
uk gaap,201
quantitative methods,201
security responsibilities,201
linkedin recruiter,201
aanp,201
personal lines insurance,201
outcome evaluation,201
safe care,201
appliance usage,201
work ethics,201
clientfocused,201
hvac design,201
general labor,201
clinical pathology,201
strategic analysis,201
protobuf,201
doctor of veterinary degree,201
audiometry,201
nfpa standards,201
drug and alcohol screening,201
data sets,201
selfscheduling,201
software updates,201
microprocessors,201
sling tv,201
delphi,201
blood drawing,201
bsn or msn,201
microsoft office (outlook excel word),201
diversity equity & inclusion,201
evaluation skills,201
federal labor laws,201
drugs,201
pediatric advanced life support (pals) certification,201
engineering services,201
ability to work in a standing position for extended periods of time,201
manual therapy,201
knowledge of community resources,201
monitor,201
code quality,201
statement of work,201
statements of work,201
customized benefits package,201
window cleaning,201
maintenance instructions,201
pilot,201
job security,201
qts,201
businesstobusiness (b2b),201
business development skills,201
error correction,201
tool maintenance,201
high school diploma or equivalent (ged),201
diagnostic assessments,200
ability to climb stairs,200
inhouse lab,200
targeting,200
data representation,200
inhouse laboratory,200
cooperative working relationships,200
team member engagement,200
company laptop,200
pointofsale service,200
quality management systems (qms),200
agile engineering practices,200
it architecture,200
supplier qualification,200
matching students with tutors,200
prognosis,200
fresenius kidney care,200
pet/ct,200
quality review,200
technical capabilities,200
flexible housing,200
intuit turbotax,200
technology knowledge,200
bending/stooping,200
patient record keeping,200
dropbox,200
employment equity,200
medical practices,200
slicers,200
related work experience,200
auto parts,200
linux administration,200
replacement,200
projections,200
treatment programs,200
uniform guidance,200
cdm,200
bmw,200
ltl,200
devices,200
license coordination,200
sla management,200
food handler's card,200
insurance experience,200
fine dining experience,200
buildings,200
truck maintenance,200
backup and recovery,200
ptin,200
ablation,200
ct tech,200
laboratory instruments,200
idea generation,199
24hour customer service,199
great clips brand experience,199
supportive workplace,199
virtual health care,199
strategic sales,199
training and orientation,199
oracle cloud,199
personal tax,199
treatment implementation,199
frequent walking,199
work management,199
process modeling,199
bonus system,199
regulation compliance,199
anatomic pathology,199
401(k) with company matching,199
deep cleaning,199
two years of experience,199
western blot,199
medication reminders,199
tuition remission,199
business office manager,199
performancebased advancement,199
paid private housing,199
employee wellbeing,199
peer consultation,199
consolidations,199
professional office environment,199
e1 batch application,199
allied professionals,199
atlassian,199
dsc,199
reading and writing skills,199
digital skills,199
activity planning,199
imaging studies,199
restaurant discounts,199
xray imaging,198
data recovery,198
ability to work in a fast paced environment,198
clinical applications,198
construction management degree,198
health standards,198
storage management,198
volunteer days,198
deposit controls,198
turnover,198
productivity analysis,198
theatre,198
shared call,198
therapy services,198
ge,198
inventory processes,198
urgent care experience,198
filtration,198
petrochemical,198
dental treatment,198
tactical execution,198
workshop management,198
clinical social worker,198
lan/wan,198
ability to reach,198
bind,198
laboratory technician,198
information governance,198
scope development,198
editing skills,198
lidar,198
health and social care,198
ability to scan handle and move merchandise efficiently and safely,198
device drivers,198
identification,198
clean work environment,198
child abuse prevention,198
transitions of care,198
national patient safety goals,198
security training,198
technical development,198
tuition discounts,198
national provider identifier (npi),198
bachelor's degree in education,198
safetysensitive position,198
service level agreements (slas),198
comprehensive benefit package,198
general contractor,198
food costs,198
sql databases,198
advanced training,198
laboratory environment,198
dob,198
willingness to learn and adapt,198
hdr,198
event setup,198
product sampling,198
massachusetts,198
food handlers card,198
anaplan,198
measurement tools,198
cpd assistance,198
strength and conditioning,198
working in confined spaces,197
quality documentation,197
assisted living facilities,197
tb screening,197
attendance monitoring,197
registered professional nurse license,197
chartered status,197
relocation stipend,197
career coaching,197
volunteer experience,197
manufacturing systems,197
cultural fit,197
4 years of experience,197
security analysis,197
virtual machines,197
pdm,197
5s standards,197
opportunity for growth,197
dell,197
construction staking,197
systemverilog,197
pharmacy degree,197
marriage and family therapist,197
carpet cleaning,197
serverless,197
modern offices,197
physical evaluation,197
production coordination,197
ability to work in a safe manner,197
research ethics,197
chronic care management,197
teacher,197
tagging,197
cds,197
stock supplies,197
gis mapping,197
policy writing,197
construction monitoring,197
foreign languages,197
chinese,197
itil processes,197
ptcb certification,197
24/7 clinical support,197
visualforce,197
mining engineering,197
business english,197
newforma,196
standardized recipes,196
residency requirement,196
learning environment,196
principal,196
financial targets,196
side work,196
digital strategy,196
cost planning,196
scenario analysis,196
blackline,196
employee discount programs,196
lean methodology,196
mechanical background,196
medical dental vision life insurance,196
carm,196
reflection,196
sass,196
technology adaptability,196
medical advancements,196
nca,196
stakeholder liaison,196
dependent care,196
ability to work remotely,196
hr best practices,196
financial models,196
gcih,196
2 years of experience as an rn,196
licensure assistance & reimbursement,196
tax interviewing,196
hiv,196
ddc,196
pulmonary medicine,196
operations planning,196
tavr,196
extreme cold,196
microsoft windows server,196
shared decision making,196
nursing judgment,196
clinical informatics,196
grant applications,196
legal descriptions,196
capex,196
safety analysis,196
afaa,196
etl tools,196
ability to lift 50lbs,196
paracentesis,196
reading blueprints,196
bid packages,196
wellness supports,196
it governance,195
change leadership,195
reliable internet connection,195
shop drawing review,195
nih certification,195
medicalsurgical experience,195
power panels,195
sop compliance,195
adoption reimbursement,195
australian working rights,195
disability assessment,195
ability to push and pull,195
code of ethics for nurses,195
outbound calls,195
arboriculture,195
ability to perform basic mathematical calculations,195
poise,195
cardiovascular care,195
leave of absence,195
cash flow projections,195
progressive care unit (pcu),195
risks,195
commissionbased pay,195
store budget preparation,195
united states,195
technical certifications,195
regulatory inspections,195
staff selection,195
table setting,195
general dermatology,195
medical direction,195
one year experience,195
oracle ebs,195
effective interpersonal skills,195
plant care,195
clinical team,195
growth opportunity,195
problemsolving techniques,195
testing techniques,195
footwear and athletic apparel experience,195
data management systems,195
cerner emr,195
dentures,195
unsupervised work,195
ada accommodation,195
paid military leave,195
basic cardiac life support certification,195
pto accrual,195
companymatched 401k,195
contract analysis,195
403(b) retirement savings plan,195
academic and professional success,195
edging,195
eks,195
personal responsibility,195
commercial roofing,195
emr (electronic medical record),195
financial institutions,195
strategic communication,195
cmic,194
finra sie,194
box cutters,194
psychosocial care,194
modalities,194
property law,194
spanish (preferred),194
long or short term contracts,194
commercial construction experience,194
training requirements,194
systems knowledge,194
ruby on rails,194
ability to handle difficult customers,194
membership management,194
clinical ladder program,194
business leadership,194
cip,194
health insurance (medical dental vision),194
business periodicals,194
hipaa requirements,194
build,194
tooling design,194
stress tests,194
take out trash,194
data monitoring,194
plan review,194
refining,194
home office,194
home manager,194
work order processing,194
proactive thinking,194
csm,194
ccie,194
customer relationship skills,194
court procedures,194
mentoring and coaching,194
data logging,194
sssts,194
bonding,194
cdl class a,194
relocation expenses,194
infection control practices,194
hazard recognition,194
member of the bar,194
stamping,194
infant care,194
fun work environment,194
reservation systems,194
flexible spending plan,194
safe patient handling,194
payroll reporting,194
engineering geology,194
design validation,194
head chef,194
k12 education,194
product ordering,194
security+ ce,193
nursery,193
carf,193
exposure to communicable diseases,193
respirators,193
trx,193
team members,193
books,193
analog circuits,193
insurance management,193
irb,193
professional communication skills,193
crisis support,193
consistent work schedule,193
move equipment (50100lbs),193
bash scripting,193
safety commitment,193
patient response,193
financial accountability,193
revenue maximization,193
roadway construction,193
legal research and writing,193
supportive counseling,193
lifting 50 lbs,193
baler operation,193
phd degree,193
cvicu,193
business partnerships,193
consultant,193
associate degree in nursing (adn),193
rfi management,193
small animal practice,193
veterinary license,193
professional membership fee coverage,193
r programming,193
cmdb,193
system verilog,193
ability to communicate in english,193
ancillary services,193
rn case manager,193
general office environment,193
employment services,193
remote working,193
research techniques,193
applicant tracking system (ats),193
twic,193
alcohol awareness,193
product information,193
husbandry,193
timekeeping systems,193
performancebased promotions,193
sales software,193
unloading merchandise,193
incident resolution,193
refactoring,193
shop math,193
standard operating procedures manual,193
issues,193
hybrid working model,193
communication proficiency,193
publication record,193
legible writing,193
interventional,193
us,192
ability to learn and adapt to evolving technology needs,192
clinical counseling,192
equal opportunity workplace,192
licensed professional counselor,192
deputy manager,192
hvac equipment,192
flexible pto,192
geospatial analysis,192
florida bar membership,192
business plan development,192
culture of care,192
lean/six sigma,192
workforce solutions,192
partnering,192
medical standards,192
dream physician,192
driver training,192
treatment options,192
h1b visa sponsorship,192
conversion,192
brake repair,192
microsoft/google suite,192
billing and coding,192
mastercam,192
master's or doctoral degree in social work marriage and family therapy mental health counseling or psychology,192
forklift experience,192
computational fluid dynamics,192
hiring process,192
adobe after effects,192
retirement package,192
boiler systems,192
neonatal nursing,192
teaching assistant,192
altium designer,192
restful services,192
clinical inquiry,192
consumer products,192
business partner,192
microsoft sql,192
field data collection,192
fiduciary services,192
korean,192
communicate,192
legal counseling,192
texas,192
core mandatory part iii,192
casual dress,192
connectors,192
core mandatory part i,192
industrial facilities,192
claims resolution,192
independent living skills,192
business metrics,192
therapy administration,192
agency management system,191
internship program,191
continuous development,191
choice auto and home program,191
proficiency in written and spoken english,191
fpgas,191
inventory maintenance,191
test management,191
computerized maintenance management system,191
independent research,191
abuse,191
engagement management,191
preemployment examination,191
internet search,191
tokenization,191
resident rights,191
staad pro,191
ccpa,191
oracle cerner  oracle cernermillennium,191
plspole,191
down syndrome,191
news judgment,191
revivehealth virtual care,191
ability to turn direction into action,191
engineering knowledge,191
ability to lift 40 lbs,191
key management,191
azure sql,191
acute care nurse,191
coachable,191
operational analysis,191
union environment,191
recipe adherence,191
profitsharing,191
process control systems,191
criminal background investigation,191
healthcare cash plan,191
site selection,191
blue light card,191
supplemental benefits,191
infection management,191
dynamics 365,191
hiring and onboarding,191
business plan,191
correspondence writing,191
android development,191
hospital committees,191
health codes,191
resource optimization,191
handling cash,191
experiment design,191
cysa+,191
claims adjusting,191
safety regulations compliance,191
instructional techniques,191
project participation,191
patient placement,191
model evaluation,191
imaging procedures,191
medical/dental/vision coverage,191
real estate transactions,190
goal setting and achievement,190
hospital care,190
maintenance engineering,190
learning management system (lms),190
13 weeks contract,190
surgical techniques,190
cad tools,190
commissionbased role,190
matrix environment,190
field trips,190
team member training,190
health perks,190
contract preparation,190
open door policy,190
competitions,190
clinical instructor,190
early years learning framework,190
chronic/acute hemodialysis experience,190
strong project management skills,190
retail store operations,190
selfevaluation,190
flex spending account,190
order assembly,190
nextgen,190
social service,190
ability to meet sales goals,190
ibm cash register operation,190
corrected vision,190
statutes,190
root cause analysis (rca),190
sales administration,190
system enhancements,190
flexible approach,190
pos software,190
cics,190
genesis,190
cultural responsiveness,190
grant administration,190
mockups,190
enterprise risk management,190
billing software,190
employee performance,190
pm,190
disability management,190
loyalty program management,190
manuscript preparation,190
network connectivity,190
servsafe /food safety certification,190
google tag manager,190
ambulatory surgery center,190
safety and infection control,189
roadway,189
arrt registry,189
hr metrics,189
psychopathology,189
fpga design,189
personable,189
desire to succeed,189
concrete testing,189
emergency travel benefits,189
route optimization,189
paid housing and travel,189
adverse events,189
security tools,189
project setup,189
study leave,189
ability to bend and stoop,189
group training,189
ticket reading,189
layout design,189
6sigma,189
specification development,189
cad design,189
ability to lift up to 40lbs,189
stateoftheart facilities,189
bonus incentives,189
web,189
material cost tracking,189
clinical work,189
arthroscopy,189
case documentation,189
business ownership,189
audatex,189
natural resource management,189
aircraft systems,189
microsoft programs,189
bariatric,189
mt,189
current state licensure,189
mechanical testing,189
key holder experience,189
cv submission,189
sphr,189
professional engineering (pe) license,189
bsn (preferred),189
medical dental vision plans,189
billing systems,189
patient consent,189
encouragement,189
fortinet,189
numeracy skills,189
inpatient rehabilitation,189
water distribution,189
siding,189
memos,189
high integrity,189
maintaining register countertops,189
data quality control,189
audience engagement,189
exams,188
swmm,188
equalopportunity employer,188
commissionbased,188
value analysis,188
internship experience,188
psychiatric evaluations,188
gaming license,188
series 66,188
blood products,188
food service supervision,188
certification and licensure reimbursement,188
iabp,188
organization and prioritization,188
physical inventories,188
antidiscrimination laws,188
confident,188
patientcentered medical home,188
team management experience,188
oasis documentation,188
business understanding,188
statistical data,188
team education,188
leave,188
chart audits,188
legal and ethical standards,188
employer matching,188
structured cabling,188
certified medical assistant,188
statistical skills,188
network planning,188
lifts,188
financial auditing,188
health system,188
client base,188
adobe xd,188
demand management,188
bachelor's degree in information technology,188
national police clearance,188
jsp,188
datadriven decisions,188
driving record check,188
hvac controls,188
dress code compliance,188
wholeperson care,188
industrial sales,188
coping strategies,188
computerbased data management programs,188
environmental training,188
psm,188
rfq,188
set own rates,187
real estate management,187
configuration management tools,187
shrinkage,187
safety standards compliance,187
technical research,187
manufacturing environment experience,187
patient transfers,187
general housekeeping,187
status updates,187
digitalization,187
information systems management,187
glue,187
adls,187
contractual obligations,187
aircraft,187
designs,187
harassmentfree workplace,187
flink,187
cardiac life support,187
referral services,187
licensed professional engineer,187
giac,187
licensed vocational nurse (lvn),187
adult learning theory,187
nastran,187
relapse prevention,187
dashboarding,187
allenbradley,187
service technician,187
prospect research,187
professional interaction,187
nurse practitioner experience,187
medication adherence,187
health and safety knowledge,187
retirement program,187
employee selection,187
computer installation,187
electrocardiograms,187
completing required paperwork and documentation,187
site grading,187
resume/cv,187
behavior,187
organizational competencies,187
general office duties,187
nurse educator,187
defensive security,187
diverse and inclusive workplace,186
market trend analysis,186
eclinicalworks,186
dashboard development,186
electrical assembly,186
companypaid holidays,186
handson learning,186
cleanliness maintenance,186
boston,186
donor management,186
privacy act,186
swppp,186
fitness center,186
theories,186
supportive care,186
nonfunctional requirements,186
internal control procedures,186
ged equivalent,186
icd10cm,186
employee pet discounts,186
interaction with patients,186
training materials development,186
product innovation,186
local anesthesia,186
supplier quality management,186
teamworking,186
mills,186
partner management,186
veeva,186
complaint management,186
loan applications,186
everify employer,186
success,186
polymer science,186
collaboration with other healthcare professionals,186
occasional climbing up to six feet,186
work flexibility,186
retail math,186
compliance with laws and regulations,186
capital improvement projects,186
merchandising standards,186
exceptional service,186
ability to work in extreme weather conditions,186
data analyst,186
structured thinking,186
attitude,186
network hardware,186
asic,185
length of stay,185
permanent residency,185
urine drug screen,185
interqual,185
adherence to company security practices,185
project financials,185
compliance with policies and procedures,185
on the job training,185
fashion design,185
onboarding process,185
selfcare techniques,185
stress,185
comprehensive health benefits,185
adobe pdf,185
qualtrics,185
operational risk,185
supplier diversity,185
property management experience,185
concierge service,185
logical reasoning,185
cath lab tech,185
ims,185
maternity care,185
diesel mechanic,185
opt,185
fun personality,185
discounted gym membership,185
utility,185
icd9,185
classroom teaching,185
humancentered design,185
epa universal certification,185
coordinate patient care,185
allied resources,185
premium pay,185
labor management relations,185
server hardware,185
med/surg experience,185
stressful conditions,185
data extracts,185
tenders,185
staff retention,185
microsoft visual studio,185
mail handling,185
fnp,185
invision,185
2d drawings,185
pediatrician,185
product safety,185
teaching certification,185
biopsychosocial assessment,185
environmental reporting,185
reinforced concrete,185
medical surgical registered nurse,185
pouring,185
model training,185
health disparities,185
hair cutting skills,185
lockout/tagout,185
audi,185
relationship based care,185
referral generation,185
ability to climb,185
paperwork and documentation,185
supervisory or management experience,184
shrink reduction,184
fire drills,184
ability to handle stressful situations,184
project superintendent,184
oracle fusion,184
cardiovascular disease,184
financial management skills,184
nutrition education,184
plangrid,184
field management,184
stock purchase plans,184
process equipment,184
crisis counseling,184
certified nursing assistant (cna),184
first assist,184
general ledger maintenance,184
health services research,184
dams,184
scholarship opportunities,184
appium,184
quantization,184
natural language processing (nlp),184
atmospheric science,184
clinical consultation,184
company scholarships,184
property management systems,184
haccp certification,184
production bonus,184
physician interaction,184
cloud engineering,184
prism,184
crm platforms,184
server management,184
passion for results,184
ged or high school diploma,184
fixed income,184
financial oversight,184
adult abuse registry check,184
hs diploma/ged,184
newsletters,184
restful,184
client interviews,184
clip strips,184
live scan fingerprinting,184
reporting requirements,184
tee,184
sales force,184
new graduates,184
electromechanical engineering,184
remote support,184
neurohospitalist,184
bs,184
front office operations,183
lathe,183
ability to stand sit bend and walk for extended periods,183
national board certification,183
bid writing,183
ladder usage,183
unionized environment,183
infertility benefits,183
public outreach,183
hcs,183
organizational awareness,183
acuity,183
aha basic life support,183
accounts receivables,183
quantity,183
professional development stipend,183
protected veterans,183
good documentation practices,183
mobile app development,183
industry practices,183
key survey information,183
law license,183
multiproject management,183
arabic,183
medical screening,183
labor & delivery,183
ability to pass a drug test,183
analytical support,183
critical access hospital,183
hl7,183
extreme heat,183
physiatry,183
production monitoring,183
training needs assessment,183
independent work skills,183
contract requirements,183
site investigations,183
bachelor's degrees,183
sensor fusion,183
veterans' preference,183
wellness support,183
emergency medical services,183
catheter care,183
electrical inspection,183
active dea license,183
florida license,183
conveyancing,183
disassembly,183
medical laboratory technologist,183
medical journals,183
two recent professional supervisor references,183
meat preparation,183
cloud technology,183
cbct,183
learning on the fly,183
clearances,183
financial risk management,183
single audit,183
rockwell automation,183
intelligence gathering,183
building operations,183
office applications,183
stocking and rotating merchandise,183
openroads designer,182
sap ecc,182
answering phones,182
lexisnexis,182
power equipment operation,182
wire transfers,182
people,182
televisits with a psychologist,182
customer interactions,182
technology products,182
restaurant operations management,182
pull,182
visitor management,182
ase,182
aerial lifts,182
cisco routers,182
shipbuilding,182
professional development programs,182
supply,182
h&r block income tax course completion,182
symptoms,182
positive work culture,182
comfort care,182
sharepoint online,182
strong verbal communication skills,182
culinary knowledge,182
fema,182
iv access,182
cancer biology,182
ability to lift and move objects,182
xray interpretation,182
comphealth,182
high performance,182
construction cost estimates,182
problem solving and decision making,182
one year of experience,182
test reporting,182
handson work,182
parent engagement,182
ms office 365,182
polygraph clearance,182
bank products,182
group dynamics,182
project goals,182
performance measures,182
fte,182
bone marrow transplant,182
entry level,182
food and beverage industry,182
circuits,182
visual skills,182
nurse practitioner state license,182
hr experience,182
search criteria,182
rewarding,182
core competencies,182
job analysis,182
boc certification,182
resource provision,182
vendor collaboration,182
jboss,182
acl,182
flagging duties,182
system tuning,182
metrics analysis,182
data ethics,182
mro,182
spice,182
computerbased training,182
psychoeducational groups,182
iso13485,182
rrsp matching,182
apm,182
data classification,181
health and safety awareness,181
job opportunities,181
project estimates,181
job fairs,181
electrical systems design,181
financial services industry experience,181
skills checklist,181
stable work history,181
sales methodology,181
hardware integration,181
staff engagement,181
customer followup,181
analog design,181
critical path,181
hazardous substances,181
packaging design,181
msc,181
nurse first travel agency,181
engineering solutions,181
retail policies and procedures,181
automated equipment,181
auto glass repair,181
expense card,181
costeffective solutions,181
audit reporting,181
401(k) with matching,181
bs in civil engineering,181
bachelor of nursing,181
gicsp,181
tolerance,181
oem,181
maneuvering,181
building trust,181
volkswagen,181
infection prevention and control,181
chartered retirement planning counselor (crpc),181
datadriven analytics,181
shifts,181
associate or bachelor's degree,181
patient admission,181
productivity bonus,181
cisco switches,181
business software,181
permanent position,181
traumainformed approach,181
customer relations skills,181
correctional facility,181
system specifications,181
trauma nursing core course,181
family involvement,181
virtual meetings,181
therapeutic diets,181
season ticket loan,181
signing,181
multidisciplinary environment,181
legal procedures,181
ehr software,181
scaled agile framework (safe),181
online resources,181
continuous renal replacement therapy (crrt),181
uxone udo,181
interpersonal warmth,181
management of change,181
business improvement,181
metals,181
chemotherapy administration,181
mercedes,181
urogynecology,181
intervention planning,181
team growth,180
personal development plans,180
property valuation,180
communitybased services,180
boardeligible,180
modernization,180
reliability testing,180
therapeutic milieu,180
rules and regulations,180
cpim,180
education opportunities,180
therapeutic skills,180
excel spreadsheets,180
night work,180
long term care experience,180
employee food discounts,180
skills assessment,180
basic life support certification (bls),180
private sector,180
safety monitoring,180
shift planning,180
supplier performance,180
military medicine,180
enrolled agent,180
ability to lift and maneuver 30lbs,180
iso 17025,180
philosophy,180
policy knowledge,180
refund processing,180
florida,180
competing priorities,180
safety and environmental compliance,180
software licensing,180
pay and insurance coverage,180
competitive nature,180
maintenance and repair,180
medical doctor (md),180
trach,180
sip,180
medical device development,180
water management,180
sex,180
cycle to work,180
foreign language,180
auditory acuity,180
cancer research,180
control panels,180
ci/cd pipeline,180
graph neural networks,180
quality reporting,180
ram,180
metric analysis,180
transmissions,180
3d modelling,180
transporting merchandise,180
paid overtime,180
fda compliance,180
project management principles,180
applied research,180
merchandising experience,180
security solutions,180
spanish language (preferred),180
contractor coordination,180
insurance credentialing,179
use of fingers,179
holiday bonus,179
cleanup,179
installing,179
patent drafting,179
enterprise,179
iso9000,179
computer savvy,179
bracing,179
visual storytelling,179
medical supplies management,179
iac,179
all weather conditions,179
financial resources,179
crosssectional imaging,179
personal financial counseling,179
customer account management,179
merchandise and equipment handling,179
interview skills,179
health economics,179
dimensions,179
oil,179
prioritizing skills,179
heat pumps,179
automobile,179
emergency medical technician (emt),179
csr,179
disaster management,179
data streaming,179
airtable,179
machine learning algorithms,179
oral and maxillofacial surgery,179
valid and unrestricted drivers license,179
transformative leadership,179
bachelor's degree in stem,179
surgeries,179
caching,179
blood testing,179
documentation preparation,179
facility,179
retail customer service,179
departmental policies,179
collaborative mindset,179
push,179
early response codes,179
networking concepts,179
course delivery,179
symptomatology,179
progress updates,179
new technology,179
nursing home,179
cots,179
hospital operations,179
reading and comprehension,179
design of experiments (doe),179
business process documentation,179
diversity appreciation,179
zumba,179
educational reimbursement,179
nps,178
residency stipend,178
database security,178
sequencing,178
company policy,178
disposal,178
business process design,178
continuous training,178
electrical engineer,178
cyber,178
continuing education units (ceus),178
tool design,178
florida medical license,178
mental health awareness,178
business information systems,178
profit goals,178
personcentered planning,178
public retail store setting,178
401(k)type savings plan,178
geomatics,178
personal training certification,178
bls/acls certification,178
time in grade,178
collegelevel teaching experience,178
maintaining a clean and organized store,178
meeting participation,178
database architecture,178
service quality,178
transferable skills,178
ear,178
security officer,178
patientcentered,178
top secret sci clearance,178
education requirements,178
test data,178
warehouse supervision,178
national council licensure examination,178
rma,178
doppler,178
script writing,178
cnc machines,178
biohazardous waste,178
condition monitoring,178
direct nursing care,178
quota attainment,178
hr operations,178
sms,178
articulate,178
loan underwriting,178
call center management,178
municipal engineering,178
technical certification,178
alphabetizing skills,178
collaboration and communication,178
hygiene standards,178
study design,178
medical social work,178
nispom,178
motor vehicle operator's license,178
functionality,178
surgical suite,178
complete paperwork,177
websites,177
certified nurse midwife,177
welding equipment,177
social skills development,177
microsoft office suites,177
register,177
completion,177
internships,177
dia de los muertos celebration,177
flight operations,177
ap style,177
solar pv,177
biomechanics,177
company values,177
cake decorating,177
facing merchandise,177
profiling,177
nationwide opportunities,177
highway hypodermics,177
bls/acls,177
diesel engine repair,177
profit and loss statement,177
compensation management,177
medications administration,177
national league for nursing commission for nursing education accreditation (nln cnea),177
mitchell,177
candidate experience,177
concrete structures,177
outreach programs,177
client interactions,177
machinery maintenance,177
internal medicine residency,177
patient conduct supervision,177
customer visits,177
human capital management,177
brand loyalty,177
labor productivity,177
daily operations,177
pharmd degree,177
labor law compliance,177
fine motor coordination,177
anxiety therapy,177
knife handling,177
stacking,177
analog,177
cooling,177
contrast agents,177
project experience,177
board certified behavior analyst,177
sci,177
6 sigma,177
clinical specialty certification,177
patient testing,177
barista,177
communication with physicians,177
good communication,177
behavioral medicine,176
angular js,176
* leadership,176
bilingualism (french and english),176
safety assessment,176
feature engineering,176
interruptions,176
kinesis,176
medical records maintenance,176
security assessments,176
study support,176
employment eligibility verification,176
juris doctor (j.d.),176
behavioral health support,176
customs,176
tekla,176
omnichannel processes,176
alternative fee arrangements,176
ability to read write and count accurately,176
ethics and integrity,176
temperature monitoring,176
maintenance manuals,176
student services,176
member retention,176
evidencebased treatments,176
construction materials testing,176
construction methodologies,176
inverters,176
nhs pension scheme,176
rhit,176
quality plans,176
notary,176
cost segregation,176
commercial driver's license (cdl),176
ability to work in extreme conditions,176
hr software,176
stateoftheart equipment,176
patents,176
uds,176
smart working,176
digital technologies,176
online education,176
data transfer,176
billing and collections,176
isa,176
aspen,176
strategic management,176
design build,176
accounting regulations,176
ui development,176
medical device industry experience,176
goal tracking,176
arc,176
drafting skills,176
concepts:,176
rewards program,176
oral communications,176
academic excellence,176
sales processes,176
subcontractor relations,176
bilingual (spanish and english),176
repair and maintenance,176
front end operations,176
assessment and evaluation,176
family care,176
patient needs assessment,176
divestiture,176
counseling techniques,175
teaching evaluations,175
beauty industry,175
methodology,175
health insurance portability and accountability act (hipaa),175
sftp,175
cost consciousness,175
document creation,175
cost forecasting,175
protocol,175
competitive remuneration,175
vlan,175
property compliance,175
grant funding,175
preconstruction management,175
trackwise,175
english (written and spoken),175
sds,175
product vision,175
pediatric surgery,175
child abuse,175
menus,175
nessus,175
soil mechanics,175
staining,175
annual bonuses,175
learning and development programs,175
learning management systems (lms),175
purchasing management,175
image interpretation,175
hourly rounding,175
geospatial intelligence,175
highvolume environment,175
hand surgery,175
family guidance,175
behaviour management,175
system support,175
preventive medicine,175
microsoft office (word excel outlook powerpoint),175
print reading,175
groundwater sampling,175
as is analysis,175
process orientation,175
occupational health nursing,175
accredited chest pain center,175
immediate customer base,175
customer meetings,175
operating room procedures,175
sales contracts,175
automotive parts,175
professional dues,175
patient intake,175
master of science in nursing (msn),175
food cost controls,175
safety reviews,175
crossfunctional team management,175
remote access,175
fire suppression systems,175
vacations,175
team facilitation,175
legal regulations,175
ability to work in the united states,175
npm,175
patient visits,175
hydraulic calculations,174
top secret sensitive compartmented information (sci) clearance,174
managerial,174
series 7 license,174
eeo guidelines,174
licensed driver,174
salesforce marketing cloud,174
40hour work week,174
corporate tax returns,174
photocopiers,174
prior supervisory experience,174
anticipation,174
antennas,174
petty cash management,174
nabp,174
preventive action,174
environmental impact,174
program assessment,174
price negotiation,174
threat detection,174
cold conditions,174
apc,174
threat assessment,174
dataintensive solutions,174
relocation support,174
conflict management skills,174
advanced practice nursing,174
health department regulations,174
data requirements,174
ultrasound imaging,174
essay editing,174
subject matter expert (sme),174
ability to work with others,174
1 year retail or food experience,174
reimbursements,174
skills training,174
clinical rotations,174
rnfa,174
onenote,174
blood analysis,174
blood draw,174
cgmp compliance,174
phr certification,174
underground utilities,174
disa stigs,174
product handling,174
vulnerability analysis,174
lenel,174
town planning,174
capital expenditures,174
research studies,174
referral scheme,174
online onboarding,174
audit software,174
c++ programming,174
life insurance/disability,174
cvor,174
working with children's check,174
executive leadership,174
inspection equipment,174
surgical technologist program,174
patient billing,174
day shifts,174
operating equipment,174
blue cross blue shield,174
13 years experience,174
ms office software,174
client communications,173
data platforms,173
quantity takeoff,173
state and local laws,173
recognition program,173
plc's,173
communication planning,173
resource requirements,173
fiber,173
network scaling,173
gdc registered,173
hra/hsa,173
6s,173
digital circuits,173
quota management,173
efficiencies,173
mergers & acquisitions,173
etiquette,173
communication strategy,173
new york state rn license,173
strategic development,173
contract work,173
occasional lifting up to 55 pounds,173
government experience,173
licensing and certification reimbursement,173
nce,173
beach,173
endpoint protection,173
associates in nursing,173
senior engineer,173
commercial mindset,173
matrix management,173
staff discounts,173
job application,173
jms,173
ability to thrive in a fastpaced environment,173
american heart association certification,173
positive team player,173
hazards,173
clinical references,173
complex systems,173
pressure vessels,173
radiographic imaging,173
data compliance,173
submittal review,173
health outcomes,173
transmission lines,173
material specifications,173
psychosocial rehabilitation,173
safety inspection,173
dme,173
oregon license,173
adobe acrobat pro,173
transportation coordination,173
medical tests,173
achievement,173
programmable logic controllers (plcs),173
brand identity,173
user interfaces,173
security services,173
policy and procedure knowledge,173
agespecific needs,173
referral coordination,173
hand dexterity,173
traffic analysis,172
mcsa,172
client referrals,172
power transmission,172
lgbtq+ history,172
good interpersonal communication skills,172
medication review,172
crrn certification,172
client intake,172
travel and housing expenses,172
inductions,172
revit mep,172
service design,172
travel stipends,172
data flows,172
system updates,172
laboratory medicine,172
spiritual needs,172
strong organization,172
javascript frameworks,172
series 63,172
business performance,172
weight,172
nursing processes,172
clinical medicine,172
sense of smell,172
selfdirected work,172
print production,172
excellent computer skills,172
nicet,172
print design,172
bachelor's of science in nursing (bsn),172
board certification/eligibility,172
call rotation,172
email systems,172
nonprofit accounting,172
compressed air,172
front of house management,172
frequent lifting up to 40 pounds,172
material requirements planning (mrp),172
retail operations management,172
quality programs,172
operations analysis,172
contract manufacturing,172
rhapsody,172
assignment details,172
fitness passport,172
contract documentation,172
forwardthinking,172
manufacturing software,172
functional training,172
undergraduate teaching,172
environmental stewardship,172
quality reviews,172
cct,172
procedure writing,172
motor control centers,172
cardiac cath lab technologist,172
major medical,172
climb,172
shortterm/longterm disability plans,172
established customer base,172
managed care experience,172
geochemistry,172
tires,172
sla,172
information presentation,172
product documentation,172
floor maintenance,172
disaster recovery planning,172
analytical capabilities,172
armrit,172
state guidelines,172
calendars,172
problemsolving ability,172
style guides,172
industry 4.0,172
programmable controllers,172
equipment reliability,172
measles,172
oral comprehension,172
child abuse clearance,172
student matching,172
respect for diversity,172
tractor trailer experience,172
counselor,172
contests,171
computer software proficiency,171
pspice,171
emr/ehr systems,171
assistant principal,171
clinical best practices,171
laboratory protocols,171
nginx,171
student progress monitoring,171
stepdown rn,171
labor and delivery nursing,171
business insurance,171
blowers,171
miro,171
vulnerability assessments,171
lab procedures,171
pmo,171
throughput,171
safety program management,171
operational,171
training attendance,171
patient recovery,171
chronic illnesses,171
perioperative services,171
working in all weather conditions,171
multispecialty,171
group activities,171
family services,171
theater,171
statistical modelling,171
pharmacotherapy,171
electronic filing,171
ncmhce,171
employee appearance,171
civil law,171
ncqa,171
radiotherapy,171
battery storage,171
rhel,171
appreciation,171
microdrainage,171
lifting up to 55 pounds,171
productivity bonuses,171
customeroriented,171
nursing theories,171
infection control standards,171
medical officer series 0602,171
skilled facility visits,171
crisis assessment,171
manufacturing planning,171
risk control,171
work schedule management,171
rn diploma,171
machinist,171
motion drafting,171
full driving licence,171
test design,171
authorize and sign for refunds and overrides,171
npd,171
electrical principles,171
strong clinical skills,171
gl,171
community health experience,171
ca license,171
regulations compliance,171
engineer,171
register functions,171
nmc,171
k12,171
engineering changes,171
watercad,171
vbscript,171
annual reviews,171
oxygen,171
protective clothing,171
competence,170
enduser support,170
biotherapy,170
competency development,170
washington registered nurse license,170
telephone usage,170
clinic management,170
settlements,170
pediatric intensive care unit,170
general administration,170
deductions,170
leadership principles,170
lifeguard,170
doctor of psychology (psyd),170
profit and loss responsibility,170
monitors,170
travel position,170
gene therapy,170
nursing school,170
microtomy,170
client billing,170
database technologies,170
health vision and dental insurance,170
patient handling,170
security technologies,170
regional travel,170
feed,170
persuasive communication,170
engineering documents,170
diesel mechanics,170
patient centered medical home,170
control valves,170
pipeline,170
oncall hours,170
mondayfriday schedule,170
indirect tax,170
crime prevention,170
enscape,170
ability to stand or walk for long periods,170
cipd,170
dataset curation,170
sqs,170
ids/ips,170
diversity equity and inclusion (dei),170
ability to move throughout the store,170
product data management,170
floor cleaning,170
floor plans,170
fast learner,170
basic algebra,170
computer systems concepts,170
shift: 3x12,170
libraries,170
accounts payable management,170
individualized instruction,170
broadcasting,170
outcome identification,170
candidatefirst approach,170
hospice nursing,170
total station,170
holiday entitlement,170
phone prospecting,170
aeronautical engineering,170
western blotting,170
massively multidisciplinary collaboration,170
ach,170
corrective action implementation,170
consultative method,170
university policies and procedures,170
networking fundamentals,170
software debugging,170
variances,170
spare parts,170
microservice architecture,170
market data,170
legal assistant,170
ability to lift up to 50lbs,170
focus groups,170
fingering,170
cables,170
swagger,170
implement register countertop planograms,170
imagery analysis,170
financial industry,170
national electric code,170
english comprehension,169
network analyzers,169
analytical procedures,169
driving results,169
instrument calibration,169
new client development,169
vascular ultrasound,169
electric motors,169
vault,169
merchandise rotation,169
strategy execution,169
science degree,169
moderate noise levels,169
issuing stock,169
lightning protection,169
registered mental health nurse,169
social studies,169
circulating,169
class c driver's license,169
shop floor management,169
relevant legislation,169
qualifying,169
restaurant industry experience,169
employer paid life insurance,169
cliniconnects app,169
problem sensitivity,169
sap ariba,169
pto (paid time off),169
redcap,169
secure online chat,169
good interpersonal skills,169
hybrid role,169
sales opportunities,169
medical student education,169
revenue goals,169
property insurance,169
dialysis rn,169
chartership,169
formwork,169
stock purchase program,169
eligibility to work in the u.s.,169
drug enforcement agency license,169
debt collection,169
tools and equipment,169
commitment to diversity,169
vb,169
proven track record,169
children's services,169
forensic accounting,169
regulatory documents,169
earth science,169
biophysics,169
eye for detail,169
golfing,169
log analysis,169
accredited nursing degree,169
field services,169
sales incentives,169
paid federal holidays,169
event production,169
hsd or ged,169
bachelor's degree in nursing (preferred),168
load calculations,168
child psychiatry,168
aflac hospital,168
aptos,168
sales programs,168
physicians assistant license,168
structure,168
* problem solving,168
business relationship management,168
commercial sales,168
accubid,168
ability to work as a team,168
auto glass installation,168
preventive pet care,168
rcvs,168
project ownership,168
international law,168
cnd,168
register countertop planograms,168
juvenile justice,168
uk work permit,168
bachelor's degree in medical technology,168
nbce spec exam,168
financial stability,168
analytical experience,168
negotiation techniques,168
excellent writing skills,168
transactional law,168
unlimited earning potential,168
insured vehicle,168
digital circuit design,168
clean background check,168
electrical systems maintenance,168
crossfunctional projects,168
nursing principles,168
invoice review,168
multitasking and prioritization,168
individuals with disabilities,168
liquor control,168
preventive actions,168
accounts payable (ap),168
search,168
legal proceedings,168
restraints,168
retail systems,168
lead followup,168
dues,168
ssh,168
immigration,168
ceu reimbursements,168
business case analysis,168
laptop computer,168
overtime and weekend work,168
current full active and unrestricted registration as a graduate professional nurse,168
long periods of standing,168
news writing,168
xray analysis,168
wireless sales experience,168
numerical analysis,168
testng,168
certificate,168
functional assessments,168
residential projects,168
clinical laboratory improvement amendments (clia),168
medical evaluations,168
end user support,168
mobile technology,168
soil science,168
system improvement,168
diagnostic ultrasound,168
clinical insight,168
promotion from within,168
nuclear cardiology,167
product architecture,167
continuous quality improvement (cqi),167
distributed control systems,167
customer liaison,167
vital sign monitoring,167
ana scope and standards of practice,167
telephone answering,167
calmness,167
credit report,167
basic tools,167
colorectal surgery,167
preventative dentistry,167
erp (enterprise resource planning),167
opportunity,167
mental health assessments,167
d365,167
knowledge base,167
general ledger management,167
hammers,167
pennsylvania rn license,167
ability to follow company policies and procedures,167
serv safe certification,167
day 1 health insurance (medical dental vision),167
patient interviews,167
wellness services,167
product demos,167
operational policies,167
hazardous materials management,167
evidencebased medical care,167
evidencebased standards,167
ford,167
gym membership discounts,167
asc 606,167
industrial electrician,167
cycling,167
dentrix,167
schematic drawings,167
automotive technician state inspector's license,167
electronics manufacturing,167
gases,167
child support,167
aprn license,167
ability to work in a multicultural environment,167
oracle cerner  oracle cernerpowerchart,167
career progression opportunities,167
gender,167
fastpaced work,167
call center operations,167
quotation preparation,167
mathematical reasoning,167
joint replacement,167
personal/family care,167
impact,167
aluminum,167
clevel executives,167
mission planning,167
fast paced,167
industry analysis,167
antidiscrimination policy,167
diagnostic radiography,167
lean management,167
pain assessment,167
root cause failure analysis,167
executive communication,167
record management,166
industrial environment,166
bariatrics,166
technical review,166
environmental permits,166
8+ years experience,166
australian standards,166
bachelor's degree in human services,166
margin management,166
kitchen supervision,166
theory,166
hepatitis b vaccination,166
google email,166
ms office (word excel powerpoint),166
rs232,166
bachelor of science in pharmacy,166
emotional needs,166
lifting heavy boxes,166
records maintenance,166
inhome sales,166
patient data,166
plastic injection molding,166
medical history recording,166
pharmaceutical sciences,166
collaborative working,166
background and drug screening,166
quality processes,166
degree in social work,166
cash flow statements,166
nursing personnel,166
4year college degree,166
food quality standards,166
credit union,166
cash,166
organizational and time management,166
nursestat,166
regular and predictable attendance,166
quality tools,166
payactiv,166
embedded linux,166
equipment evaluation,166
asme b31.3,166
mykabafusion app,166
training and development programs,166
team selling,166
revenue analysis,166
public contact,166
aquaculture,166
sen,166
menu design,166
needs assessments,166
dishwasher,166
gym,166
renal,166
sec filings,166
six sigma black belt,166
engineering processes,166
historic preservation,166
strong writing and communication skills,166
usace,166
budgetary control,166
literature reviews,166
hospitalists,166
employee records,166
agenda preparation,166
2+ years experience as an rn,166
spring mvc,166
cath lab experience,166
shortform certificates,166
university policies,166
demos,166
interdisciplinary,166
solid works,166
57 years of experience,165
defensive tactics,165
proficiency in ms office,165
vcp,165
thin client,165
family training,165
propulsion,165
hospital policy,165
esd,165
sales driving,165
palliative medicine,165
help desk support,165
design/build,165
tax provision,165
home installation,165
ability to make decisions,165
creative activities,165
sales ability,165
iso certification,165
depression therapy,165
grasshopper,165
supply chain experience,165
ability to communicate with customers,165
hand washing,165
communications systems,165
ieee standards,165
mammalian cell culture,165
provider relations,165
stability testing,165
occupational safety and health,165
tactics,165
medical records documentation,165
brand consistency,165
cpg,165
ability to resolve conflict,165
dirt,165
clean restroom and stockroom,165
healthcare staff,165
surgical pathology,165
mail processing,165
preceptor training,165
microsoft projects,165
receivables,165
relocation willingness,165
speech therapists,165
disciplinary procedures,165
powers of attorney,165
software delivery,165
mep systems,165
physician job board,165
ability to work around animals,165
ci/cd tools,165
concierge services,165
drafting pleadings,165
everify employment verification check,165
mq,165
security requirements,165
baking techniques,165
emergency planning,165
401k contribution,165
mockito,165
food trends,165
adhoc analysis,165
housing expenses,165
computerized systems,165
pms,165
dental societies,165
packaging equipment,165
wellness days,165
independence of action,165
modelbased systems engineering (mbse),165
foreign exchange,165
computerized maintenance management systems,165
cch,165
social,165
nursing protocols,165
employeeowned staffing firm,165
product replenishment,165
laboratory research,165
winter/summer breaks,165
wellbeing televisits,165
visual,165
scenario desk,165
extra shift incentives,165
value,165
wellbeing program,165
data aggregation,165
standards of behavior,165
nagios,165
sales quota,165
selfmanagement skills,165
paid annual leave,165
sterile supplies,165
frequent bending,165
diverse teams,164
rn registered nurse education program,164
quality work,164
content production,164
patient advocate,164
endtoend testing,164
preanesthesia assessment,164
application integration,164
airport operations,164
employee hiring,164
operational effectiveness,164
lifting and carrying heavy objects,164
401k retirement plans,164
personal finance,164
municipal,164
varied shifts,164
stock ordering,164
teaching and learning,164
elk stack,164
teaching methodologies,164
federal state and local regulations,164
emergency repairs,164
merchandise knowledge,164
sense of touch,164
business litigation,164
engineering concepts,164
spreadsheet creation,164
professional service,164
oracle cerner  healthelife,164
oncall duty,164
training provided,164
toyota,164
adhoc projects,164
pcidss,164
measurement equipment,164
stenting,164
schematic reading,164
new employee orientation,164
public education,164
travel requirement,164
sap mm,164
infrastructure engineering,164
procedure implementation,164
bias for action,164
industrial projects,164
relativity,164
20 hours a week during peak tax season,164
aspen dental,164
scaleup,164
decisive judgement,164
espp,164
healthcare informatics,164
college credits,164
splints,164
roadmapping,164
manufacturing knowledge,164
legal advocacy,164
reliability analysis,164
employee discounts and perks program,164
pharmacy services,164
helpfulness,164
clinical trial management,164
manufacturing techniques,164
pulse oximetry,164
topography,164
multidisciplinary team approach,164
total quality management,164
adhesives,164
ma rn license,164
contract terms,164
geological engineering,164
team player attitude,164
idea,164
moderate lifting,164
enterprise systems,164
wood,164
storage systems,164
safe and therapeutic environment,164
therapeutic relationship,163
teamcity,163
customer relationship management software,163
materials planning,163
training needs analysis,163
crossdepartmental collaboration,163
customer research,163
applicant tracking systems (ats),163
sales statistics,163
validation protocols,163
ongoing support,163
cad modeling,163
devicenet,163
travel opportunities,163
complex problemsolving,163
federal state and local laws,163
test strategy,163
att,163
team setting,163
financial planning & analysis,163
network devices,163
sales transactions,163
asp,163
mandatory training arrangements,163
geographic information systems,163
japanese,163
front end cleaning,163
working capital management,163
excise tax,163
industry,163
jewelry,163
broiling,163
continuous improvement mindset,163
optical engineering,163
sales closing,163
cadc,163
handling customer funds,163
time studies,163
2+ years of experience as an rn,163
mvr check,163
nights and weekends availability,163
purchases,163
solutionbased approach,163
ability to make an impact,163
random drug testing,163
21 years of age,163
russian,163
car repair,163
strategic agility,163
retail pharmacy,163
collection management,163
test drives,163
route management,163
data standardization,163
ability to learn multiple tasks,163
regulatory audits,163
dr. strong codes,163
general dentist,163
choreography,163
underwriting guidelines,163
supply chain operations,163
green belt,163
ability to bend squat kneel climb carry reach and stoop,163
cpr card,163
etl pipelines,163
airworthiness,163
virginia,163
lisw,163
psychological management,163
medical guidelines,163
wpf,163
osha safety standards,163
traffic,163
collaborative learning,163
screenings,163
medical consultation,163
microsoft office (word excel powerpoint outlook),163
reliable internet access,163
ability to maintain a clean and organized work area,163
product quality control,163
lead experience,162
medicare and medicaid compliance,162
transfer learning,162
evening shifts,162
result orientation,162
network systems,162
site assessment,162
bls healthcare provider,162
appellate practice,162
code analysis,162
aurora,162
clinical liaison,162
influenza vaccine,162
regression analysis,162
mental health issues,162
exercise techniques,162
waste minimization,162
or rn,162
bls  basic life support,162
systems testing,162
lock desk,162
technology sales,162
gynaecology,162
musculoskeletal injuries,162
to go specialist,162
basic mathematical calculations,162
steel fabrication,162
equipment understanding,162
flexible paid time off,162
systems security,162
realtime data,162
ability to maintain a professional and friendly environment,162
professional skills,162
laboratory studies,162
electrical engineering degree,162
model compression,162
product lifecycle,162
celebration,162
equipment operations,162
design analysis,162
professional associations,162
customer presentations,162
substance use disorder treatment,162
approvals,162
data wrangling,162
icc,162
dsm5,162
administration skills,162
sample management,162
small animal medicine,162
finance degree,162
lesson delivery,162
documenting,162
decommissioning,162
requirement analysis,162
polymers,162
botox,162
lte,162
icd,162
ethical care,162
digital product management,162
server infrastructure,162
uvm,162
videos,162
1+ year experience,162
job evaluation,162
assembly processes,162
basic cardiac life support (bls),162
active state license or nlc,162
mentorship opportunities,162
8 hours shift,162
ability to work in a stressful environment,162
sterility,162
real estate finance,162
mba (preferred),162
sec regulations,162
load rating,162
veterinary experience,162
french language proficiency,161
physician relations,161
site logistics,161
personal lines,161
acceptance,161
commission on osteopathic college accreditation,161
chicago,161
maintain register countertops,161
clinical coordination,161
ct equipment,161
cloud native technologies,161
idexx inhouse lab equipment,161
statistical analysis software,161
supervisory duties,161
ba degree,161
donor engagement,161
collecting payments,161
sarbanesoxley compliance,161
methodical approach,161
sample processing,161
nielsen,161
master's degree preferred,161
cctv systems,161
shrm certification,161
keynote,161
ehs compliance,161
disability services,161
batch processing,161
psychiatric nurse practitioner,161
academic medicine,161
brand development,161
group health coverage,161
boundaries,161
communication difficulties,161
itemizing,161
strong written communication skills,161
fault diagnosis,161
aruba,161
family dynamics,161
bilingual proficiency,161
publisher,161
new relic,161
quality of practice,161
cms guidelines,161
material requirements,161
premises liability,161
medical terminology knowledge,161
power management,161
operational skills,161
bonds,161
3 years experience,161
live chat,161
ict,161
flu shot,161
patient evaluations,161
exposure to moving mechanical parts,161
quality assurance programs,161
loan officer,161
software validation,161
medication therapy,161
microsoft office suite (excel powerpoint word outlook),161
proof of concept,161
joint commission gold seal of approval,160
alayacare,160
process reengineering,160
analysis skills,160
diagnostic information,160
impact analysis,160
brachytherapy,160
surgical training,160
great plains,160
strategic relationships,160
phi,160
market risk,160
bentley,160
bachelor's of science in nursing,160
accident coverage,160
food labeling,160
medical examinations,160
dusting and mopping floors,160
loud noises,160
quality driven,160
crafts,160
sleep studies,160
design and development,160
radiologists,160
technical planning,160
asbuilts,160
market trends analysis,160
reporting and analytics,160
uncapped earning potential,160
reference letters,160
termination practices,160
data encryption,160
mondayfriday,160
immunization review,160
spotting,160
effective time management,160
hfss,160
cicd,160
unix shell scripting,160
interface management,160
patient care evaluation,160
promoting,160
mdm,160
clinical freedom,160
dfars,160
ascp or amt certification,160
allied staffing,160
discrepancy resolution,160
check processing,160
us citizenship or permanent residency,160
memoranda,160
patient progress monitoring,160
clinical ladder,160
security design,160
birthday leave,160
client success,160
commitment to patient care,160
florida registered nurse license,160
welfare,160
application delivery controllers,160
pe registration,160
restaurant knowledge,160
insurance requirements,160
food & beverage management,160
powerapps,160
product roadmaps,160
group exercise training,160
networking hardware,160
cisco ise,160
software development lifecycle (sdlc),159
hot/cold temperatures,159
timesheet management,159
commercial agreements,159
series 65,159
search engine marketing (sem),159
work in a fastpaced environment,159
standardized testing,159
401k plans,159
office365,159
stirring,159
safety and cleanliness,159
data assessment,159
cost saving,159
apache airflow,159
economic conditions,159
act 34 with renewal,159
equipment qualification,159
brain injury,159
materials selection,159
employment litigation,159
regular and reliable attendance,159
equipment sizing,159
audio editing,159
medication orders,159
checkout,159
business development experience,159
internet of things (iot),159
flowcharts,159
wellness initiatives,159
18 years old or older,159
polygraph examination,159
geophysics,159
optimal outcomes,159
rating procedures,159
yard organization,159
project life cycle,159
nurse and lpn referrals,159
patient and family centered care,159
short/long term disability,159
general radiology,159
plastic,159
palletizing,159
positive energy,159
pulmonary function testing,159
shop management,159
rigor,159
case analysis,159
complete paperwork and documentation,159
mental wellbeing,159
safety codes,159
continuous monitoring,159
counterintelligence,159
client relationship management (crm),159
gastroenterologist,159
graduate,159
certified emergency room nurse (cen),159
aerodynamics,159
desktop computers,159
provide customer service leadership,159
internal training,159
career preferences,159
on call,158
director,158
job coaching,158
military intelligence,158
ability to prioritize and manage multiple tasks,158
simulation labs,158
cooking equipment,158
temporary placement,158
loyalty program,158
single line diagrams,158
design controls,158
collegial environment,158
certified emergency nurse (cen),158
massachusetts rn license,158
beauty products,158
healthcare leadership,158
lifting (50 lbs),158
income tax course,158
* time management,158
play therapy,158
vendor interaction,158
short and longterm disability life and accident insurance,158
risk appetite,158
web3,158
electrification,158
lifting and moving merchandise,158
multistate rn license,158
preventive nursing,158
technician training,158
trucks,158
working outdoors,158
tax audit,158
professional engineering registration,158
multistate license,158
certified occupational therapy assistant,158
digital prospecting,158
cdc standards,158
level 3 qualification,158
hemodynamics,158
media buying,158
cable installation,158
criticalthinking,158
cmm programming,158
onsite training,158
cover supervisor,158
paid company holiday,158
suture removal,158
mytime mobile scheduling app,158
premiere pro,158
research agenda,158
reception duties,158
mfm,158
internal processes,158
employment legislation,158
lgbtqia+,158
patient history taking,158
clientcentric approach,158
parts advisor,158
gtube,158
gradient checkpointing,158
guiding,158
loan servicing,158
project status reports,158
dial indicators,158
asset allocation,158
renal care,158
acceptable automobile insurance,158
business systems analyst,158
financial close,158
cash forecasting,158
postsecondary degree,158
hygiene and safety,158
registered respiratory therapist,158
soil testing,158
backend engineering,158
educational workshops,158
kpi measurement,157
high school/ged,157
mobile app,157
thermal management,157
rhia,157
hospital credentialing,157
color vision mandatory exam,157
integrative medicine,157
medical professional,157
section 8,157
nebosh diploma,157
biosecurity,157
rf design,157
infectious disease exposure,157
sops (standard operating procedures),157
state certification,157
correspondence preparation,157
certified internal auditor (cia),157
certified registered nurse anesthetist,157
health care management,157
sales team management,157
crypto,157
feasibility,157
referral sources,157
strong academic credentials,157
minor surgical procedures,157
hyperbaric medicine,157
bid analysis,157
practicing attorney,157
fedex,157
serve safe,157
learning strategies,157
training completion,157
security clearances,157
basic life support healthcare provider (bls hcp),157
growth and development opportunities,157
trimble business center,157
safety management system,157
coso,157
copy editing,157
functional behavior assessments,157
nurse licensure compact,157
psychiatric assessment,157
ability to work with irritant chemicals,157
clean environment,157
computer keyboard,157
ipv6,157
do160,157
microsoft office suite (outlook excel word),157
fixed asset accounting,157
hardware testing,157
clean motor vehicle record,157
marine,157
welcoming and helpful attitude,157
master's degree in mental health counseling,157
industryspecific software,157
competitive drive,157
operating room (or),157
assignment,157
indexing,157
aoa,157
401k with company matching,157
intersection design,157
health care spending account,157
pregnancy,157
cme programs,157
technology platforms,157
corrected vision and hearing,157
outreach services,157
ndt,157
high school education or ged,157
individualized care,157
equal opportunity and affirmative action employer,157
resource,157
passion for excellence,157
crossfunctional relationships,157
teamfirst mentality,157
emergency veterinarian,157
workstations,157
irs reassignment preference program,156
structural dynamics,156
patient contact,156
food inventory,156
impact assessment,156
medical sonography,156
interdisciplinary team meetings,156
home health services,156
outpatient experience,156
screening tests,156
roadways,156
warranty claims,156
fire sprinkler systems,156
moderate physical activity,156
blsbasic life support healthcare provider,156
temptoperm employment,156
401(k) savings,156
pcb,156
illness prevention,156
hazardous medications,156
m365,156
certified case manager (ccm),156
sox controls,156
aim,156
cultivation,156
product identification,156
tax credits,156
subassemblies,156
beauty advisor,156
hair stylist,156
structural concrete,156
fortune 500,156
microsoft operating systems,156
retail assistance,156
fryers,156
agency policies and procedures,156
centrifuges,156
design changes,156
ability to lift and move patients,156
construction process,156
executive compensation,156
ability to work safely,156
excellent written communication,156
master of science,156
licensure as a registered nurse,156
satellite communications,156
special studies,156
inperson,156
staffing levels,156
basic food handling training,156
weblogic,156
auto cad,156
community activities,156
shears,156
annuities,156
diesel,156
proprietary technology,156
drug screens,156
golf courses,156
sales strategy development,156
aba therapy,156
value creation,156
comptia network+,156
data flow,156
intervention strategies,156
empower,156
submittal management,156
email etiquette,156
subcontractor relationships,156
oregon registered nurse license,156
nals,156
climate science,156
skilled trades,156
24hour access to consultant,156
substation engineering,156
leadership references,156
service agreements,156
passion for hair styling,156
alcohol beverage certification,156
frequent lifting,156
semiconductors,156
test scenarios,156
food safety requirements,156
health & safety regulations,156
policy issuance,156
subcontract administration,156
wind,156
compliance auditing,156
physician consultation,156
401(k) retirement,156
mental health first aid,156
np licensure,156
dental practice management,156
domain driven design,156
disability options,156
product expertise,156
strong computer literacy,156
grc,155
platform engineering,155
ssl acceleration,155
medicinal chemistry,155
trend awareness,155
custodial services,155
overtime management,155
medical lab technician,155
special stains,155
crisis stabilization,155
bachelor's degree in businessrelated field,155
ukg,155
luxury retail experience,155
professional writing,155
core java,155
restock returned and recovered merchandise,155
patient coordination,155
be/bc,155
tax interview,155
project organization,155
long term (travel),155
job development,155
financial experience,155
swim instruction,155
sterling,155
recommender systems,155
providers,155
master's degree in social work marriage and family therapy mental health counseling or psychology,155
human resources experience,155
medical exemption,155
gage r&r,155
third party payor requirements,155
food costing,155
cash application,155
certification & license reimbursement,155
uk employment opportunities,155
health surveillance,155
machine shop,155
safe alcohol service,155
pharmaceutical care,155
project closure,155
autonomous,155
product education,155
quantity calculations,155
safety shoes,155
ability to bend at the waist and twist,155
general education degree,155
sealants,155
pharmacy benefits,155
24/7 availability,155
career path,155
quality issues,155
vsphere,155
user experience (ux),155
machinery repair,155
cleanliness and sanitation,155
selfdirectedness,155
store receiver,155
electrical engineering technology,155
automotive technology,155
rrt,155
technical problemsolving,155
pscad,155
safety management systems,155
market share growth,155
instrument rating,155
us security clearance,155
work in all weather conditions,155
medsurg nurse,155
cashier functions,155
gp,155
delivery driving,155
global health,155
capital management,155
paylocity,155
contracted salary,155
rf engineering,155
active and unrestricted rn license,154
registered vehicle,154
varicella,154
surgical assisting,154
basic pc skills,154
software training,154
lgbtq+ care concierge services,154
* problemsolving,154
jrcert,154
vigilance,154
patient goals,154
fulltime or parttime,154
conference attendance,154
fda guidelines,154
psychiatric disorders,154
lab safety,154
bachelor's degree in marketing,154
patient condition monitoring,154
animal behavior,154
baccalaureate in nursing,154
effective oral and written communication skills,154
solid waste management,154
smart home technology,154
file organization,154
nonprofits,154
healthcare software,154
letters of reference,154
scrub,154
histopathology,154
nsca,154
countermeasures,154
health and dental benefits,154
moving assistance,154
human behavior,154
booking,154
errand running,154
cross selling,154
ies,154
noxious odors,154
diverse patient population,154
bilingualism (spanish),154
documentation standards,154
multidisciplinary projects,154
research & development,154
avma accreditation,154
wellorganized,154
it literate,154
security investigation,154
collaborative work style,154
travel arrangement,154
costpoint,154
treatment protocols,154
clear and concise communication,154
limited supervision,154
facility design,154
sap s/4 hana,154
financial calculations,154
welding inspection,154
camhs,154
incentive pay,154
ability to work under pressure and meet deadlines,154
specialty pharmacy,154
test case development,154
paid orientation,154
ability to learn new technologies,154
behavior support plans,154
pharmaceutical experience,154
union experience,154
ability to operate equipment,154
normal hearing,154
grievance resolution,154
green belt certification,154
elder care,154
m2o,154
advanced education,154
asap start date,154
operations support,154
specialization,154
great clips® brand experience,154
computer system,154
exceptional customer service skills,154
bipolar disorder,154
process standardization,154
online crm system,154
assisting in planogram implementation and maintenance,154
operational activities,154
corporation tax,153
cae,153
health risk assessments,153
quotation,153
information provision,153
expense reimbursement,153
medical law,153
conference calls,153
lean practices,153
agencies,153
health and safety guidelines,153
spotfire,153
service operations,153
investment advice,153
practice standards,153
donor cultivation,153
maintenance reporting,153
individual development plans,153
laceration repair,153
high performance computing,153
emotional resilience,153
lifting up to 50 lbs.,153
fire codes,153
contractual compliance,153
lifting techniques,153
resource identification,153
tourism,153
positive mindset,153
mutcd,153
401k retirement savings program,153
cost reports,153
pharmacy technician certification,153
crew leadership,153
business reporting,153
updates,153
patient rounds,153
safety skills,153
grocery store experience,153
standard procedures,153
staad.pro,153
high school diploma or ged certificate,153
issue identification,153
cardiac nursing,153
directhire personnel,153
event marketing,153
servo drives,153
verizon,153
payroll taxes,153
sales planners,153
peopleoriented,153
amazon ppc,153
dsm,153
pediatric advanced life support certification,153
transitional care,153
planogram changes,153
quality compliance,153
communication with patients and families,153
document drafting,153
ohio rn license,153
hard working,153
project collaboration,153
cloud applications,153
paraprofessional,153
margin analysis,153
franchise management,153
road design,153
certificates of insurance,153
mars volunteer program,153
hr strategies,153
travel subsidies,153
design requirements,153
handover,153
drains,153
business transactions,153
merit increase,153
itil framework,153
big box experience,153
fitness assessment,153
fitness classes,153
interdepartmental communication,153
community agencies,153
maintaining key control,153
crowd control,153
it hardware,153
occupational health and safety act,153
oral care,152
overcoming objections,152
community work,152
teaching excellence,152
alternative work schedule,152
mobile mechanic,152
hair styling skills,152
reproductive health,152
san virtualization,152
medical leadership,152
digital communication,152
closed transactions,152
medical professionals,152
research findings,152
computer security,152
project progress,152
substitute teaching,152
civic engagement,152
abet accredited program,152
radiology tech,152
tn,152
student information systems,152
structural heart,152
legal authorization to work in the united states,152
shift lead,152
meeting preparation,152
technical education,152
dredging,152
calibrations,152
private medical cover,152
project costing,152
google slides,152
animal nutrition,152
child custody,152
metrics tracking,152
coordinate,152
bopis,152
vision and hearing,152
cpap,152
va handbook 5005,152
physical ability to lift and maneuver 30lbs,152
continuing education programs,152
buyer,152
social needs,152
pediatric intensive care,152
data exploration,152
ad trusts,152
mpi,152
energy audits,152
mentoring experience,152
tax knowledge,152
hotel discounts,152
state dental license,152
incontinence care,152
shop equipment,152
security architecture reviews,152
trial balance,152
clinical data analysis,152
kyc,152
business architecture,152
force protection,152
packaging engineering,152
md/do degree,152
building products,152
creative planning,152
professional qualifications,152
functional assessment,152
response,152
master's degree in psychology,152
edap,152
cloud native,152
18 years old,152
iv pumps,152
deferred compensation plan,152
eager to learn,152
oms,152
cas,151
energy management systems,151
broadband,151
community health education,151
streaming,151
clerical procedures,151
online courses,151
abap,151
provide superior customer service leadership,151
msn degree,151
equipment inspections,151
it strategy,151
cad/cam technology,151
certified nursing assistants,151
basketball,151
nclexrn prep course,151
propulsion systems,151
food category expert,151
ms office suite proficiency,151
waterproofing,151
air,151
document production,151
academic affiliation,151
server resource capacity management,151
cqi,151
intervention plans,151
foodservice management,151
nicu experience,151
push/pull,151
housekeeping standards,151
wineries,151
b.s. degree,151
documentation creation,151
hybrid/remote work,151
grief support,151
spatial analysis,151
analytics tools,151
teamwork and collaboration skills,151
team building events,151
organizational leadership,151
order tracking,151
traffic control flagger certification,151
nj state professional registered nurse license,151
astm standards,151
language ability,151
professional indemnity insurance,151
claims analysis,151
elastic search,151
transportation projects,151
medical travel,151
user acceptance testing (uat),151
resident services,151
neurological,151
ms degree,151
clinical laboratory scientist license,151
handling objects,151
medical record maintenance,151
neurophysiology,151
community impact,151
profiles,151
model sparsification,151
mechatronics engineering,151
vip and dsd policies and procedures,151
clinical research experience,151
prior experience,151
collaboration with clinic members,151
shift rotation,151
lgbtq+,151
commitment to learning,151
new york city,151
property management system,151
multifamily projects,151
equal employment,151
qa/qc procedures,151
bid documents,151
fraud investigation,151
food sampling,151
leisure,151
road testing,151
next.js,151
san francisco,151
utility coordination,150
iso27001,150
education and experience,150
excellent written communication skills,150
u.s. person,150
java script,150
home programs,150
adult psychiatry,150
acrobat,150
quantum computing,150
asq certification,150
unload trucks,150
ability to manage time effectively,150
financial performance analysis,150
medical supplies handling,150
3d models,150
training support,150
medicare/medicaid,150
ability to grasp,150
wet conditions,150
55a program,150
blood donation,150
coping mechanisms,150
occupational therapist license,150
planning applications,150
reward,150
roasting,150
sales & marketing,150
ms office skills,150
ability to carry push and pull objects,150
extron,150
arrt (r),150
short and longterm disability coverage,150
drainage systems,150
mileage,150
damaged merchandise processing,150
consultative,150
accreditation council for graduate medical education (acgme),150
palo alto firewalls,150
patient care equipment,150
patient demographics,150
fta,150
storage services,150
cissp certification,150
educational needs,150
active bar membership,150
spend analysis,150
big 4 experience,150
trauma counseling,150
emergency department (ed),150
drug interactions,150
master’s degree in nursing (msn),150
views,150
cloud access control,150
multithreaded programming,150
cmms (computerized maintenance management system),150
employee and family assistance program,150
oncology rn,150
clinical license,150
longterm relationships,150
international airport,150
state board of nursing,150
psychological treatment,150
outreach activities,150
bid evaluation,150
cme days,150
ad,150
ase automotive certifications,150
ability to lift 4055 lbs.,150
routings,150
ux research,150
ccne,150
sfdc,150
local codes,150
associates or bachelor's degree,150
postregistration experience,150
ability to work independently and as a team,150
linux operating systems,150
hp,150
ownership mentality,150
b2c,150
revenue optimization,150
topshelf manager training,150
market insights,149
visa,149
generous benefits package,149
paid professional liability insurance,149
health and fitness,149
cultural exchange,149
bill.com,149
lifting equipment,149
aseptic processing,149
teambased approach,149
investment accounting,149
excellent attendance,149
housekeeping experience,149
high energy level,149
forbes,149
earned value analysis,149
geographic diversity,149
fatigue analysis,149
identity and access management (iam),149
cloudbased systems,149
control system design,149
psychiatric experience,149
house supervisor,149
process flow,149
school nurse,149
high level of professionalism,149
dual diagnosis,149
easements,149
general ledger reconciliation,149
referral and loyalty bonuses,149
phone screening,149
music performance,149
general repairs,149
fact establishment,149
grilling,149
customer journey mapping,149
registered behavior technician (rbt),149
financial strategies,149
walmart academies,149
driving and transportation,149
tax implications,149
clinical systems,149
operate cash register and flatbed scanner,149
unit operations,149
longterm care facilities,149
lecturing,149
client,149
ux/ui,149
coach,149
national electric code (nec),149
joint injections,149
software management,149
taxfree per diems,149
microsoft packages,149
facility policies,149
labour relations,149
safe registration,149
ongoing professional development,149
strategic procurement,149
qgis,149
smed,149
prints,149
strong math skills,149
collaborative opportunities,149
written comprehension,149
epic software,149
icp,149
multiple priorities management,149
video editing software,149
a133,149
territory sales,149
project workflow,149
agency policies,149
radiologic procedures,149
pft,149
ocn certification,149
trenching,149
new business,149
clientcentered approach,149
advanced communication skills,149
previous customer service experience,149
competency tests,149
learning needs,149
wcf,149
building engineering,149
selfassessment,149
environmental management systems,149
building envelope,149
generous benefits,148
ability to work well with others,148
criminal defense,148
juris doctorate degree,148
cataract surgery,148
moving objects,148
nbstsa,148
net zero,148
hazardous conditions,148
creative skills,148
collaborative spirit,148
physical capabilities,148
home dialysis training,148
clinical mental health counseling,148
operations work planning,148
tig requirement,148
milieu management,148
bva membership,148
surgeons,148
medical technologies,148
extensive travel,148
alf,148
store appearance,148
pdts,148
stepdown,148
conflict of interest,148
time keeping,148
technical ability,148
mobile application development,148
2+ years of rn experience,148
open architecture platform,148
final cut pro,148
tolerances,148
mft,148
food technology,148
ability to work flexible schedules,148
activities of daily living (adl),148
bim 360,148
venue management,148
workplace health and safety,148
edr,148
previous management experience,148
resource person,148
material estimation,148
material flow,148
club coremed,148
polymer chemistry,148
ordinances,148
opencv,148
apple products,148
remote monitoring,148
legal opinions,148
security risk assessments,148
occupancy,148
electrical project management,148
supportive culture,148
employment practices,148
color distinction,148
terminating,148
data solutions,148
fasb,148
wireless networks,148
job description,148
basic nursing skills,148
data model,148
paid medical malpractice,148
clean water act,148
drawing review,148
dod clearance,148
datadriven solutions,148
program leadership,148
asc,148
multiple sclerosis,148
personal and professional growth,148
epic experience,148
arizona fingerprint clearance card,148
eeo/aa/disability/protected veteran employer,148
policy formulation,148
ibm,148
food assembly,148
budget execution,148
physicianled organization,148
frequent and proper lifting,148
logistics experience,148
corporate taxation,148
steaming,148
mentoring and training,148
aa,148
reading and following planograms,148
testing methodologies,148
eyewear,148
chronic pain,148
tqm,147
401k matching program,147
assist in planogram implementation,147
mumps,147
professional learning,147
visual display,147
* attention to detail,147
athletic trainer,147
workfromhome,147
stock handling,147
statement of research,147
interface design,147
sailpoint iiq,147
issue escalation,147
emergency response planning,147
discrepancies,147
cpa exam,147
developmentally appropriate practices,147
asp.net mvc,147
software platforms,147
nema,147
clinical background,147
technical skills:,147
code enforcement,147
conference presentations,147
countertop maintenance,147
intervention implementation,147
transplant awareness,147
blood glucose monitoring,147
physical findings,147
fellowship trained,147
project tool,147
paid relocation,147
case management system,147
pricebook maintenance,147
emotional wellbeing,147
perioperative medicine,147
google chrome,147
financial awareness,147
central line care,147
data stewardship,147
retail marketing,147
languages:,147
real estate accounting,147
ceu courses,147
neonates,147
rotating schedule,147
agile development practices,147
state nurse practice act,147
transport planning,147
settlement negotiations,147
seating,147
market awareness,147
risk adjustment,147
hoists,147
intensivist,147
data research,147
qapi,147
banquet operations,147
legal research tools,147
directives,147
remote access solutions,147
claims adjudication,147
family friendly policies,147
defence,147
analytical equipment,147
budgeting software,147
401k plan with company match,147
ba/bs in accounting,147
rn  registered nurse,147
proficiency with computers,147
certification in case management,147
health & safety management,147
weapons handling,147
tinting,147
security incident escalation,147
food supplies handling,147
value propositions,147
sensory perception,147
high school graduation,147
encompass,147
centos,147
pharmacy experience,147
physical test,147
order placement,147
year 15 exit,147
controls systems,147
tax projections,147
technical engineering,147
orcad,147
retirement programs,147
hard hat,147
hearing ability,147
restorative care,147
operations manager,147
basic life and ad&d,147
medical science,147
bachelor’s degree in nursing,147
administrative activities,147
ecommerce experience,147
team goals,147
emotional maturity,146
leader,146
nebosh general certificate,146
uptodate,146
agency management systems,146
content curation,146
progress recording,146
insolvency,146
xray technologists,146
legal guidance,146
interdisciplinary communication,146
crowns,146
email support,146
memory management,146
filling,146
environmental justice,146
expense analysis,146
annual company store allowance,146
test development,146
engineering fundamentals,146
enpc certification,146
medication reviews,146
change management skills,146
group management,146
postsurgical care,146
administrative staff,146
facilities engineering,146
communication disorders,146
network technologies,146
hiv/aids,146
sap hana,146
educational materials,146
nutrition counseling,146
union relations,146
intuit turbotax products,146
surveillance systems,146
lvn license,146
fitness reimbursement,146
fittings,146
strong work/life balance,146
physical training,146
weight management,146
account retention,146
continual improvement,146
case managers,146
advanced life support (als),146
procedure assistance,146
ability to establish and maintain effective working relationships,146
specialty training programnursing,146
sediment control,146
retail floor generalist,146
aerospace industry experience,146
cardiovascular medicine,146
ability to handle and be in contact with birds/poultry,146
food waste management,146
construction activities,146
protected veteran status,146
multivariate time series,146
patent opinions,146
data access,146
undergraduate education,146
red cross,146
channel sales,146
usda category i accreditation,146
postproduction,146
ability to lift and carry up to 60 pounds,146
training needs identification,146
opg,146
pet grooming,146
invoice approval,146
strong selling skills,146
transmission line design,146
network optimization,146
distribution center,146
data analytics tools,146
resource development,146
financial tracking,146
income tax returns,146
keyboard proficiency,146
digital mammography,146
patient assistance,146
cleanroom,146
stakeholder interaction,146
prestressed concrete,146
food supplies,146
quality orientation,146
associate resource groups,146
microsoft power platform,146
access controls,146
model engineering,146
business process modeling,146
ingredients,146
educational support,146
multiple assignments,146
inventory counts,146
autodesk (autocad civil3d),146
signing for refunds,146
plan,146
event logistics,146
bachelor of science nursing,146
criminal history,146
talent sourcing,145
psychological services,145
pennsylvania license,145
group term life insurance,145
hiring and staffing,145
charge entry,145
lcp,145
coloring,145
strong interpersonal communication skills,145
awards and recognition,145
vendor contracts,145
limit setting,145
timber,145
consultative sales approach,145
pragmatism,145
evms,145
senior nurse,145
agenda management,145
pricing models,145
cpr certificate,145
chainsaws,145
occupational therapy assistant,145
clinical service,145
manufacturing supervision,145
maintaining a clean store,145
flight planning,145
remote work experience,145
receiving inspection,145
licensure and certification,145
banquet management,145
rf systems,145
paid holiday,145
administrative policies,145
interpersonal abilities,145
demeanor,145
highenergy,145
addiction recovery,145
benefit package,145
book of business,145
returns and exchanges,145
variable shifts,145
dental xray,145
earned value,145
ehr (electronic health records),145
food service equipment,145
hpc,145
goal completion,145
discovery requests,145
texas driver's license,145
gcms,145
deal closing,145
electrical test equipment,145
electrical technician,145
evaluate,145
generalist,145
auditory skills,145
biamp,145
effective verbal and written communication skills,145
employee referral scheme,145
backups,145
batch cooking,145
facrrm,145
surgical technology program,145
pension plans,145
mailing,145
quality customer service,145
extended health,145
space,145
site manager,145
ability to provide an incredible customer experience,145
emergency maintenance,145
veterinary terminology,145
diverse environment,145
crossfunctional leadership,145
crm experience,145
test driving,145
collecting payment and making change,145
high ethical standards,145
business conduct,145
research utilization,145
communication facilitation,144
drive item program management,144
research collaboration,144
basic business math,144
client reporting,144
adjustment,144
bachelor's in construction management,144
selfcare skills,144
schneider electric,144
vehicle repairs,144
associate professor,144
highpressure situations,144
trimble,144
dust and mop store floors,144
ultrasound equipment,144
training in addiction treatment,144
good laboratory practices (glp),144
operational improvement,144
stakeholder relationship building,144
pediatric hospitalist,144
expansion,144
compassion and empathy,144
paid caregiver leave,144
educational assessment,144
proficiency in ms office suite,144
synapse,144
inperson training,144
aetna ppo and hsa plans,144
erp experience,144
transportation experience,144
leadership potential,144
acute care rn experience,144
heavy machinery operation,144
real estate experience,144
debug,144
english language communication,144
endodontist,144
openstack,144
service experience,144
neurological conditions,144
constitutional law,144
network switches,144
mrp/erp systems,144
3ds max,144
csections,144
qa testing,144
overrides,144
ts clearance,144
earned value management system (evms),144
apta,144
commercial property management,144
military operations,144
elder law,144
diverse workplace,144
teaching plan,144
classes,144
concierge,144
dvm/vmd,144
ability to work in a clean and organized environment,144
test plan,144
restaurant retail or hospitality experience,144
casual dining experience,144
maintain register countertops and bags,144
resultoriented,144
product preparation,144
paid weekly,144
passion for helping people,144
dds/dmd degree,144
protected health information,144
patient care needs,144
data retention,144
datasheets,144
w9 income tax form,144
microsoft office suite (outlook excel word powerpoint),144
profinet,144
capture management,144
product validation,144
contributory pension,144
vehicle driving,144
sequential models,144
ability to operate store equipment,144
payroll tax,144
related experience or training,144
engineering science,144
certified case manager,144
bed making,144
social interaction,144
culinary education,143
communicates effectively,143
xray technician,143
humor,143
nontraditional work hours,143
insurance plans,143
blood gas analysis,143
clash detection,143
fpge (nabp),143
connection,143
internal stakeholders,143
corporate culture,143
meters,143
financial record keeping,143
client visits,143
covid19 vaccination or exemption,143
data communications,143
sales floor,143
personnel training,143
dependency management,143
bentley (microstation open roads),143
acute care nursing experience,143
21 cfr part 11,143
ph,143
food allergies,143
xcode,143
payroll compliance,143
travel industry experience,143
architectural plans,143
culinary excellence,143
professional counseling,143
rfqs,143
willingness to work nontraditional hours,143
ethernet/ip,143
credential reimbursements,143
ability to work in a high energy team environment,143
fifo method,143
tb clearance,143
locating merchandise,143
project analysis,143
monday  friday,143
imagination,143
constructability review,143
free quality private housing,143
equipment performance,143
3+ years of relevant experience,143
us citizenship or green card,143
visual aids,143
relevance,143
financial administration,143
dashboard,143
counterterrorism,143
individualized plan of care,143
project scopes,143
meraki,143
accredited program,143
rn education program,143
employee recognition program,143
therapists,143
emailing,143
spirituality,143
everify compliance,143
analytical software,143
mathematical computations,143
national insurance,143
credit applications,143
ana code of ethics for nurses,143
collaborative practice,143
oral expression,143
research program,143
ieps,143
conops,143
work methods,143
project updates,143
connectwise,143
interview techniques,143
safety and risk management,143
product backlog,143
compilers,143
hootsuite,143
statutory requirements,143
alternative delivery,143
critical care registered nurse (ccrn),143
insurance authorization,143
production operative,143
graduate of accredited school of nursing,143
3d modeling software,143
reference checking,143
schedule creation,143
information dissemination,143
public housing authority,143
business to business sales,143
sensitivity to diversity,143
competency assessments,143
submittal,143
vxworks,143
positive culture,142
w2 employment,142
protected health information (phi),142
employee stock purchasing program (espp),142
ntp,142
sustainable development,142
ts16949,142
evening availability,142
statistical analyses,142
credit checks,142
dean,142
cryptocurrency,142
external stakeholders,142
active driver's license,142
tls,142
algorithm design,142
electrical contracting,142
manufacturing support,142
tax services,142
religious exemption,142
product displays,142
store standards,142
defibrillator,142
janitorial supplies,142
health & safety compliance,142
team lead experience,142
bachelor's degree in construction management or engineering,142
advance directives,142
8 years of experience,142
property and casualty insurance license,142
paid parental vacation and sick leave,142
cts,142
bls cpr,142
hr practices,142
clinical evaluations,142
craftsmanship,142
telecommunications construction,142
microsoft intune,142
statutory accounting,142
consumer behavior,142
custodial work,142
organizational culture,142
remedy,142
mobile device management,142
procurement processes,142
therapeutic techniques,142
range of motion,142
crosssectional images,142
securities registration,142
std/ltd,142
pfds,142
inspection methods,142
weekdays,142
12 hours nights,142
cash facility and safety control,142
rewards and recognition,142
disability determinations,142
vsphere powercli,142
property tax,142
electronics design,142
personcentred care,142
technical supervision,142
colleges,142
psychiatric nurse practitioners,142
climate control,142
legal assistance,142
preventative medicine,142
restorative practices,142
industrial automation systems,142
utility systems,142
tree care,142
monitor and evaluate patients,142
aws security,142
student mentoring,142
good organizational skills,142
following recipes,142
vulnerable populations,142
recruitment and hiring,142
crane flagging and rigging,142
breast,142
client documentation,142
criminal justice system,142
azure data lake,142
fluent,142
nonconformance reports,142
memorandums,142
forklift driving,142
robustness,142
staff coaching,142
performance improvement plans,142
vendor negotiation,142
vendor negotiations,142
email campaigns,142
distribution operations,142
industrial distribution,142
laboratory results,142
coding compliance,142
design optimization,142
security guard,142
knowledge of cash facility and safety control policies and practices,142
lifestyle,142
kerridge,142
video games,142
ability to provide incredible customer experience,141
financial analytics,141
bachelor’s degree in engineering,141
theoretical knowledge,141
cellular biology,141
industrial technology,141
data center construction,141
clinical information systems,141
threading,141
ltd insurance,141
active veterinary state license,141
patient medical records,141
project assistance,141
soar,141
shift coverage,141
subpoenas,141
office machines,141
perdiem,141
side effects,141
direct supervision,141
hospital procedures,141
cashier duties,141
process audits,141
aia,141
preliminary design,141
cmes,141
electronic devices,141
8 hour shift,141
store safety,141
front office specialists,141
focused interview,141
nissan,141
culture building,141
work health and safety,141
leading teams,141
fast paced work environment,141
accounting knowledge,141
microsoft dynamics crm,141
jpa,141
pattern recognition,141
sap pm,141
building permits,141
dbs clearance,141
food manufacturing experience,141
guest engagement,141
oral and written instructions,141
unemployment claims,141
target,141
prescription refills,141
guidewire,141
business savvy,141
service bulletins,141
freight management,141
mytime mobile app,141
cloud certifications,141
collections management,141
garnishments,141
substance abuse testing,141
income tax preparation,141
special educational needs,141
ancc certification,141
renal nursing,141
high school diploma equivalency,141
cad/cam software,141
upward mobility,141
compact licenses,141
contest management,141
administration of medication,141
ability to train and lead others,141
treatment coordination,141
employer contribution,141
pediatric nurse practitioner,141
patient wellbeing,141
travel allied,141
project plan,141
project forecasting,141
hourly wage,141
electromechanical assembly,141
resumes,141
software verification,141
parttime employment,141
sarbanesoxley (sox),141
integration projects,141
financial statement,141
platform,141
psychology license,141
front desk experience,141
post anesthesia care,141
cardio,141
internet of things,141
oasis assessments,141
reliable communication,141
case report forms,141
followthrough skills,141
market expansion,141
nail care,141
circuit boards,141
workplace culture,140
communication and coordination,140
industrial control systems,140
biosafety,140
forensic psychology,140
policies & procedures,140
ic,140
culinary leadership,140
media strategy,140
group leadership,140
datadriven marketing,140
hardware subsystems,140
programmable logic controllers (plc),140
ability to travel as needed,140
software design patterns,140
mouse,140
cleaning the front end of the store,140
online advertising,140
professional practice evaluation,140
overnight shifts,140
special agent selection system (sass),140
mri technology,140
general neurology,140
environmental audits,140
tridium,140
financial success,140
tax forms,140
master scheduling,140
proposal review,140
spinal cord injury,140
coating,140
dental terminology,140
back of house,140
collaborates,140
ability to travel frequently,140
job scheduling,140
christian faith,140
extra income,140
geoint,140
assistant manager experience,140
selfreflection,140
arrt registered,140
journeyman electrician license,140
financial reconciliation,140
health practices,140
gpt models,140
coffee,140
linkedin sales navigator,140
collaborations,140
white card,140
bed management,140
eligibility to work in the united states,140
itemization,140
bachelor's degree in business or marketing,140
banking software,140
grocery experience,140
fastpaced retail environment,140
material deliveries,140
cmms systems,140
emergency veterinary medicine,140
health and wellness program,140
insurance authorizations,140
20 hours per week during peak season,140
salt,140
logistics support,140
test strategies,140
mental health counselor,140
delivery experience,140
groundworks,140
motor vehicle check,140
cleanroom environment,140
deltek vision,140
emergency equipment,140
training initiatives,140
computeraided design,140
recruiter available 24/7,139
pricing tools,139
criminal investigations,139
legislative compliance,139
wealth transfer planning,139
insurance information,139
5+ years of management experience,139
good judgement,139
store presentation,139
hmrc,139
music and pop culture knowledge,139
capabilities,139
inprocess inspection,139
ranching,139
hr analytics,139
fsma,139
perinatal mental health,139
plan development,139
cardio pulmonary resuscitation (cpr),139
nmr,139
material handling equipment (mhe),139
cancellations,139
social impact currency,139
licensed,139
board eligible/certified,139
clinical staffing,139
rules of evidence,139
partnership tax,139
inventories,139
matrixed organization,139
datadriven analysis,139
fbmultipier,139
strategy implementation,139
design techniques,139
medical needs,139
ability to operate pos system,139
personal financial management,139
escalations,139
act,139
kitting,139
attendance record,139
budget creation,139
professional development tools,139
project scope definition,139
heavy equipment repair,139
emergency handling,139
problem analysis and resolution,139
operational risk management,139
reassessments,139
basic research,139
training documentation,139
legal principles,139
project status communication,139
commercial transactions,139
server maintenance,139
fluoride treatments,139
rn or lpn license,139
cannulation,139
dms,139
ability to work in inclement weather,139
computer competency,139
process safety management (psm),139
cleaning supplies,139
medical device regulations,139
onboarding reimbursement,139
network configurations,139
health information technology,139
tuning,139
image acquisition,139
gfsi,139
prototype development,139
career,139
dodge,139
honest,139
sexual harassment certificate,139
performancebased compensation,139
dictation,139
academic writing,139
tender management,139
open and/or close the store,139
school,139
account strategy,139
billable hours,139
behavioral therapy,139
coordination of services,139
experience working with military,139
merchandise processing,139
nec contracts,139
agile framework,139
restorations,139
ability to work irregular hours,139
credit card reconciliation,139
sales results,139
federal acquisition regulations (far),139
traumatic brain injury,139
team leadership and development,139
active secret security clearance,139
sales funnel management,139
chain of command,139
life skills training,139
professional organization membership,139
additional languages,139
youth work,138
cpr bls,138
novated leasing,138
cleaning agents,138
online platforms,138
casual work environment,138
product research,138
ability to perform repetitive hand and arm motions,138
core,138
team events,138
bachelor's degree in engineering or related field,138
static analysis,138
videobased communications,138
ability to work in various environments,138
vendor evaluation,138
oneline diagrams,138
local,138
advanced practice clinicians,138
medical practice management,138
drug free workplace policy,138
equipment training,138
equipment specification,138
employment law compliance,138
blood sugar,138
master data,138
ids,138
eplan,138
7 years of experience,138
repetitive movements,138
repetitive movement,138
front end development,138
bending and twisting,138
federal holidays,138
asbestos,138
relationship skills,138
inquisitiveness,138
electrical aptitude,138
staffing best practices,138
healthcare teaching,138
jury trials,138
construction details,138
engaging,138
clinical study reports,138
fiber optic,138
optical systems,138
state driver license,138
carry,138
flex spending accounts,138
texas license,138
bilingual spanish (preferred),138
* project management,138
basic salary,138
paid timeoff,138
continuing professional development (cpd),138
pest management,138
neurological care,138
contractor,138
telematics,138
procedure compliance,138
clia regulations,138
securities industry essential (sie) exam,138
collecting payment from customers,138
multidisciplinary rounds,138
autozone,138
dissemination,138
big data analytics,138
level,138
neurocritical care,138
job planning,138
project documents,138
office skills,138
resident teaching,138
clean driving license,138
collaboration with healthcare providers,138
er nurse,138
food safety protocols,138
operator training,138
clinical pastoral education (cpe),138
tool box talks,138
analytical approach,138
safety committee,138
work breakdown structures,138
chemical industry,138
organizational impact,138
cfr,138
requirements traceability,138
linux system administration,138
lpn/lvn,138
food service sanitation certificate,138
cellbased assays,138
service calls,138
associate,138
therapeutic modalities,138
behavior technician,138
agency,138
concrete design,138
details,138
magnet designation,138
21 years of age or older,138
residential treatment,138
maxim's competency program,138
blog,138
journeyman,138
ilf,138
rf scanner,138
subordinate management,138
mapping tools,138
salesperson license,138
atlassian tools,138
emergency treatment,138
ppe compliance,137
following company policies,137
motor vehicle records check,137
indoor/outdoor conditions,137
duty to warn,137
manufacturing technology,137
bid proposals,137
environmental impact assessments,137
netsmart,137
financial instruments,137
pac,137
fair housing certification,137
disability and life insurance,137
travelling,137
lab equipment maintenance,137
cms regulations,137
inductive reasoning,137
parts inventory management,137
data loss prevention (dlp),137
receiving opening and unpacking cartons and totes,137
partnership opportunity,137
float,137
peoplecentric,137
awardwinning technical training,137
floating holiday plans,137
clinical performance,137
ability to lift objects weighing up to 25lbs,137
cultural,137
outpatient only,137
paid mileage,137
business travel accident insurance,137
service knowledge,137
internal systems,137
sanitation regulations,137
lcmhc,137
medical degree (md or do),137
alarms,137
optician license,137
training needs,137
knowledge of administrative aspects of store operations,137
handyman,137
automotive diagnostics,137
kind,137
animal models,137
literature searches,137
blow molding,137
bag and package checks,137
wetland delineation,137
electromagnetics,137
women owned and operated travel staffing company,137
research management,137
csibridge,137
quality nursing care,137
red hat,137
extreme conditions,137
nadcap,137
positive environment,137
claim management,137
stormwater design,137
humancomputer interaction,137
new product introduction (npi),137
ira,137
substance use treatment,137
test plan development,137
quality assurance testing,137
regulators,137
business decisions,137
maintaining a clean and wellorganized store,137
equipment validation,137
internet usage,137
w2,137
communication and teamwork,137
dialysis treatment,137
high school diploma/ged/equivalent,137
entitlements,137
training courses,137
anomaly detection,137
computerized maintenance management systems (cmms),137
product stocking,137
subsystems,137
scientific,137
distribution centers,137
a/r,137
nightshifts,137
deal structuring,137
duration: 13 weeks,137
lease enforcement,137
shelving,137
machine and equipment moving,137
first or third shift availability,137
estates,137
haccp compliance,137
jury duty leave,137
maintenance activities,137
end stage renal disease,137
hepatitis b,137
ios development,136
disability programs,136
event planning and execution,136
call required,136
accredited college or university,136
registered respiratory therapist (rrt),136
adobe products,136
isolation,136
gender affirmation services,136
ability to lift/carry 50 pounds,136
travel nursing experience,136
srs,136
symfony,136
employment eligibility,136
project portfolio management,136
accounting processes,136
exotics,136
microsoft tools,136
supplier collaboration,136
scriptwriting,136
medical lab science,136
warehouse organization,136
trinity health,136
bachelor's degree nursing,136
evidencebased therapies,136
labor and employment law,136
customer needs identification,136
personal computer skills,136
swimming instruction,136
business intelligence systems,136
hybrid cloud,136
equal employment opportunities (eeo),136
color matching,136
trane trace,136
functional skills,136
family nurse practitioner (fnp),136
continuous improvements,136
job safety analysis,136
supportive team environment,136
research coordination,136
electrocardiography,136
cross functional collaboration,136
scientific publications,136
store systems,136
technical account management,136
statement of work (sow),136
data reduction,136
code requirements,136
swim instructor,136
residential property management,136
document processing,136
employerpaid life insurance,136
avionics systems,136
exit strategies,136
financial budgeting,136
online supply system,136
infection control policies,136
product planning,136
fedramp,136
transport management,136
plans of care,136
scale,136
commission plan,136
hospital systems,136
cosmetology or barber license,136
human services experience,136
food safety manager certification,136
competency testing,136
cpa (certified public accountant),136
project cost management,136
tfcbt,136
coaching and counseling,136
storage architecture,136
general nursing,136
commodity management,136
documentation maintenance,136
product compliance,136
cpt4,136
cooperative relationships,136
delivery coordination,136
pos (point of sale),136
biological hazards,136
roadway modeling,136
sterile environment,136
hyundai,136
403b plan,136
leadership team,136
academic research,136
reconditioning,136
qbe,136
spreadsheet skills,136
organizational behavior,136
emotional health,136
quality testing,136
arrt (ct),136
diabetes care,136
lifting up to 50lbs,136
some college coursework,136
data curation,136
safety rules and regulations,136
digital signage,135
food handling certifications,135
military standards,135
own tools,135
pride in work,135
act 33 with renewal,135
sales consulting,135
mail distribution,135
high school diploma/equivalent,135
ability to work in various conditions,135
food handling and sanitation,135
food handling certificate,135
heat treatment,135
food safety and hygiene,135
honda,135
box cutter,135
crouch,135
ecg interpretation,135
cash accountability,135
therapeutic,135
icar certification,135
english (verbal and written),135
talent planning,135
esthetician,135
leadership coaching,135
ability to work weekends and evenings,135
vmware ha,135
women,135
457(b),135
scalable solutions,135
cips,135
emergencyer,135
2 years rn experience,135
discount,135
complex sales,135
inpatient experience,135
cardboard bailing,135
library science,135
network documentation,135
bug tracking,135
alm,135
401(k) plan with company match,135
divestitures,135
cams,135
play,135
best management practices,135
stock locator system,135
good laboratory practices,135
contingency plans,135
annual budget,135
health and safety requirements,135
commissionbased opportunity,135
standard first aid,135
hybrid learning,135
procurement strategies,135
lean concepts,135
client value,135
firearms training,135
requirements allocation,135
store equipment,135
postanesthesia care,135
technical resource,135
customer relationship management (crm) systems,135
process capability,135
ability to work with computers,135
ambulatory surgery,135
programming skills,135
objectivec,135
genetic information,135
msk,135
gmp manufacturing,135
behavior analyst certification board (bacb),135
career pathing,135
maternity and paternity leave,135
performance targets,135
chaplain,135
group psychotherapy,135
factory acceptance testing,135
performance requirements,135
journeyman license,135
opening cartons,135
web browsers,135
money management/money relationship,135
social networking,135
total stations,135
seafood sustainability,135
paid vacation days,135
brand building,135
selfesteem,135
work permit,135
instructional leadership,135
service industry,135
model validation,135
ticket management,135
medication assisted treatment,135
ngs,135
occupational safety and health administration (osha),135
lodging,135
capacity building,135
proficient in english,135
positive learning environment,135
eyfs,135
trach care,135
snacks,135
nys licensure,135
medication errors,135
business finance,135
circulating nurse,135
helpdesk,135
clinical direction,135
construction schedule,135
senior electrical engineer,135
accounts receivable (ar),135
digital electronics,134
ph.d. degree,134
criminal investigation,134
multidisciplinary treatment,134
fault tree analysis,134
burn care,134
special diets,134
engineering studies,134
scientific literature,134
erps,134
geometric layout,134
laparoscopic surgery,134
disabled,134
overhead crane operation,134
animal rescue,134
judgment skills,134
erosion and sediment control,134
general education,134
merit increases,134
neonatal resuscitation program (nrp) certification,134
task execution,134
instrumentation engineering,134
active np license,134
appreciation events,134
lakes,134
eh&s,134
registered nurse (rn) experience,134
occupational health & safety,134
manpower,134
financial planning and analysis,134
multiunit management,134
soccer,134
federal acquisition regulation (far),134
current nursing license,134
physician recruiter,134
right to work,134
cognitivebehavioral therapy (cbt),134
computational fluid dynamics (cfd),134
quality experience,134
direct deposit  weekly,134
computer aided design (cad),134
proactive sourcing,134
pcqi,134
facility inspections,134
laboratory regulations,134
do178,134
data dissemination,134
workflow orchestration,134
organizational goals,134
technology consulting,134
volume,134
damages,134
free food,134
excellent schools,134
stock,134
veterinary expertise,134
personal statement,134
marriage and family therapy (mft),134
embolization,134
hs diploma or equivalent,134
server virtualization,134
training records,134
imanage,134
pride,134
guidance counseling,134
dialectical behavioral therapy,134
wisconsin,134
patient record maintenance,134
strategy consulting,134
advanced practice provider (app),134
operations leadership,134
willingness to work flexible hours,134
ability to use janitorial equipment rolling racks ladders and other assigned supplies,134
project/program management,134
private health care,134
medication therapy management,134
health information systems,134
document scanning,134
advanced imaging,134
research interests,134
vietnamese,134
mlflow,134
blender,134
communication skills (oral and written),134
revenue enhancement,134
managerial courage,134
maintenance programs,134
stemi,134
playbased learning,134
academics,134
epic systems,134
fundamentals of nursing,134
verbal and written skills,134
control testing,134
dietary management,134
pharmacovigilance,134
lab services,134
csv,134
educational commission for foreign medical graduates,134
written documentation,134
lab environment,134
structured text,134
environmental health & safety,134
therapeutic nursing,134
total productive maintenance (tpm),134
rn/lpn license,134
pgce,134
material,134
logo design,134
crawl,134
compliance regulations,134
payroll accounting,134
annual wellness visits,133
ability to lift 30 pounds,133
utilities management,133
unit and integration testing,133
sales collaboration,133
eye/hand coordination,133
therapeutic recreation,133
cyber operations,133
clean energy,133
procedural tasks,133
healthcare collaboration,133
lean construction,133
ferc,133
communication plans,133
emergency nurse pediatric course (enpc),133
replication,133
sales principles,133
safety sensitive position,133
social media advertising,133
boiler,133
standardized work,133
environmental programs,133
surveying equipment,133
dod experience,133
final accounts,133
adult/geriatric assessments,133
alternative dispute resolution,133
hairstylist,133
8 hours per day,133
quality of work,133
operating manuals,133
scheduling experience,133
long term incentives,133
monthly paycheck,133
cpo,133
healthcare finance,133
menu preparation,133
age requirement: 18+,133
probate law,133
plant engineering,133
educational development,133
management meetings,133
probabilistic graphs,133
dsmv,133
dental office management,133
communication abilities,133
leasing experience,133
scripts,133
fitness industry experience,133
structural drawings,133
parentteacher conferences,133
fitness programming,133
ammunition,133
climate controlled,133
board certification or eligibility in internal medicine,133
new products,133
business resource groups,133
transportation design,133
multistate compact license,133
c/c++ programming,133
sample analysis,133
cultural beliefs,133
cleaning restroom and stockroom,133
superior customer service,133
brochures,133
mlt,133
legal practice,133
execution skills,133
tax experience,133
contact information,133
statics,133
licensure and certification reimbursement,133
vacuum systems,133
cdla,133
mandatory education,133
transition,133
mobilization,133
testing and validation,133
multiple tasks,133
ophthalmologist,133
promotional activities,133
working around moving parts,133
line checks,133
english (written and verbal),133
new business opportunities,133
purchase agreements,133
cloud environment,133
legal research software,133
electrical design software,133
daily logs,133
ability to lift and move merchandise,133
eap (employee assistance program),133
modicon,133
marketing programs,133
familybuilding benefits,133
google calendar,133
building plans,133
chemical processing,133
skype,133
computer programmer,133
compliance with company policies and procedures,133
executive presentations,133
hra,133
maintain,133
walmart,133
municipal law,133
embedded software engineering,133
ability to lift and move up to 50 pounds,133
act 73,133
smtp,133
client interfacing,133
crisis communications,133
documentation control,133
separation and divorce,133
vms,133
cisco ios,133
matplotlib,133
azure databricks,133
train,132
experience in customer service,132
acr accreditation,132
g.u.e.s.t.+ model,132
acute care setting experience,132
civil rights,132
point of sale (pos) software,132
medical laboratory technician (mlt),132
secretarial,132
series 7 & 66 licenses,132
latitude,132
h&s,132
finra,132
ability to stand or walk for 8 hours,132
preceptor program,132
validation testing,132
restaurant leadership,132
good manufacturing practices (gmps),132
deliverables management,132
consumables,132
international,132
requests for information,132
waste removal,132
service manager,132
mortgage servicing,132
maintenance operations,132
a/p,132
retail associate,132
ability to work well under pressure,132
internal equity,132
selecting,132
hiring diverse talent,132
vision acuity,132
ability to read,132
nephrology nursing experience,132
sensitive information handling,132
flexibility in scheduling,132
sales and marketing experience,132
lucrative referral bonus,132
rn registered nurse license,132
excellent attention to detail,132
scheduling assistance,132
writing and editing,132
omnichannel,132
mechanical engineer,132
shrmscp,132
strong oral and written communication,132
clientfacing skills,132
fire suppression,132
classroom experience,132
time in grade (tig) requirement,132
college credit,132
model based systems engineering,132
osha 30hour certification,132
water heaters,132
culinary arts degree,132
targets,132
mst,132
cloud architect,132
collaborative practice agreement,132
membership programs,132
talent assessment,132
software analysis,132
strong organization skills,132
high voltage systems,132
performance development,132
2 years of relevant experience,132
full stack,132
healthcare data,132
performancedriven,132
valid dc license,132
consulting engineering,132
couples counseling,132
hear,132
laboratory specimens,132
competitive hourly rate,132
clinical orientation,132
petrochemicals,132
quality control management,132
labor/delivery rn,132
machine vision,132
laser hair removal,132
commercial skills,132
new york medical license,132
suicide risk assessment,132
manufacturing practices,132
transportation assistance,132
public key infrastructure,132
laboratories,132
congenital anomalies,132
diploma or associate of science degree in nursing,132
autozone systems,132
journeyman electrician,132
sailpoint,132
delegation of care,132
computer based training (cbt),132
surgical extractions,132
cloud development,132
behavioral intervention,132
ability to handle multiple priorities,132
parts sourcing,132
visual monitoring,132
chronic hemodialysis,132
frameworks:,132
compliance programs,132
performance expectations,132
patient planning,132
alta surveys,132
behavior plans,132
research publications,132
biometrics,132
hazwoper training,132
chronic illness management,131
black belt,131
cybersecurity governance,131
outcomes identification,131
bridge,131
hdfs,131
professional presentation,131
time management and organizational skills,131
finance experience,131
pmi certification,131
s/4hana,131
good clinical practices (gcp),131
paralegal experience,131
5+ years of relevant experience,131
employermatching contributions,131
public safety foundation initiatives,131
disposition,131
management techniques,131
preemployment drug testing,131
pfts,131
cme/bea,131
laboratory policies and procedures,131
industry codes and standards,131
gas chromatography,131
sme,131
technical operations,131
pinching,131
buffing,131
awareness,131
tuition waiver,131
emt certification,131
target driven,131
system operations,131
flex,131
kitchen staff training,131
covid19 vaccinations,131
agency management software,131
interviewing techniques,131
exceptional guest service,131
radiologic technology program,131
employment history,131
babel,131
sns,131
touch,131
service oriented architecture,131
automotive inspections,131
high noise levels,131
medical technologist (mt),131
assistant general manager,131
user management,131
project charter,131
windowsstyle applications,131
compliance with company policies,131
program reviews,131
patent attorney,131
devops engineering,131
pto days,131
commodities,131
system validation,131
jupyter,131
demonstration,131
quality control inspections,131
normal office environment,131
clinical rounds,131
department of defense,131
purchase order,131
ability to work in a loud environment,131
fine arts,131
restaurant concepts,131
psychological interventions,131
wireless access points,131
registered psychiatric nurse,131
policy and procedure enforcement,131
ohsas 18001,131
mental health conditions,131
diverse team,131
performer number,131
player development,131
crisis management skills,131
staffing services,131
speaking skills,131
restraint,131
dental medicine,131
molecular biology techniques,131
delegation of tasks,131
forensic analysis,131
quality control checks,131
swot analysis,131
gymnastics,131
ability to meet physical requirements,131
standards of conduct,131
rn program,131
packaging materials,131
chevrolet,131
adobe reader,131
courses,131
federal acquisition regulations,131
data collection and reporting,131
complex project management,131
retail execution,131
dish tv,131
primary care physicians,131
selforganization,131
billings,131
strict deadlines,131
willingness to follow up on leads,131
crew motivation,131
document control procedures,131
educational commission for foreign medical graduates (ecfmg),131
learning disability,131
gym memberships,131
debris removal,131
specific vision abilities,131
interfolio,131
mechanical work,131
weapon systems,131
structural mechanics,131
rbt,131
slope stability,131
product development lifecycle,131
disinfecting,131
donor stewardship,131
employee appreciation events,131
store opening,130
fundus camera,130
consultation services,130
headhunting,130
sans,130
allocation,130
field reports,130
neatness,130
equal opportunity/affirmative action,130
hvac/r,130
communicate effectively,130
ms sharepoint,130
demonstrating,130
engineering techniques,130
tail insurance,130
asd,130
timecards,130
employee perks,130
epic electronic health record (ehr),130
facility security,130
education support program,130
medical plan of care,130
accidents,130
crnas,130
ccna security,130
education through archways to opportunity,130
inventory audits,130
crisis intervention skills,130
finra series 7,130
business expansion,130
trades,130
teaching techniques,130
some college,130
deadline driven,130
direct marketing,130
employee health/medical record software,130
optical sales,130
kitchen cleanliness,130
research methodologies,130
spanish language fluency,130
aa degree,130
service provision,130
backup childcare and parenting support resources,130
accreditation requirements,130
digital communications,130
performance reports,130
production optimization,130
physician and physician assistant job board,130
ability to use computers,130
tennis,130
digital sales,130
inclusive excellence,130
social development,130
diversity & belonging,130
scheduling tools,130
technical factors,130
fast food,130
interdisciplinary care planning,130
safe work planning,130
public cloud technologies,130
taping,130
project costs,130
overhead cranes,130
procure to pay,130
intermediate care,130
automatic transfer switches,130
professional responsibility,130
acute,130
customer issue resolution,130
illinois,130
chemical cleaning,130
construction operations,130
payables,130
workfront,130
rolling racks,130
jamf,130
process knowledge,130
international financial reporting standards (ifrs),130
retail industry knowledge,130
alzheimer's disease,130
homework assistance,130
iv starts,130
hospitality industry knowledge,130
evacuation procedures,130
healthcare projects,130
guaranteed pay,130
capital improvements,130
fee proposals,130
plstower,130
cache optimization,130
age requirement (18+),130
integrated marketing,130
film,130
sales executive,130
planning and organization skills,130
arcgis online,130
disease process,130
outpatient primary care,130
data abstraction,130
finetuning,130
academic medical center,130
grant reporting,129
issa,129
letters,129
grand rounds,129
a+,129
unit tests,129
acpe,129
custody,129
safe systems of work,129
phone interview,129
analytical method development,129
medical laboratory scientist (mls),129
pc hardware,129
bilingual spanish (for certain locations),129
nursing support,129
honesty and integrity,129
401k with matching after 6 months,129
emass,129
outcome measures,129
associate relations,129
photocopier,129
equipment sterilization,129
spcolumn,129
ability to work in a diverse environment,129
scopes,129
process simulation,129
financial billing,129
electronic records,129
geometric design,129
multicast,129
fulltime registered nurse,129
product analysis,129
ecommerce marketing,129
stocker skills,129
subnetting,129
takeout service,129
problem recognition,129
cinemark guidelines,129
professional publications,129
capacity analysis,129
cih,129
educational administration,129
telephone support,129
exceptional care,129
trending,129
micro services,129
clinical practice standards,129
motion design,129
jde e1,129
msee,129
midas,129
adverse reactions,129
survey equipment,129
ability to perform physical tasks,129
medical/surgical/telemetry,129
server/storage vmotion,129
evolution,129
facility systems,129
solicitation,129
concurrent review,129
diversity and inclusivity,129
sdks,129
regulatory bodies,129
group supervision,129
software knowledge,129
employment type: travel,129
conditioning,129
ssop,129
clinical setting experience,129
portion sizes,129
m.d. or d.o. degree,129
material coordination,129
london,129
scheduler,129
allscripts,129
repair procedures,129
pcie driver development,129
reliable attendance,129
culinary/food and beverage industry experience,129
amazon sponsored product ads,129
manufacturing accounting,129
control systems engineering,129
ability to communicate effectively with customers and coworkers,129
national board of surgical technology and surgical assisting (nbstsa),129
wiring schematics,129
wardrobing,129
fha,129
field observations,129
variable schedule,129
performance data,129
preoperative assessment,129
continuing education benefits,129
inspection techniques,129
police clearance,129
clean store,129
substance abuse disorders,129
quotas,129
michigan,129
data fusion,129
client service orientation,129
nat,129
american heart association basic life support (bls),129
healthcare fsa,129
children's hospital,129
work safety,129
relationship management skills,129
vaccination requirement,129
general liability insurance,129
ms office tools,129
engagement skills,129
engineering projects,129
ipc,129
hr certification,129
physical capability,129
engineering disciplines,129
perioperative experience,129
big picture thinking,129
data architect,129
student management,129
computerized tomography (ct),129
site supervisor,129
landscape construction,129
estimator,129
hydraulic engineering,129
student behavior management,129
research tools,129
3x12 shift,129
engineering tools,128
freedom,128
ability to read write and speak english,128
calmness under pressure,128
inspection procedures,128
msha,128
exceptional accomplishment,128
labels,128
diagnostic assessment,128
24hour shifts,128
medical staff membership,128
riba,128
instructional methods,128
paid personal leave,128
radiological technologist,128
radiology equipment,128
medication education,128
hourly rounds,128
oral,128
drama,128
iterative development,128
tanks,128
team working skills,128
private dentistry,128
menu items,128
curious,128
retrofit,128
aca/acca,128
monitor patient responses,128
contact center,128
wellbeing benefits,128
ant,128
edge computing,128
sims,128
protocol compliance,128
haccp standards,128
work order completion,128
emrs,128
tech support,128
esl,128
care team,128
websphere,128
shareholder opportunity,128
sense of smell and touch,128
pacu experience,128
accredited physical therapy program,128
home risk assessments,128
account penetration,128
prime travel assignments,128
solution proposal,128
neuro icu,128
health literacy,128
security & access control management,128
packer,128
discharge plans,128
csuite,128
15+ years of experience,128
liaison committee on medical education (lcme),128
active participation,128
production systems,128
user needs,128
effective verbal communication,128
accuracy and attention to detail,128
abb,128
intensive care nursing,128
lettings,128
high places,128
aging,128
semrush,128
contract types,128
network building,128
457b,128
interchange design,128
alcohol abuse,128
senior manager,128
invoice,128
candidate management,128
photogrammetry,128
pipeline generation,128
ability to lift up to 40 lbs.,128
contrast injection,128
communication with families,128
workplace investigations,128
ability to work with a diverse customer base,128
security administration,128
german language,128
dynamism,128
sustainable solutions,128
paye,128
drug utilization review,128
american society for clinical pathology (ascp),128
diversity equity and inclusion programs,128
behavior intervention,128
accounting concepts,128
travel industry,128
action,128
drugfree workplace policy,128
authorizing refunds and overrides,128
clinician,128
power engineering,128
diversity and inclusion commitment,128
customer service training,128
medical lab scientist,128
sales trends,128
advanced certification,127
schematic,127
electrical standards,127
ct experience,127
servsafe certified,127
treatment goals,127
clinic experience,127
academic achievement,127
cloud platform,127
image evaluation,127
ability to handle difficult situations,127
billing management,127
tape measure reading,127
markdown,127
sas programming,127
windows 10/11,127
pumping stations,127
pennsylvania medical license,127
manager on duty,127
health care providers,127
perioperative nurse,127
acute dialysis,127
program improvement,127
media production,127
physical condition,127
logistical support,127
employee wellness,127
emergency room registered nurse,127
interview prep,127
trips,127
anxiety disorders,127
behavioral health nursing,127
shift leadership,127
competitive commissions,127
psychiatricmental health,127
natural gas,127
agile principles,127
teacher training,127
circular economy,127
line balancing,127
los software,127
aacn synergy model,127
tree trimming,127
diploma in early childhood,127
purchasing experience,127
arrt (american registry of radiologic technologists),127
construction layout,127
openminded,127
database skills,127
strategic recommendations,127
computer functions,127
group sessions,127
system evaluation,127
electric pallet jacks,127
environmental control,127
dental school,127
controlnet,127
debt,127
dependable vehicle or public transportation,127
personnel policies,127
12 hours day shift,127
specification review,127
n/a,127
retail customer assistance,127
quality commitment,127
detail,127
nurse midwife,127
database concepts,127
pain,127
antiharassment,127
site characterization,127
incident escalation,127
conversation,127
social media content creation,127
aws cloud practitioner,127
preemployment testing,127
ability to work in a dynamic environment,127
targetoriented,127
vendor invoices,127
special education program administration,127
paperwork processing,127
interdisciplinary care team,127
suspension repair,127
scanner operation,127
it asset management,127
veeam,127
subcontractor selection,127
dental and vision benefits,127
hardware configuration,127
account growth,127
it consulting,127
hydraulic structures,127
research and evidencebased practice,127
vascular technology,127
mobile technologies,127
construction costs,127
patientcentric,127
network development,127
safety mindset,127
communication (written and oral),127
engine diagnostics,127
positive role model,127
dna extraction,127
radiographic techniques,127
behavioral psychology,127
ceqa,127
minor surgery,127
medical referrals,127
security incident response,127
medical billing and coding,127
it infrastructure management,127
graph databases,127
medication refills,127
extraction,127
delivery scheduling,127
direction following,127
migration projects,126
drugfree environment,126
regulatory codes,126
cultural activities,126
insight,126
developer,126
grills,126
digital dentistry,126
independent worker,126
low income housing tax credits (lihtc),126
biomedical research,126
work area maintenance,126
coverages,126
data consolidation,126
local and travel contracts,126
tcp/ip networking,126
program compliance,126
company provided housing,126
delegation of authority,126
robots,126
remote military installations,126
standard practices,126
digital photography,126
ability to work nights weekends and early mornings,126
businesstobusiness,126
yield management,126
general cardiology,126
water/wastewater,126
workflow organization,126
insurance contracts,126
emerging trends,126
hospital information systems,126
project drawings,126
travel allowance,126
travel rn,126
stakeholder influence,126
custodial,126
travel industry knowledge,126
point of sale (pos) system,126
donations,126
american registry of radiologic technologists certification,126
ability to work 40 hours per week,126
selfservice marketing,126
symbility,126
deep neural networks,126
im,126
supplemental life and ad&d,126
order zones and drop shipment categories,126
subcontractor supervision,126
fouryear degree,126
ms projects,126
authorize refunds,126
hospital services,126
inventory transactions,126
area manager,126
nca certification,126
employee wellness programs,126
emergency nurse,126
state bar,126
credentialing fees,126
change provision,126
continuing education courses,126
safe work procedures,126
skm power tools,126
subcontractor oversight,126
iatf16949,126
sales commission,126
clinical diagnosis,126
shift work flexibility,126
scorecards,126
affiliate marketing,126
fpgec (nabp),126
gemba walks,126
roster management,126
engineering background,126
starting bonus,126
attendance/punctuality,126
patient progress evaluation,126
semiconductor manufacturing,126
excellent communication and presentation skills,126
specialist,126
inventory monitoring,126
qt,126
one year of nursing experience,126
lifting and moving objects,126
ability to work in heights,126
current ppd or chest xray,126
mechanical engineering degree,126
cardiac mri,126
program supervision,126
protocol writing,126
project status,126
overhaul,126
defibrillation,126
treatment techniques,126
health/dental/vision,126
treatment team meetings,126
baggage handling,126
zoning regulations,126
arms,126
clinical specialty,126
web browsing,126
boarding,126
food discounts,126
routing protocols (ospf bgp),126
high precarious places,126
nerve blocks,126
ips,126
medical facility,126
system installation,126
shift reports,126
leadership support,126
bipap,126
wset certifications,126
computer software applications,126
financial advisor,126
cgmp regulations,126
pc software,126
public holidays,126
vectorworks,126
natural sciences,126
financial planning specialist (fps) program,126
arrhythmia interpretation,126
grades,126
vaccination against covid19,126
bim software,126
store leadership,126
shared services,126
advanced degrees,126
material inspection,126
specialized procedures,126
digital asset management,126
drill press,126
seafood knowledge,126
management information,126
lease negotiation,126
onsite support,126
legible handwriting,125
district management,125
network installation,125
master electrician license,125
first aid qualification,125
ministry,125
diseases,125
engineering change orders,125
critical illness cover,125
cath lab rn,125
ordering practices,125
risk assessment and management,125
biomedical sciences,125
build merchandise displays,125
event support,125
store closing,125
sap successfactors,125
bim360,125
3d cad software,125
blending,125
learning resources,125
isolation precautions,125
aci certification,125
time and attendance management,125
cnmt,125
pension and 401(k) plans,125
serving food,125
work authorization in the united states,125
transformer,125
convenience,125
tree removal,125
b2b saas,125
retiree medical plans,125
work,125
doctor of nursing practice,125
aorn,125
damage assessment,125
land planning,125
mrp system,125
michigan nursing license,125
innovations,125
prescription benefits,125
ability to train others,125
logstash,125
equipment layout,125
ability to push pull and lift more than 25 pounds,125
invasive cardiology,125
his,125
customer service manual,125
program delivery,125
electrical power systems,125
retail hours,125
blood product administration,125
proofreading skills,125
user account management,125
construction inspections,125
nrfsp,125
gearboxes,125
embedded system design,125
housing first,125
cota,125
vendor certifications,125
equipment repairs,125
bachelor's degree in technical discipline,125
bone density,125
commuting,125
quickbooks desktop,125
ability to handle stress and work under pressure,125
circuitry,125
account executives,125
standard portion sizes,125
international traffic in arms regulations (itar),125
http compression/caching,125
excellent verbal communication,125
adult nursing,125
threeyear diploma from accredited diploma program,125
corporate transactions,125
clinical tasks,125
people management experience,125
osha 30 hour,125
healthcare quality,125
current license,125
cable,125
behavioral analysis,125
health department standards,125
healthcare organization,125
design plans,125
precision medicine,125
agile frameworks,125
material requirements planning,125
professional evaluations,125
internal reporting,125
technological advancements,125
staff accountant,125
therapeutic exercise,125
desktop applications,125
fluid management,125
anesthesia care,125
elk,125
basic it skills,125
oral instructions,125
experimental protocols,125
retail work experience,125
local marketing,125
restaurant management software,125
work coordination,125
bedside shift report,125
stand for long periods,125
personal care assistance,125
continuous improvement tools,125
consultation skills,125
test analysis,125
schedule control,125
financial guidance,125
preauthorization,125
private client law,125
environmental laws,125
spiritual assessment,125
ordering systems,125
fellowships,125
special education case manager,125
regulatory policies,125
working environment,124
registered nurse credential,124
climbing ability,124
actuarial,124
cable management,124
engineering change management,124
autoclaves,124
parenting,124
amenities,124
streaming applications,124
pos computer system,124
wine,124
authorized to work in the united states,124
pediatric cardiology,124
gaming regulations,124
nmtcb certification,124
ability to respond to emergencies,124
regular reliable attendance,124
frequent lifting of up to 40 pounds,124
oncall schedule,124
retail sales management,124
leadership capabilities,124
infrastructure architecture,124
gross profit,124
company phone,124
team foundation server,124
conventions,124
every other weekend,124
esri arcgis,124
cloud service technologies,124
25 days holiday,124
action plan development,124
sondermind platform,124
adherence to policies,124
interface,124
financial statement review,124
personcentered therapy,124
developmental psychology,124
cabinetry,124
patient and family teaching,124
maintenance requests,124
backend,124
customer obsession,124
communication channels,124
health dental vision insurance,124
balance sheet analysis,124
100% paid housing,124
classroom environment,124
simulation software,124
mandated reporter training,124
oral presentation,124
department meetings,124
seafood,124
factfinding,124
hotels,124
patient and family education and counseling,124
strategic plan,124
meter reading,124
collateral,124
consent forms,124
vocational school,124
nbstsa certification,124
clearcase,124
training parallelism/partitioning design,124
audit findings,124
designers,124
company cell phone,124
stainless steel,124
paralegal certification,124
teller experience,124
budget allocation,124
change navigation,124
appraising,124
electronic health record (ehr) systems,124
fluent in english,124
network diagrams,124
arrhythmias,124
ability to work at least one shift within 6 months,124
data queries,124
military culture,124
marketing activities,124
course modules,124
ability to pack and unpack shipments,124
component testing,124
primavera 6,124
transition management,124
cash control policies and practices,124
bedside care,124
travel nurse rn,124
american board of medical specialties,124
pmt,124
project safety,124
physical development,124
suv/hatchback/minivan,124
leadership and supervision,124
means and methods,124
solid modeling,124
outdoor hiking,124
fabrication drawings,124
enhancement,124
nycbased,124
cleaning solutions,124
safety devices,124
laboratory supervision,124
intake and output,124
applied epic,124
statutory reporting,124
behavioral challenges,124
operational audits,124
opensource frameworks,124
active performer number,124
bsa,124
crms,124
security and compliance,124
food standards,124
autonomous driving,124
excellent time management,124
packet inspection,124
hand calculations,124
liquidity management,124
study protocols,124
product life cycle management,124
windows dns console,124
smartphone or tablet,124
coaching and feedback,124
contract closeout,124
behavioral assessment,123
hybrid work options,123
policy development and implementation,123
clinical rotation,123
ubuntu,123
identity and access control policy platform,123
drivers,123
load flow,123
questionnaire,123
composite materials,123
series 7 and 66 licensing exams,123
application software,123
meals and incidentals allowance,123
north carolina,123
yearly bonus,123
field measurements,123
pneumatic controls,123
ability to work flexible hours including weekends and holidays,123
lecture,123
error handling,123
ability to live in the service area,123
open houses,123
cognitive assessment,123
devops practices,123
bachelors,123
data dictionaries,123
internal control maintenance,123
cen certification,123
census,123
educational services,123
ipv4,123
traffic control plans,123
gel electrophoresis,123
western union,123
document management software,123
dc license,123
marital status,123
surgical dermatology,123
oracle pl/sql,123
findings,123
work packages,123
milestone tracking,123
digital dental radiography,123
credit underwriting,123
nonconformance,123
insurable driving record,123
pears,123
bs/ba,123
construction sites,123
product presentations,123
diverse population,123
professional services experience,123
transferring patients,123
401(k) with matching contributions,123
joint commission accredited,123
sales management experience,123
automation solutions,123
ssas,123
document management system,123
uncapped commissions,123
oregon,123
strategic objectives,123
rally,123
restocking merchandise,123
lifestyle modifications,123
3d,123
control system,123
import/export,123
american sign language,123
service evaluation,123
new markets tax credits (nmtc),123
school policies,123
exhaust systems,123
power system analysis,123
life cycle management,123
uplc,123
food preparation techniques,123
dbs checks,123
icd10 codes,123
healthcare recruiting,123
food or retail experience (preferred),123
embedded c,123
doctor of veterinary medicine degree,123
content planning,123
covid19 vaccination requirement,123
proposal submission,123
bipoc,123
ability to push/pull 50 pounds,123
toxic or caustic chemicals,123
electronic security,123
10+ years construction experience,123
forecast,123
education benefits,123
monthly meetings,123
research grants,123
leadership and motivation,123
quality training,123
linq,123
dmp,123
ba,123
emergency lighting,123
customer audits,123
longterm incentive stock award,123
visual requirements,123
make drawer pulls,123
real estate knowledge,123
food and catering trends,123
engineering designs,123
engineering collaboration,123
construction terminology,123
knowledge of store operations,123
paid time off and paid holidays,123
peds,123
patient treatment plans,123
secure coding,123
affidavits,123
upkeep,123
cold environment,123
vevraa federal contractor,123
nondisclosure agreements,123
strategic goals,123
care provision,123
technology use,123
asme y14.5,123
community collaboration,123
esxi,123
assistive devices,123
national standards,123
stigs,123
mathematical abilities,122
mathematical,122
equipment coordination,122
ofsted,122
microsoft office suite (excel powerpoint word),122
senior software engineer,122
intacct,122
locum,122
pca,122
influenza,122
frontend,122
database user interface,122
opportunity zones (oz),122
guest service experience,122
bachelor's degree or equivalent work experience,122
board of directors,122
specialized attire,122
content editing,122
tracheotomy care,122
following policies and procedures,122
saas solutions,122
standardized procedures,122
illinois license,122
exhibits,122
immunoassays,122
medical student teaching,122
401k flex spending,122
design trends,122
licensing team,122
system reliability,122
us government security clearance,122
food purchasing,122
trust accounting,122
ms office suite (word excel outlook),122
industry codes,122
ability to work with hazardous materials,122
commissionbased earnings,122
payroll system,122
national certification in area of specialty,122
communication software,122
trade compliance,122
irs and state requirements compliance,122
refund signing,122
contract position,122
bachelor's degree in relevant field,122
short & longterm disability,122
federal aviation regulations,122
full administrative support,122
selfadvocacy,122
cis benchmarks,122
urologist,122
longterm planning,122
incision and drainage,122
plating recipes,122
esri,122
shortterm & longterm disability,122
building security,122
watering,122
industrial machinery,122
registered professional nurse (rn) license,122
abdomen,122
doctorate degree in medicine,122
viewing computer screen,122
special program access,122
total rewards program,122
veterinary software,122
cleaning and maintaining store,122
career preferences matching,122
basic cardiac life support (bcls) certification,122
membership dues,122
veteran's preference,122
noisy environment,122
animal surgery,122
campaigns,122
maintaining cleanliness,122
trailers,122
space systems,122
comsec,122
hr reporting,122
quantity surveyor,122
clinical mentorship,122
volunteer orientation,122
driver,122
visionary leadership,122
office equipment proficiency,122
nurse residency,122
master's degree in accounting,122
uk driver's license,122
microsoft office suite (word powerpoint excel),122
aerial lift devices,122
student retention,122
supplies and equipment management,122
daycare,122
tax strategy,122
advanced technologies,122
as/400,122
lead nurturing,122
lumbar puncture,122
2 years of rn experience,122
tertiary care,122
hazard assessment,122
clinical practice experience,122
interqual criteria,122
time series analysis,122
lean process and philosophy,122
mail management,122
cqc standards,122
usp 800,122
oral skills,122
access to a vehicle,122
individual contributor,122
direct mail services,122
housing and urban development (hud),122
virtual work,122
user flows,122
bilingual english/spanish speaking and writing skills,122
yard cleanliness,122
exercise programs,122
pesticide license,122
dissolution,122
cloud computing platforms,122
aorn standards,122
information synthesis,122
ece,122
nursing techniques,122
asap,122
ability to work holidays,122
interface control documents,122
client orientation,122
iosh managing safely,122
certified nephrology nurse,122
hew,122
field service engineer,122
data products,122
production orders,121
surgical suites,121
excellent verbal communication skills,121
cultural events,121
crisis communication,121
medicine management,121
recruiting and hiring,121
scientific computing,121
equipment checks,121
leadership development programs,121
two professional supervisor references,121
salaried,121
hr support,121
instruction interpretation,121
beauty industry knowledge,121
team effort,121
hand trucks,121
industrial management,121
prizes,121
dol,121
responsibilities,121
beverage,121
cleaning stockrooms,121
environmental issues,121
creative mindset,121
shipping/receiving,121
jcaho standards,121
sewer,121
autonomous vehicles,121
inquirybased learning,121
education planning,121
renewable energy tax credits (retc),121
molecular cloning,121
metrics reporting,121
opening and closing duties,121
california clinical laboratory scientist license,121
bachelor of science in civil engineering,121
flexible scheduling options,121
ability to work saturdays,121
patrols,121
sales representative,121
making appropriate drawer pulls,121
active state nurse practitioners license,121
selfdetermination,121
enterprise architect,121
devops tools,121
cleaning products,121
technical studies,121
preemployment fingerprint check,121
clear aligners,121
autonomous environment,121
email applications,121
manufacturing procedures,121
plant layout,121
risk assessment and mitigation,121
raiser's edge,121
intercom,121
submissions,121
charge capture,121
radiographic examinations,121
amn healthcare,121
banking services,121
regional,121
cci,121
skilled care,121
working capital,121
activities of daily living assistance,121
store layout,121
client feedback,121
close visual acuity,121
regulatory experience,121
satisfactory references,121
mychart,121
mental capacity act,121
apple,121
licensed therapists,121
program manager,121
financial coaching,121
american medical association,121
disease state management,121
system improvements,121
reporting software,121
advanced cardiovascular life support (acls) certification,121
membership,121
bilingualism (quebec only),121
energy sector,121
evidencebased nursing practice,121
loan structuring,121
bilingual in english and spanish,121
structural systems,121
project risks,121
standing endurance,121
doctoral degree in nursing,121
medical/surgical unit,121
anesthesia administration,121
reflective supervision,121
provider,121
cooperative work,121
cosmetology/barber license,121
bachelor's in mechanical engineering,121
taxfree stipend amount,121
authorization to work in the us,121
pay equity,121
health and safety practices,121
clinical policies,121
network routing,121
sales orders,121
life/ad&d insurance,121
candidate matching,121
labelling,120
manufacturing execution systems (mes),120
transcribing,120
openness to feedback,120
okrs,120
emr/ehr,120
extended work hours,120
space utilization,120
inpatient consultation,120
spa,120
upgrade projects,120
recipe creation,120
allergies,120
ambulatory setting,120
medical exemptions,120
previous sales experience,120
american registry of radiologic technologists (arrt) certification,120
operational leadership,120
agile ceremonies,120
salesloft,120
public student loan forgiveness program,120
application testing,120
metrics development,120
defect reporting,120
camtasia,120
ambulatory care experience,120
degree in engineering,120
colorado,120
ability to scan handle and move merchandise,120
gst,120
proposal evaluation,120
machine guarding,120
advanced practitioner,120
configuring,120
accessibility standards,120
cpr/bls (basic life support),120
intellectual disability,120
sf50,120
epic medical record platform,120
gpu,120
leadership and team management,120
budget adherence,120
materials procurement,120
no disciplinary actions,120
social media campaigns,120
fertility,120
monthly bonuses,120
patent,120
safety and sanitation practices,120
handheld devices,120
srh2d,120
private equity funds,120
intraoperative care,120
technology experience,120
quality policy,120
employee communication,120
thermal,120
gphc registration,120
uk registration,120
acute experience,120
pediatric emergency medicine,120
behavioral health counseling,120
pricing accuracy,120
supervisory visits,120
lcswc,120
electronic health record system,120
jigs,120
usi peak,120
crispr,120
disease diagnosis,120
ability to learn new technology,120
consumer goods,120
lab specimen collection,120
treatment recommendations,120
technical specialist,120
oil and gas industry experience,120
design process,120
clientcentric,120
pqe,120
sop's,120
diversity in the workplace,120
none,120
generous compensation,120
architectures,120
package handling,120
strategic,120
bankruptcy law,120
actionable insights,120
product performance,120
fulltime and salaried opportunities,120
safety issues,120
lonworks,120
sales and profit goals,120
closing procedures,120
permit requirements,120
supplier negotiations,120
eligibility to work in the uk,120
homebuilding,120
fbi special agent,120
operational improvements,120
annual budgets,120
implementation of care,120
primary care services,120
24 years of experience,120
biopsychosocial assessments,120
exposure to blood and body fluids,120
legal briefs,120
teacher interview,120
basic computer,120
radiographic,120
ability to push/pull,120
cad drafting,120
monday to friday schedule,120
strong menu knowledge,120
tv,120
conversion rate optimization,120
fms,120
biohazards,120
perception,120
cooking experience,120
education funding,120
clean work area,120
adaptive learning,120
comprehensive inhome health risk assessment,120
social innovation,120
tractors,120
ability to bend and twist at the waist,120
educational assistance program,120
scheduling system,120
autoclave,120
power system studies,120
jasmine,120
colorado rn license,120
group presentations,120
community organizing,120
files,120
scm,120
pvc,120
prescription insurance,120
agenda creation,120
passion for fitness,120
bsc,119
information exchange,119
remerchandising,119
recovery planning,119
emergency and critical care,119
building information modeling,119
financial health,119
labor planning,119
cost/benefit analysis,119
hsa plans,119
companion,119
clean and safe environment,119
group registered retirement savings plan,119
merchandise displays,119
master's degree in physician assistant studies,119
cna license,119
pe licensure,119
talent retention,119
system operation,119
sales initiatives,119
nitrous oxide,119
plc controls,119
preventive measures,119
basic first aid,119
character development,119
continuous renal replacement therapy,119
commercial lines account management,119
agile development methodology,119
engineering procedures,119
indirect patient care,119
legal training,119
cliniconnects,119
traffic signal design,119
training and certification,119
patient status,119
digital systems,119
compassionate approach,119
clinical abilities,119
nrp (neonatal resuscitation program),119
vehicle systems,119
sterilization techniques,119
relational database design,119
employerpaid training,119
project pursuit,119
minutes,119
professional engineer (pe) certification,119
finite element modeling,119
operations and maintenance,119
classroom,119
assortment planning,119
eligibility verification,119
reimbursement for travel,119
taxfree stipends,119
oregon rn license,119
valid nursing license,119
indoor and outdoor work,119
dining discounts,119
asphalt paving,119
gender equality,119
digital printing,119
american nurses credentialing center (ancc),119
intellij,119
pals (aha),119
teaching style,119
profit and loss (p&l) management,119
medical office,119
maintain cleanliness,119
gaap accounting,119
health histories,119
pop culture,119
api implementation and management,119
career guidance,119
ci polygraph,119
safety techniques,119
strong written skills,119
distance education,119
hospital fire and life safety card,119
fumes or airborne particles,119
feedback management,119
woof university,119
ability to sit for extended periods,119
infertility,119
tedds,119
adhering to company security practices and cash control procedures,119
diesel repair,119
life benefits,119
cost minimization,119
return to work,119
project cost control,119
open table,119
strong research skills,119
signaling,119
individual psychotherapy,119
mep engineering,119
restaurant supervision,119
finances,119
performing arts,119
physical and emotional health conditions,119
federal state and local requirements,119
california state license,119
preregistration,119
ductwork,119
medical supervision,119
selflearning,119
clinic operations,119
end user training,119
certified dialysis nurse,119
3d scanning,119
visual arts,119
apha,119
controllogix,119
specification interpretation,119
engagement & experience academy,119
proactive maintenance,119
accurate records,119
team focus,119
sensory requirements,119
standing orders,119
specific skills related testing,119
safe work habits,119
analysis tools,119
community college,119
prophylaxis,119
supplies ordering,119
clearance,119
social work degree,119
npdes,119
accounts payable/receivable,119
strategic advice,119
travel may be required,119
case review,118
customer billing,118
data utilization,118
traditions,118
social selling,118
capability studies,118
cardiopulmonary resuscitation (cpr) certification,118
energy solutions,118
abaaccredited law school,118
bilingual spanish/english,118
religious studies,118
efficiency academy,118
financial billing and collections,118
dress code adherence,118
telephone sales,118
wireless technologies,118
leadership programs,118
pacemakers,118
data networking,118
security principles,118
historical tax credits (htc),118
retail training experience,118
inspection tools,118
community development entity certification applications (cde),118
satellite,118
strong team player,118
site superintendent,118
tenure,118
sarbanesoxley act,118
gross margin,118
voltage drop,118
aashtoware brr,118
medical assistant experience,118
tube feedings,118
environmental impact statements,118
valid stateissued driver's license,118
italian,118
progress documentation,118
clear driving record,118
licenses and certifications,118
spectrum analyzer,118
service providers,118
speed of service,118
accounting management,118
cmmi,118
chemical testing,118
laboratory information management system (lims),118
pastry,118
professional engineer (pe) registration,118
technical reporting,118
crossfunctional coordination,118
profit sharing plan,118
icd9 coding,118
conceptual estimating,118
organizational planning,118
facilitation of learning,118
ott/ctv,118
business value,118
medical teaching,118
health card,118
maintaining a clean wellorganized store,118
wisconsin board of nursing,118
dhs suitability,118
community development financial institutions (cdfi),118
emergency department nursing,118
monthend close process,118
hospice philosophy,118
data center experience,118
frontline experience,118
expert payroll team,118
drg,118
pneumatic tools,118
collegial relationships,118
salon management skills,118
return processing,118
compensation & benefits,118
parts delivery,118
pta,118
persuasiveness,118
injection administration,118
bilingual communication,118
conditions,118
margin,118
film processing,118
manuscripts,118
risk of electrical shock,118
rs485,118
recruitment strategies,118
1+ year retail or sales management experience,118
ability to follow oral and written instructions,118
dexa,118
medicare regulations,118
2+ years experience as rn,118
sanding,118
contract nursing,118
correctional healthcare,118
safe alcohol service training program,118
ability to push and pull objects,118
parent involvement,118
slicer,118
projectors,118
water testing,118
values alignment,118
moderate noise,118
parentteacher communication,118
iso procedures,118
professional accreditation,118
conflict mediation,118
interface definition,118
technical editing,118
uda,118
anesthetics,118
dmd or dds degree,118
american osteopathic association,118
autonomous systems,118
p&id's,118
ciob,118
open enrollment,118
dust exposure,118
beaches,118
physical health assessments,118
title insurance,118
specialty,118
commercial kitchen experience,118
aerospace experience,118
task coordination,117
clinical management tools,117
light maintenance,117
workflow design,117
evidencebased nursing,117
test documentation,117
developing others,117
owasp,117
dlp,117
obstetrics & gynecology,117
ceramics,117
incidentals allowance,117
fuel discount,117
clinical coordinator,117
legislative requirements,117
ability to multitask and prioritize,117
linear accelerator,117
electronic medical record (epic),117
neonate,117
radioactive materials,117
matching,117
allergy,117
patient education and counseling,117
chf,117
gsa rates,117
digital products,117
nih stroke scale certification,117
inpatient consults,117
medical staff bylaws,117
commitment to assisting people with disabilities,117
ability to stand for 8 hours,117
martech,117
b2c sales,117
caring attitude,117
epic systems corporation  ep,117
caregiver support,117
followups,117
case notes,117
lifting heavy items,117
magento,117
flexible vacation,117
clinical internship,117
dc,117
method transfer,117
fire systems,117
customer development,117
heavy industry,117
dealership experience,117
exempt,117
mm,117
ability to handle multiple projects,117
patent preparation,117
md license,117
alcohol certification,117
accident plans,117
flow diagrams,117
coordinator,117
improvement opportunities,117
good attendance,117
competitive weekly pay,117
arizona driver's license,117
prescription plans,117
quality improvement (qi),117
company benefits,117
paid personal days,117
pega,117
frequent standing,117
public presentations,117
systemsbased practice,117
lsr core qualifications,117
cancer specific certification,117
service cloud,117
technical competency,117
proof of address,117
weekend rotation,117
inspection plans,117
vaccination administration,117
bsce,117
retention strategies,117
customer relationship,117
drug therapy,117
networking opportunities,117
preparing,117
sase,117
knowledge of clinical standards of care,117
board certification in pediatrics,117
expert witness,117
site excavation,117
regulatory issues,117
lcsw license,117
physical testing,117
shoveling,117
field marketing,117
australia,117
cybersecurity operations,117
free checking,117
storage and rotation procedures,117
aabb,117
family centered care,117
accounting operations,117
excavators,117
jacho,117
research support,117
medical autonomy,117
disaster health services,117
pardot,117
web application firewalls,117
orthotics,117
housing authority (ha),117
options,117
ability to stand/walk,117
repetitive work,117
diabetes education,117
critical values,117
tax exemption,117
timing,117
database entry,117
signon bonuses,117
ebuilder,117
robot programming,117
excellent presentation skills,117
collective agreements,117
transmission repair,117
sales knowledge,117
sage 300,117
business outcomes,117
telephone systems,117
shared governance model,117
flyers,117
motivating others,117
google cloud platform (gcp),117
vascular imaging,117
medical vision dental insurance,117
mfda licensing,117
research programs,117
service levels,117
system integrations,117
vocational counseling,117
commerciality,117
mathematics skills,117
heating systems,117
child health,117
videoconferencing,117
micu,117
workflow improvement,117
sales manager,117
passion for fastpaced work environment,116
communication devices,116
iri,116
child development associate (cda),116
revenue accounting,116
data protection act,116
design system,116
specialist register,116
layout skills,116
piano,116
instructional coaching,116
clinical responsibilities,116
domo,116
reconstructive surgery,116
engineering project management,116
compliance assurance,116
oracle sql,116
operational requirements,116
planner,116
american osteopathic association (aoa),116
data marts,116
redhat,116
changes,116
flexibility to travel,116
perforce,116
wet and humid conditions,116
homeless services,116
nmc code of accountability,116
talking and hearing,116
authorizing overrides,116
sop writing,116
professional nursing care,116
larsa,116
nuclear safety,116
ground up construction,116
room cleaning,116
project initiation,116
medical informatics,116
dermatopathology,116
financial institution experience,116
core measures,116
preceptor role,116
strong written and oral communication,116
trauma nurse core course,116
volunteer time,116
clinical rn experience,116
communicating effectively,116
material tracking,116
company van,116
os coding techniques,116
markets,116
pricing management,116
pricing negotiation,116
onscreen takeoff,116
blog writing,116
physician recruitment,116
rehab rn,116
soils,116
cartography,116
room service,116
security groups,116
stationary work,116
project team,116
physical requirements:,116
bending and kneeling,116
interfacing,116
quality engineer,116
automotive mechanic,116
behavioral health care,116
anaesthesia,116
breastfeeding,116
highway maintenance,116
notary license,116
education experience,116
dental materials,116
cpe,116
bls (cpr),116
medical case management,116
administrative processes,116
rvu,116
discovery management,116
free liability coverage,116
technical accuracy,116
full range of motion,116
disaster mental health,116
home assessments,116
abd,116
features,116
rubella,116
supplier engagement,116
strong written and verbal skills,116
jumping,116
taxexempt bond,116
electrical license,116
working in extreme temperatures,116
cv/resume,116
inperson communication,116
ability to lift 4055 lbs,116
prospect management,116
medical diagnoses,116
intercompany accounting,116
wlan,116
student debt relief programs,116
jvm,116
request for information (rfi),116
iso 26262,116
osha safety requirements,116
fitness instructor,116
electrical superintendent,116
no discrimination,116
shift premiums,116
venepuncture,116
epic electronic health record,116
must be at least 18 years old,116
external communication,116
oneonone training,116
telephone manner,116
ability to resolve conflicts,116
affordable cost of living,116
legal precedents,116
infectious and contagious diseases,116
pharmaceutical industry knowledge,116
commercial development,116
banking policies and procedures,116
board eligible or board certified,116
nonconformance reporting,116
networking technologies,116
cloud storage,116
sleep disorders,116
community planning,116
loan repayment assistance,116
asha certification,116
feedback analysis,116
develop,116
dna sequencing,116
rcca,116
nurse licensure,116
utility construction,116
glazing,116
job stress,115
nationwide,115
totalmed,115
bmi measurement,115
clean driving history,115
conducting,115
unlimited referral bonuses,115
asset tracking,115
associate veterinarian,115
matrixed environment,115
demand,115
human resources information system (hris),115
maintenance schedules,115
accreditation compliance,115
medical questionnaires,115
associate's degree or equivalent,115
etl/elt,115
optical knowledge,115
air tools,115
crimping,115
companypaid life and disability insurance,115
corporate directives,115
board certified or board eligible medical doctor,115
transportation expense assistance,115
bachelors of science in nursing (bsn),115
dependent care flexible spending account,115
washington,115
professional standards of practice,115
autodesk civil 3d,115
capital expenditure,115
denial management,115
amx,115
tactful communication,115
liaison skills,115
osha safety regulations,115
retail clerk experience,115
neglect,115
supplemental policies,115
abscess drainage,115
mobile technician,115
laboratory training,115
business process development,115
complex problemsolving skills,115
communicate with physicians,115
u.s. medical licensing examination,115
program requirements,115
diploma from an accredited school/college of nursing,115
grant proposal writing,115
complaint investigation,115
24/7 recruiter support,115
personnel files,115
special educational needs (sen),115
physical assistance,115
scenario planning,115
multichannel marketing,115
aviation experience,115
adjusting,115
doctor mentorship committee,115
equipment maintenance and repair,115
nursing practice standards,115
debriefing,115
security license,115
firmware engineering,115
ct technology,115
electronic health record documentation,115
proficient,115
drug information,115
medical field,115
research analysis,115
ethical documentation,115
wellness plan,115
polycom,115
safety gear,115
personal assistant,115
soapui,115
znet,115
health care professionals,115
knowledge of company policies and procedures,115
biweekly pay,115
industrial cleaning,115
hha,115
root cause investigation,115
medication distribution,115
external customers,115
head start performance standards,115
isp,115
emotional regulation,115
amendments,115
identity,115
associate of nursing,115
nasa,115
acute care facility,115
operations team,115
managerial economics,115
professional work ethic,115
clinical case management,115
continuous concentration to detail,115
simulation training,115
contract drawings,115
discharge instructions,115
dispositions,115
rn degree,115
charitable giving,115
lifting and bending,115
microsoft office suite (excel word),115
pay rate,115
safety reports,115
dental associate,115
systems improvement,115
pipeline building,115
treatment modality,115
windows 7,115
risk taking,115
compliance knowledge,115
dental service organization (dso),115
facility inspection,115
retaining,115
tender preparation,115
amtech,115
indeed,115
billing support,115
wind energy,115
ppt,115
healthcare setting experience,115
safety protocol,115
hedging,115
pharmacodynamics,115
statistical concepts,115
bachelor's degree in business marketing or related field,115
group policies,115
code coverage,115
water sampling,115
commercial strategy,115
irs and applicable state requirements,115
personalized treatment plans,115
application form,115
journal entry,115
documentation and record keeping,115
title,115
talend,115
great communication skills,115
setups,115
entrepreneurial skills,115
aix,114
transit engineering,114
american mental health counselors association (amhca) best practices,114
manufacturing execution system (mes),114
english as a second language (esl),114
compliance testing,114
l&d,114
family restaurant experience,114
serve safe certified,114
adult patients,114
climate resilience,114
behavioral health professions,114
network architectures,114
board certification in cardiology,114
exceptional communication,114
friendly work environment,114
vdi,114
california child abuse and neglect reporting act,114
restorative justice,114
respectfulness,114
california bar membership,114
model adaptation,114
school leadership,114
hha certification,114
cloudbased internet security,114
power industry,114
barre,114
operations consulting,114
test fixtures,114
cro,114
patient instruction,114
20 hours per week during peak tax season,114
uk work authorization,114
individual tax returns,114
development tools,114
geoscience,114
preceptor skills,114
ct procedures,114
2d cad,114
azure synapse,114
caregiver leave,114
butchery,114
diagnostic evaluations,114
data loss prevention,114
service activities,114
casual dining restaurant experience,114
dna,114
instrument time,114
project scope development,114
community mental health,114
automation frameworks,114
thermal engineering,114
clinical dentistry,114
site assessments,114
sql programming,114
strategic consulting,114
policy creation,114
new employee training,114
field investigation,114
communications management,114
computer modeling,114
audit defense,114
tobacco cessation programs,114
carpenter,114
automation scripts,114
https,114
talent identification,114
fmeas,114
demonstrating technology,114
color correction,114
cardiovascular services,114
financial integrity,114
bloodborne pathogen training,114
garment construction,114
crane flagging,114
training material,114
health dental and vision benefits,114
lifting objects,114
prescribing medication,114
serdes,114
safety assessments,114
collaborative team player,114
documentation requirements,114
benchmarks,114
service center,114
serology/immunology,114
sales monitoring,114
coworkers,114
bom management,114
ability to work flexible fulltime schedule,114
it knowledge,114
physical demand,114
register maintenance,114
ability to work fulltime,114
software development tools,114
speech clarity,114
codes of practice,114
flutter,114
cytogenetics,114
faa airline transport pilot (atp),114
engineering analyses,114
customer complaint handling,114
proficient in written and spoken english,114
laboratory policies,114
shift huddle,114
department policies,114
dependent care spending account,114
team cooperation,114
assembling,114
tax review,114
backup child and elder care,114
shift manager,114
employee reviews,114
12 hours days,114
health requirements,114
quality improvement programs,114
ncct,114
financial analyses,114
legal memoranda,114
pa rn license,114
vmware esxi,114
camera,114
high speed internet,114
mitigation plans,114
cinematography,114
therapeutic care,114
transplant modality,114
implant placement,114
resource loading,114
health and social services,114
site analysis,114
licensed registered nurse (pennsylvania),114
developmental disability,113
semiconductor industry,113
blood pressure monitoring,113
building codes and standards,113
valid u.s. driver's license,113
cultural safety,113
account receivables,113
sailing,113
public trust,113
home automation,113
bachelor's degree in accounting/finance,113
leapfrog,113
patient observations,113
40hour workweek,113
clinical settings,113
ethical hacking,113
capital equipment sales,113
exposure to noise,113
safety documentation,113
cloud service,113
noncontact tonometry,113
cultural needs,113
fitness knowledge,113
special assignments,113
case files,113
air traffic control,113
skin cancer,113
dmm,113
surgical cases,113
licensure fees,113
process troubleshooting,113
client relationship development,113
icpms,113
vdc,113
physical wellbeing,113
business drivers,113
contact management,113
order delivery,113
advanced nurse practitioner,113
unrestricted australian working rights,113
shampooing,113
immunization certification,113
aipowered crm,113
copyediting,113
skill building,113
flexible spending and health savings accounts,113
ability to lift heavy weights,113
point of contact,113
friendly environment,113
group policy management,113
peripheral equipment,113
disability benefits questionnaires (dbqs),113
complex litigation,113
fertilizing,113
msds sheets,113
nih stroke certification,113
international standards,113
numerical ability,113
electric,113
nifi,113
fm,113
active registered nurse license,113
serviceoriented architecture,113
style,113
field & stream,113
building services engineering,113
payment,113
refresher training,113
uk registered nurse,113
maryland,113
costsaving,113
gmc,113
data center management,113
legal research databases,113
customer complaint resolution,113
bc or be certification,113
parttime or fulltime,113
maintain cleanliness of rooms,113
antenna design,113
oracle netsuite,113
technical issue resolution,113
sox control,113
sox control responsibilities,113
bat,113
water infrastructure,113
aws glue,113
ltcsnf/rehab,113
safetyconsciousness,113
torts,113
musiclink foundation,113
project management systems,113
bank secrecy act (bsa),113
hardware repair,113
bachelor's degree in technical field,113
ancc  family nurse practitioner certification (fnp),113
adjunct faculty,113
infrastructure planning,113
strong drive for results,113
sales contests,113
service delivery management,113
leave administration,113
physician md/do,113
phlebotomist,113
subspecialties,113
program director,113
production process,113
nist cybersecurity framework,113
standing for extended periods of time,113
chemotherapy certification,113
philadelphia,113
course planning,113
pay applications,113
postdoctoral training,113
dot requirements,113
visual studio code,113
chiropractic diagnosis,113
letter of application,113
plasmapheresis,113
product availability,113
compensation and benefits package,113
grief,113
process evaluation,113
valid florida driver's license,113
supporting,113
vent,113
testing methods,113
carts,113
educational requirements,113
radio equipment,113
flexible schedule availability,113
instructiontuning,113
audit compliance,113
commission on collegiate nursing education,113
working alone,113
technical recruiting,113
store opening and closing procedures,113
point of sale software,113
high standards for health and safety,113
data consistency,113
cipp,113
small animal surgery,113
financial planning and analysis (fp&a),113
child abuse prevention training,113
cores,113
cardiac procedures,113
therapeutic approaches,113
health information,113
quality assurance and control,113
hipaa and osha regulations,113
professional judgement,113
amazon advertising certification,113
french proficiency,112
plumbing design,112
recertification,112
plsql,112
referral programs,112
beverage equipment,112
lean initiatives,112
irregular activity schedules,112
model based systems engineering (mbse),112
floor surfaces,112
food handling permit,112
propane dispensing,112
petroleum engineering,112
nondestructive testing (ndt),112
home repair,112
resident engagement,112
citrix adc/citrix netscaler,112
student loan refinancing options,112
equity expansion,112
interpersonal and customer service skills,112
cleaning standards,112
industry developments,112
multivendor wireless lan,112
client correspondence,112
software development best practices,112
per diem nursing,112
commitment to customer service,112
garnishing,112
parameter tuning,112
trash disposal,112
design guidelines,112
business valuation,112
mqsa,112
market segmentation,112
related duties,112
active state dea licensure,112
cdp,112
childcentric approach,112
technical discussions,112
personnel records,112
deescalation skills,112
leading by example,112
mental alertness,112
effective oral and written communication,112
gcses,112
employment laws and regulations,112
rn certification,112
gpo,112
family physician,112
html 5,112
multiple projects management,112
contract maintenance,112
opening and unpacking cartons,112
fermentation,112
certification in trade related to department,112
american registry of radiologic technologist (arrt),112
renal disease,112
armed forces covenant,112
schedule analysis,112
car sales,112
metering,112
english/spanish bilingual,112
medical instruments and equipment,112
plastering,112
feasibility assessment,112
softwaredefinedwan,112
local building codes,112
legal correspondence,112
restraint techniques,112
fluid power,112
collateral management,112
nursing home experience,112
5+ years of accounting experience,112
technical teams,112
valid driver's license and insurance,112
exhibitions,112
sensitivity analysis,112
service mentality,112
control theory,112
dental radiology,112
gitops,112
supervisory capacity,112
patient bill of rights,112
healthgrades,112
building code,112
aerobic activity,112
religious exemptions,112
formulation development,112
nist 80053r5,112
covid19 vaccination policies,112
solaris,112
health care plans,112
emergency nursing pediatric course (enpc),112
eap program,112
mechanical integrity,112
branch office support,112
patient care conferences,112
ability to lift up to 30 pounds,112
communication techniques,112
commercial driving experience,112
mathematical functions,112
surgical assistant,112
sales track record,112
gpa,112
procedure adherence,112
fluids,112
task organization,112
ipca610,112
surface preparation,112
dependent care spending accounts,112
ability to work with animals,112
pointofsale (pos),112
frying,112
exposure to cleaning chemicals,112
food safety guidelines,112
hr procedures,112
criticalthinking skills,112
public relations skills,112
basic english,112
ability to lift and carry weights,112
practicum,112
private investigator's license,112
private investigator license,112
coalition building,112
learning and growth,112
electrical system design,112
networking events,112
equipment care,112
pi,112
data center interoperability,112
quality improvement committees,112
sap system,112
research initiatives,112
patent applications,112
control algorithms,112
testing frameworks,112
biodiversity,112
cpr techniques,112
aspe,112
wellness reimbursement,112
squat,112
referral network,112
implant dentistry,112
highspeed internet access,112
multidisciplinary treatment team,112
indiana,112
common sense understanding,112
tool development,112
hvac experience,112
cleaning store,112
home care nursing,112
test protocols,112
it sales,112
community discounts,112
bank account reconciliation,112
federal and state tuition assistance,111
cctv monitoring,111
ability to work holidays and weekends,111
ip addressing,111
1099,111
injury reporting,111
data completeness,111
lpn/lvn license,111
application engineering,111
supervising experience,111
litigation strategy,111
request for proposal (rfp),111
technical capacity,111
plumbing codes,111
departmental meetings,111
development of store associates,111
market surveys,111
shopping discounts,111
foodservice industry experience,111
water conservation,111
wsus,111
caahep,111
warehouse safety,111
employee share purchase plan,111
daily huddles,111
religious education,111
test coverage,111
hr strategy,111
multivendor lan switching,111
trademark law,111
tech savviness,111
automated phoropters,111
psychotherapist,111
employment policies,111
node js,111
financial procedures,111
fixed assets management,111
nursery nurse,111
responsible ai,111
endotracheal intubation,111
quality planning,111
iep meetings,111
power systems analysis,111
conduct,111
joinery,111
clinical treatment,111
automated keratometry,111
thrift savings plan,111
graphing,111
prescription drug monitoring program (pdmp),111
operating flatbed scanner,111
google products,111
nurse supervisor,111
teamworking skills,111
crrn,111
software security architecture,111
jit,111
pavement design,111
travel/license reimbursement,111
business partnership,111
cardiac ct,111
benefit administration,111
privacy law,111
accounts preparation,111
premiere,111
5s principles,111
health monitoring,111
sales cycles,111
group fitness instructor,111
geriatric psychiatry,111
travel contract,111
oozie,111
w2 employee status,111
canoeing,111
procurement software,111
foreign body removal,111
12 hours shift,111
workload organization,111
adult medicine,111
plant science,111
report compilation,111
mobile pos,111
contractor relations,111
hazwoper certification,111
software products,111
key metrics,111
scientific expertise,111
specimen labeling,111
undergraduate and graduate education,111
private banking,111
fluid systems,111
brand representation,111
employee support,111
paid malpractice coverage,111
comprehensive health coverage,111
initiative taking,111
site work,111
initiativetaking,111
3+ years of experience in open source frameworks,111
food and wine knowledge,111
stent placement,111
strong listening skills,111
partners,111
music teachers,111
lab technician,111
weight loss programs,111
evidencebased guidelines,111
sdspage,111
defined benefit pension plan,111
contract language,111
conversion optimization,111
thirdparty logistics (3pl),111
biomedical scientist,111
provide incredible customer experience,111
patient safety organization,111
doortodoor sales,111
field construction,111
home health aides,111
risk factors,111
mixer,111
work papers,111
neo4j,111
prescription drugs,111
surgical technology certification,111
upbeat attitude,111
handheld scanners,111
gmp regulations,111
data management tools,111
cpa credentials,111
pii,111
health and sanitation,111
hematology/oncology,111
site audits,111
direct reports,111
salary sacrifice,111
sales expertise,111
bailing,111
neuroimaging,111
montessori diploma,111
learning technologies,111
content optimization,111
pretax flexible spending accounts (fsa),111
pretax health savings account (hsa),111
cleaning techniques,111
community involvement opportunities,111
human resource,110
radiology information systems,110
intelligence networks,110
hazops,110
teleconferencing,110
circuit simulation,110
lean sigma,110
durability,110
cost improvement,110
physician practice,110
401(k) retirement benefits,110
human resources generalist,110
strong customer focus,110
ability to lift 20 pounds,110
material costs,110
adhering to cash control procedures,110
pci compliance,110
dialoguefinetuning,110
optical comparator,110
cashiering activities,110
restaurant environment,110
antineoplastic therapy,110
medical/vision/prescription/dental plans,110
clear communication skills,110
hydraulic schematics,110
external auditing,110
textiles,110
workflow automation,110
continued professional development,110
ammonia refrigeration,110
passion for service,110
applied science,110
solvents,110
deeds,110
local government,110
trailer repair,110
automated refraction,110
handson skills,110
sales leads,110
client training,110
language preferences,110
energy systems,110
p&c insurance,110
variable compensation,110
reasonable accommodations for qualified individuals with disabilities,110
database structures,110
solutions architect,110
profit optimization,110
tolerance for stress,110
customer service representative,110
procurement experience,110
learning styles,110
immigration support,110
orientation program,110
ability to manage a team,110
merchandise protection,110
diagnostic images,110
acen,110
pa licensure,110
command and control,110
uipath,110
safe practices,110
debridement,110
control engineering,110
distribution experience,110
nightshift work,110
tech sales,110
generous housing & travel stipends,110
doctor of veterinary medicine (dvm),110
ongoing training opportunities,110
general athletics,110
surgical specialties,110
team mentality,110
itil foundation,110
certification in specialty area,110
productivity optimization,110
gps navigation,110
federal 401k,110
prosecution,110
talk,110
weapons,110
medicaid eligibility,110
organizational communication,110
thermoforming,110
act 31 child abuse reporting,110
bpmn,110
24x7 concierge oneonone service,110
continuous integration/continuous delivery (ci/cd),110
pwc professional framework,110
data discovery,110
contractual agreements,110
personal safety,110
financial engineering,110
english reading and writing,110
customer experience (cx),110
beverage knowledge,110
fortify,110
office technology proficiency,110
electronic patient records,110
employee purchase program,110
truck,110
drug calculation,110
class instruction,110
ability to lift heavy items,110
expense processing,110
outcome measurement,110
technical service,110
microsoft office suite (excel word powerpoint outlook),110
psychiatric services,110
3 hours of continuing education,110
drones,110
interpreter services,110
day one nationwide insurance coverage,110
modern technology,110
automotive systems,110
fashion awareness,110
scribe,110
steam systems,110
generous holiday allowance,110
anxiety counseling,110
transplant and treatment modality options,110
10key,110
drs,110
feeding difficulties,110
cv writing,110
compilations,110
pet discounts,110
pmbok,110
solid principles,110
telephone calls,110
carbon capture,110
energetic personality,110
individual sessions,110
hybrid work arrangements,110
clinical practices,110
fhir,110
material & capacity planning,110
shelf stocking,110
arrhythmia,110
pharmaceutical calculations,110
servos,110
additional duties,110
rn work experience,110
positive impact,110
professional networks,110
student motivation,110
data services,110
opening and/or closing the store,110
supervisors,110
amplifiers,110
salesperson,109
network testing,109
near visual acuity,109
crossfunctional work,109
repetitive hand and arm motions,109
music history,109
industrial electrical,109
family fastfood or casual dining restaurant experience,109
university service,109
accrual accounting,109
exploitation,109
control plan,109
ms office suite (word excel powerpoint),109
u.s. passport,109
hybrid work schedules,109
master’s degree in nursing,109
tax provisions,109
dependent care accounts,109
data querying,109
genotyping,109
alternative solutions,109
colposcopy,109
supervised finetuning,109
online instruction,109
access to restaurant areas,109
electronic medical record documentation,109
repositioning patients,109
cardiac services,109
electrophysiology studies,109
parts lists,109
respect for others,109
australian work rights,109
dental experience,109
patient accounts,109
archicad,109
scrubs,109
business decision making,109
customer accounts,109
step down,109
dermatologist,109
patient safety protocols,109
chronic diseases,109
electronic design,109
municipal infrastructure,109
email handling,109
rtl,109
antimoney laundering (aml),109
med/surg nursing,109
health & wellness,109
loan closing,109
clinician wellness program,109
sat,109
vouchers,109
gtm,109
processing customer transactions,109
soap charting,109
checkin/checkout,109
marketing collateral,109
commercial property,109
privacy policies,109
maintaining confidentiality,109
psychiatric evaluation,109
primavera (p6),109
licensure reimbursements,109
fas 109,109
grading design,109
sound design,109
obra regulations,109
nec codes,109
ability to work in a highpressure environment,109
personality,109
sc security clearance,109
briefing skills,109
electrical calculations,109
aquatic life care,109
jct,109
financial crimes,109
hybrid model,109
operating pos system,109
equipment manuals,109
team expertise,109
marketing research,109
staff training and orientation,109
aderant,109
windows server administration,109
room preparation,109
network support technician,109
duties,109
training compliance,109
pennsylvania state police criminal background check,109
paid reward days,109
weekends and holidays,109
amhca best practices,109
cloud patch management,109
student records management,109
relay logic,109
years of experience,109
advanced manufacturing,109
cmc,109
educational equity,109
profit and loss (p&l),109
growth strategies,109
safety improvement,109
sexual harassment,109
channel partners,109
professional activities,109
remote work option,109
police officer,109
reference,109
dynamic analysis,109
quality auditing,109
texting,109
bilingual (french and english),109
aquatics,109
infrastructure development,109
special orders,109
chart preparation,109
visualizations,109
insurance companies,109
good manufacturing practice (gmp),109
team member wellness,109
model guidance,109
inventory controls,109
pccn,109
groups,109
bakery,109
vulnerabilities,109
good clinical practice,109
incoterms,109
student learning,109
soql,109
new grads,109
fall prevention,109
administration of medications,109
energy storage systems,109
excellent academic credentials,109
military specifications,109
clientcentered therapy,109
leadership workshops,109
centrifuge,109
blood,109
outdoor environment,109
ehs training,109
risk monitoring,109
proe,109
early childhood,109
software quality,109
registrations,109
equities,109
1 year rn experience,109
baseball,109
precision measuring equipment,109
intelligence collection,109
scholarship programs,109
illnesses,109
strategic business planning,108
intercultural communication,108
damaged merchandise,108
supplier coordination,108
data auditing,108
sci clearance,108
health risk assessment,108
form i9,108
job requirements,108
audit execution,108
orthopedic nursing,108
postgraduate experience,108
drug misuse treatment,108
quality policies,108
acs,108
endodontic procedures,108
radio communications,108
client needs identification,108
quantitative finance,108
project quality management,108
containment,108
documentation writing,108
transportation industry,108
h.s. diploma or ged,108
clinical operations management,108
graphpad prism,108
grasp,108
monro university,108
poverty,108
stockrooms,108
creative management,108
excellent oral and written communication,108
adc,108
ability to lift 40 lbs.,108
wastewater management,108
internal and external communication,108
process improvement initiatives,108
merchandise error logs,108
shift control training,108
educational background,108
fluoroscopy permit,108
structural biology,108
integrated systems,108
accredited institution,108
paralegal studies,108
web apis,108
removal,108
consumer research,108
lighting controls,108
ema,108
behavioral support,108
cold storage,108
financial reporting standards,108
epdm,108
materialhandling equipment,108
shift leading,108
frequent interruptions,108
construction quality control,108
best practices implementation,108
sybase,108
legal executive,108
chippers,108
medsurg nurse experience,108
patient and family counseling,108
instructional practices,108
project performance,108
transplant modality options,108
teacher certification,108
lost and found,108
manual adjustments,108
clia compliance,108
online portal for benefits management,108
title 38,108
lean processes,108
motor vehicle,108
abms,108
highschool diploma,108
business operations management,108
client account management,108
uv,108
pslf,108
cloud deployment,108
email security,108
radiation physics,108
patient navigation,108
fluoroscopic procedures,108
continuing education assistance,108
amag,108
curriculum and instruction,108
product life cycle,108
sap concur,108
good documentation practices (gdp),108
ability to engage in moderate physical activity,108
green initiatives,108
search engine marketing,108
accurate record keeping,108
wires,108
basic computer knowledge and skills,108
interdisciplinary teaching,108
experience with children,108
geospatial data,108
regenerative medicine,108
crew,108
clinical research committee,108
inpatient setting,108
electrical generation,108
home health care experience,108
cpsm,108
full mouth exams,108
nmls,108
store merchandising,108
service focus,108
fire pumps,108
washington state driver's license,108
partnership tax compliance,108
oscp,108
indiana registered nurse license,108
collaboration with interdisciplinary team,108
clean driver's license,108
high volume commercial kitchen experience,108
tennessee,108
training material development,108
xp,108
operational execution,108
enterprise solutions,108
fars,108
code interpretation,108
spoken english,108
articles,108
iris,108
ventilator support,108
solutionfocused short therapy,108
electromechanical devices,108
hvacr,108
cloudbased emr,108
text,108
pain medicine,108
scope of work development,108
patient consultations,108
nanotechnology,108
real estate market knowledge,108
structuring,108
imaging systems,108
time and attendance software,108
operational performance,108
security clearance (sc),108
6+ years experience,108
internal investigations,108
excellent analytical skills,108
store policies and procedures,108
sales automation,108
preemployment assessments,108
cscp,108
safety adherence,108
property operations,108
clinical reviews,108
signing for overrides,108
registered general nurse (rgn),108
deltek,108
customer journey,108
teaching and learning culture,108
meta,108
financial need,108
multiculturalism,108
opening/closing procedures,108
cmms software,108
generous time off,108
condition assessment,108
proposal,108
fair credit reporting act,108
needs,108
aws s3,108
culinary operations,108
public involvement,108
canada,108
compliance policies,108
auto and home insurance,107
emergent situations,107
c#.net,107
hipaa protected space,107
gross motor skills,107
certified nurse practitioner,107
planning and organizing skills,107
nursing certification,107
clinical data management,107
visibility,107
product offerings,107
transducers,107
shareholder track,107
aloha pos,107
iso45001,107
workiva,107
cashier training,107
crni,107
client service management,107
cpd opportunities,107
cost proposals,107
health care delivery systems,107
hr consulting,107
appdynamics,107
causal inference,107
transportation services,107
entomology,107
inventory integrity,107
computerized axial tomography,107
challenges,107
time,107
budget process,107
critical decisionmaking,107
blog posts,107
mrp & mps,107
distributors,107
diagnostic software,107
annual cme allowance,107
pos supervision,107
seo/sem,107
software evaluation,107
surgical technician program,107
transit,107
hospice services,107
metabolomics,107
customer concerns,107
studentcentered learning,107
current active and unrestricted rn registered nurse license,107
controlled substance registration,107
handling merchandise,107
critical decision making,107
itom,107
psychological needs,107
behavior change,107
nhs dental treatment,107
crossfunctional experience,107
clean criminal record,107
safety and sanitation procedures,107
ehrepic,107
strategic plans,107
pizza making,107
healthcare job platform,107
dental digital products,107
caustic chemicals,107
energy markets,107
process manufacturing,107
upgrading,107
10key calculator,107
medical decision making,107
operating,107
casual environment,107
pals pediatric advanced life support,107
query optimization,107
security information and event management (siem),107
attentiveness,107
retail construction,107
high school diploma or g.e.d. equivalent,107
client progress tracking,107
financial expertise,107
adherence to standards,107
current auto insurance,107
cost allocation,107
shaking,107
24/7 recruiter,107
time management and organization,107
school culture,107
equipment modification,107
second language proficiency,107
cloud formation,107
ansi standards,107
lift 50 pounds,107
learning & development programs,107
gps hospitality systems,107
advanced heart failure,107
supplier quality engineering,107
traffic control flagger,107
exceptional organizational skills,107
iv medications,107
continence care,107
mfad,107
physician support,107
trim,107
specialty directors board,107
sales success,107
excellent problemsolving skills,107
driving/transportation,107
nursing intervention,107
infographics,107
shortterm contracts,107
architectural technology,107
dsp media,107
orthodontist,107
news gathering,107
reaching with hands and arms,107
hazardous drugs,107
nursing registration,107
adobe pro,107
network engineer,107
clinical software,107
sales acumen,107
automated testing frameworks,107
nate certification,107
advanced queries,107
international trade,107
pharmacists,107
hchb,107
azure services,107
lab specimens,107
verbal deescalation,107
fellowship programs,107
educational research,107
home,107
technology strategy,107
material preparation,107
completing documentation,107
atssa regulations,107
free life insurance,107
neurooncology,107
professional etiquette,107
cisco meraki,107
moderate to loud noise level,107
ce opportunities,107
sales goals achievement,107
client relationship skills,107
workfromhome setup,107
medical background,107
ability to work varied shifts,107
sustainability reporting,107
identity governance,107
caring practices,107
table service,107
structured query language (sql),107
standard office environment,107
advanced care planning,107
mechanical construction,107
ohio license,107
certified medical assistant (cma),107
laser surgery,107
complaints handling,106
special requests,106
harvesting,106
project quality plan,106
public key infrastructure (pki),106
early childhood education (ece),106
effective written and verbal communication,106
doctor of medicine (m.d.),106
doctor of medicine degree,106
transcriptomics,106
cardiovascular training,106
data center design,106
investment selections,106
cisco networking,106
regional licensed social worker,106
autonomous maintenance,106
pet benefits,106
associate's degree in nursing (adn),106
privacy and confidentiality,106
arithmetic skills,106
identity verification,106
health dental and vision plans,106
life insurance coverage,106
program review,106
education and counseling,106
ability to motivate others,106
* sales,106
unreal,106
smart home,106
electrochemistry,106
water industry,106
comsol,106
food and drink suggestions,106
process enhancement,106
serverless computing,106
ltspice,106
performance objectives,106
diesel technology,106
cost benefit analysis,106
dream physician or pa job,106
open dental,106
training and evaluation,106
child safeguarding,106
motivational leadership,106
office supplies ordering,106
text messaging,106
response to diversity,106
advanced practice clinician,106
child protection training,106
skill,106
burn center,106
disability plans,106
iv fluids,106
syllabus,106
recovery plans,106
annual reports,106
emergency calls,106
plan preparation,106
radiologic technologist license,106
cost projections,106
pip,106
adoption leave,106
balance sheet accounts,106
emergency assistance,106
property marketing,106
governmentwide systems,106
physical design,106
home infusion,106
tm1,106
associate discount 50%,106
ability to handle cash register operations and cash transactions,106
equipment and supplies,106
ability to collaborate,106
butchering,106
variation management,106
stakeholder alignment,106
ndas,106
medical history documentation,106
nights and weekends work,106
military knowledge,106
state compliance,106
asp.net core,106
histotechnologist,106
store inventory control,106
fast paced environments,106
critical incident,106
trademark,106
products liability,106
healthcare and dependent care flexible spending accounts (fsa),106
tenant improvements,106
gmp environment,106
testing tools,106
new york state registered nurse license,106
process excellence,106
selfsupervised learning,106
employee communications,106
google classroom,106
speech and language therapy,106
short circuit analysis,106
notary services,106
lumbar punctures,106
laser cutting,106
credentialing assistance,106
copyright,106
copyright law,106
team empowerment,106
mdt,106
technical memos,106
appellate law,106
equipment ordering,106
employee stock purchase plan (espp),106
indoor work environment,106
dental/vision insurance,106
interpersonal relationship skills,106
contract disputes,106
bolts,106
education law,106
consumer engagement,106
constant contact,106
administrative supervision,106
bls cpr certification,106
merchandise ordering,106
software engineering best practices,106
check handling,106
stocking supplies,106
serv safe certificate,106
safety first,106
direct patient care experience,106
tort law,106
public meetings,106
blood exposure,106
physician relationships,106
protocol adherence,106
climate modeling,106
spending accounts,106
money orders,106
interdependencies,106
inclusive education,106
license verification,106
makeup application,106
echocardiogram,106
community organization,106
work order systems,106
vds,106
nextgeneration sequencing,106
wellness checks,106
financial statement audits,106
network topologies,106
recipe management,106
safe act registration,106
correctional officer,106
professional knowledge,106
logistic regression,106
invoicing systems,106
surge protection,106
ability to maintain composure under pressure,106
vault financial wellness tool,106
tuberculosis,105
business case,105
degree level education,105
data availability,105
salesforce/crm,105
patent agent,105
circulator,105
ecc,105
cfp certification,105
healthcare policies,105
defense industry,105
pay range,105
assets,105
data pipeline,105
radiologic equipment,105
java/j2ee,105
bachelor's or associate's degree,105
profitability monitoring,105
data collectors,105
development skills,105
medical policies,105
ability to prioritize and manage time effectively,105
chinese cooking,105
protein engineering,105
hairstyling skills,105
first class medical,105
consideration,105
synergy model for care,105
3pl,105
visual manual,105
knowledge of products and services,105
custodial duties,105
resistance training,105
thermal design,105
tissue,105
competitors,105
government security investigation,105
basic qualifications,105
depression counseling,105
system audits,105
secure video teleconference,105
high school diploma/ ged,105
reasonable accommodation for individuals with disabilities,105
astronomy,105
perimeter security,105
clinicians,105
home health registered nurse,105
data dictionary,105
serological protein electrophoresis (spe),105
planning and evaluating,105
tolerance for stress / resiliency,105
life and accidental death & dismemberment (ad&d) insurance,105
iso26262,105
marketing and advertising,105
food regulations,105
technical challenges,105
invoice reconciliation,105
compute,105
surgical team,105
microelectronics,105
neonatal icu,105
criminal history consideration,105
learning outcomes,105
fasteners,105
case handling,105
dysrhythmia,105
systems maintenance,105
clean room environment,105
ambulatory skills,105
msoffice,105
timeline analysis,105
promotional effectiveness,105
ip routing,105
building controls,105
ability to pass drug test,105
financial planning & analysis (fp&a),105
time in grade requirement,105
high school graduate or ged,105
customer service oriented,105
technical evaluations,105
binders,105
ability to reach bend stoop lift shake stir pour carry and push,105
food service industry,105
road safety,105
active medical license,105
financial products and services,105
occupational hazards,105
merchandising techniques,105
export compliance,105
credit policy,105
microbiological testing,105
construction manager,105
qualified teacher status (qts),105
doctor of veterinary medicine (dvm/vmd/bvms),105
business processing technology,105
calculator operation,105
facility planning,105
exchange online,105
system navigation,105
nj rn license,105
psychiatric treatment,105
injury assessment,105
m.d./d.o. degree,105
contractor supervision,105
site engineering,105
vegetation management,105
master's degree in computer science,105
workmanship,105
american nurses credentialing center,105
i&c,105
food preparation skills,105
highquality work,105
active real estate sales experience,105
crowdstrike,105
soap notes,105
multifactor authentication,105
green infrastructure,105
education debt reduction program,105
uptodate subscription,105
clinical aspect,105
6 years of experience,105
strong communicator,105
strong time management,105
safety policy,105
connecticut rn license,105
supervisory practices,105
allied,105
capacity,105
zero trust,105
store supplies management,105
ca state license,105
internal policies,105
outdoors,105
store equipment operation,105
patient care/handling injuries,105
food industry knowledge,105
performance improvement initiatives,105
salary guarantee,105
attorneys,105
emergency nurse pediatric course,105
supplier performance monitoring,105
counsel,105
american college of radiology,105
enercalc,105
project team leadership,105
driveup,105
rotate and face merchandise,105
transition of care,105
mental health evaluation,105
multifamily experience,105
hospital pharmacy,105
complex care,105
cleaning and sanitization,105
ohio,105
data archiving,105
building structures,105
financial strategy,105
workforce diversity,105
virtual computing environments,105
residency completion,105
humid conditions,105
down stocking,105
yield,105
pretax commuter benefits,105
recognition schemes,104
professional manner,104
cipd level 5,104
notifier,104
career exploration,104
groundwater monitoring,104
arc flash analysis,104
ui testing,104
competitive base pay,104
sow,104
professional sports,104
saas products,104
sacramento,104
red hat enterprise linux,104
profitability maximization,104
information ordering,104
state insurance license,104
first article inspections,104
improvements,104
customer relations management,104
ada regulations,104
40.0 hours per week,104
genetec,104
pesticides,104
ac,104
associate discount program,104
care conferences,104
patient concerns,104
computer graphics,104
work plan development,104
computer operating systems,104
hydration,104
report submission,104
medical exams,104
lvn/lpns,104
organization and planning,104
cosmetic surgery,104
seattle,104
ecommerce platforms,104
truck repair,104
store front cleaning,104
minimum age of 21,104
medical monitoring,104
trade,104
pastoral counseling,104
solution recommendation,104
material safety data sheets,104
highstress environment,104
physician assistant studies,104
firehouse subs policies and procedures,104
portland,104
senior executives,104
social security card,104
ability to move boxes weighing up to 50 pounds,104
instrumentation maintenance,104
medical surgical experience,104
reservation,104
system enhancement,104
shipment tracking,104
personal tax returns,104
beer knowledge,104
dimensional modeling,104
information assurance (ia),104
interpretation skills,104
air systems,104
safety certifications,104
lng,104
codes and regulations,104
certified construction manager (ccm),104
accessing high shelves,104
interventional pain management,104
licensing guidelines,104
postqualification experience,104
height gauges,104
volleyball,104
staggered work hours,104
pediatrics rn,104
process streamlining,104
collision estimating,104
human factors engineering,104
scribes,104
cardiac experience,104
proficient in ms office,104
team collaboration skills,104
emt program,104
marketing degree,104
bim (building information modeling),104
pinterest,104
child and adolescent development,104
heat tolerance,104
ability to lift 25 pounds without assistance,104
lin,104
medical debt assistance,104
curriculum management,104
belts,104
ability to walk long distances,104
relocation packages,104
allied and therapy staffing,104
map,104
lpn supervision,104
qualification testing,104
retail standards,104
stepdown unit,104
clinical audits,104
point of care,104
storage solutions,104
operational functions,104
bonus earnings,104
shrink prevention,104
wood framing,104
builders,104
gitlab ci,104
planswift,104
dod protocol,104
electrocardiogram,104
car rental,104
specimens,104
standing and walking for extended periods,104
ability to lift and carry objects,104
cad (computeraided design),104
school experience,104
basic arrhythmia,104
fisheries,104
court reporting,104
comptia cybersecurity analyst (cysa+),104
case evaluation,104
inspection records,104
management support,104
cash flow statement,104
refinery,104
headspace app,104
patient companionship,104
itemizing and totaling customer purchases,104
client outreach,104
food quality assurance,104
state standards,104
manual skills,104
medicare guidelines,104
acute illnesses,104
governmental accounting,104
pneumonia,104
labor analysis,104
intellectual ability,104
narcotics,104
maintenance of traffic,104
florida state license,104
structured data,104
forging,104
mental acuity,104
assignment details and time entry in online portal,104
personnel policy manual,104
quality control and assurance,104
georgia license,104
cold temperatures,104
wage and hour laws,104
enovia,104
nonrelational databases,104
azure resource manager,104
draping,104
client invoicing,104
transesophageal echocardiography,104
career development support,104
protein expression,104
vcenter,104
nonprofit sector,104
catheter insertion,104
antivirus software,104
vocational nursing,104
test systems,104
staff coordination,104
u.s. permanent resident,104
sales commissions,104
h1b visas,104
income guarantee,104
dsps,104
professional nursing standards,104
senior leadership team,104
sonicwall,104
processoriented,104
zoology,104
kpi metrics,103
field sales experience,103
hospitalist physician,103
alarm response,103
healthcare plan,103
tile,103
special access program (sap) clearance,103
software engineering principles,103
mat,103
8+ years field supervision experience,103
humint,103
register voids,103
vacation accrual,103
sap ibp,103
bachelor's degree in social work,103
prolonged standing and walking,103
cpi training,103
hydrologic modeling,103
ability,103
acls/pals,103
efficiency improvements,103
gateways,103
digital services,103
visual elements,103
ground support equipment,103
linux operating system,103
emr (epic),103
physical strength and mobility,103
local state and federal regulations,103
pressure tolerance,103
data replication,103
prescription processing,103
active ts/sci clearance,103
postoperative,103
401k retirement planning,103
fullservice marketing team,103
access to reliable internet,103
smart devices,103
professional engineer (p.e.) license,103
dependent life insurance,103
health saving accounts,103
audiovisual,103
company training,103
collegelevel teaching,103
facility cancelled shifts,103
entertainment discounts,103
night shift work,103
safety and health regulations,103
sealing,103
data optimization,103
contrast,103
military leadership,103
spoken communication,103
healthcare advice,103
agile teams,103
federal government,103
global travel,103
competitive compensation and benefits,103
next generation perimeter firewall technologies,103
program support,103
confocal microscopy,103
instructional coach,103
broilers,103
maintain confidentiality,103
rollout,103
stakeholder analysis,103
psychometrics,103
remote team management,103
explainability,103
food prep,103
guest complaints,103
tga,103
department sales trends,103
immunization records,103
orchestrator solutions,103
professional representation,103
bachelor's degree preferred,103
fin 48,103
mental health first aiders,103
electrical power distribution,103
current state nursing license,103
ability to stay calm under pressure,103
adobe experience manager,103
ability to influence others,103
telephone use,103
mrp/erp,103
niagara,103
quantity estimates,103
learning objectives,103
moderate to high noise levels,103
strength of materials,103
pulmonary rehabilitation,103
budget management skills,103
security assessment,103
sbar,103
system changes,103
automotive vehicle inspections,103
microsoft certification,103
pcu experience,103
medical dental & vision,103
license to practice medicine,103
literacy coach,103
sight,103
meticulous attention to detail,103
bilingual education,103
hand coordination,103
testdriven development (tdd),103
business initiatives,103
headspace,103
geotechnical reports,103
class management,103
oncology certified nurse (ocn),103
atlassian tool suite,103
portfolio analysis,103
moving allowance,103
appliance installation,103
o&m manuals,103
plant identification,103
south carolina controlled substance license,103
i9 documentation,103
elevators,103
safety officer,103
ep lab,103
appfolio,103
technology tools,103
medical record management,103
h1b lottery,103
tax advisory services,103
strategic business objectives,103
windows administration,103
live better u,103
bachelor's degree in finance accounting or related field,103
electronic health records (ehr) systems,103
compressed air systems,103
consumer packaged goods,103
event preparation,103
lease terms,103
custodial experience,103
inperson sales,103
peer relationships,103
lead generation system,103
adjustment disorders,103
professional groups,103
water resources management,103
motor control systems,103
educational experience,102
rnc,102
cad systems,102
hmh organizational competencies,102
sustainable practices,102
detection,102
change implementation,102
hr information systems,102
clientfacing experience,102
retail training,102
height tolerance,102
cash drawer management,102
maintaining records,102
purchase ledger,102
std 678,102
material lists,102
ability to maintain a clean and safe work environment,102
good verbal and written communication skills,102
ability to work overtime and weekends,102
lead conversion,102
12hour night shifts,102
aicp,102
resume building,102
senior project engineer,102
month end closing,102
educational counseling,102
cna supervision,102
notary marketing,102
health advocacy,102
biochemical engineering,102
cleaning and organizing,102
backflow certification,102
wrenches,102
operating room preparation,102
test requirements,102
azure service bus,102
daily living activities,102
stripping,102
new product launches,102
open heart surgery,102
register transactions,102
sales consultant,102
wound care experience,102
ca driver's license,102
independent action,102
test specifications,102
research and innovation,102
mechanical hazards,102
volunteering days,102
expenditure monitoring,102
military spouse employment partner,102
ability to work a flexible work schedule,102
vent care,102
learning management software,102
career ladders,102
professional societies,102
secure software development,102
project cost estimation,102
locate merchandise,102
assembler,102
waste control,102
component design,102
linkage,102
manufacturing standards,102
comptia,102
property development,102
hiking trails,102
stockroom maintenance,102
pediatric subspecialties,102
online registration,102
financial understanding,102
strategic planning skills,102
american nurses association,102
bsme,102
extended hours during golives,102
industrial networks,102
whs,102
reasonable accommodations for individuals with disabilities,102
local guidelines,102
local knowledge,102
current nurse practitioner national board certification,102
retirement plan with company match!,102
nfs,102
turbotax products,102
sobriety,102
airports,102
cfc certification,102
safety data sheets,102
checkin,102
gaseous risk exposure,102
work order system,102
meditech emr,102
electronic applications,102
lifting weights,102
scientific presentations,102
insurance: medical/dental/vision,102
mother/daughter conflicts,102
complex sales cycles,102
infrastructureascode,102
entrylevel,102
strong people skills,102
technical equipment,102
uk residency,102
credentialing process,102
ability to maintain accurate records,102
enterprise account executive,102
case load management,102
oracle financials,102
franchise,102
family building benefits,102
parent education,102
basic science research,102
pto cash out,102
traffic signals,102
data trending,102
food handler's certificate,102
multidisciplinary meetings,102
b2b experience,102
as9102,102
atlassian jira,102
bonus eligibility,102
femap,102
guaranteed base salary,102
caregiver training,102
waste elimination,102
sales performance management,102
website redesign,102
test interpretation,102
abuse assessment,102
beauty knowledge,102
educational technologies,102
private investigator,102
engineering systems,102
assembly methods,102
assembly instructions,102
itemizing and totaling customer's purchase,102
planning and execution,102
transmitters,102
dask,102
testing strategies,102
outpatient surgery,102
australian driver's license,102
commercial driving,102
sales order processing,102
air conditioning systems,102
salary administration,102
autocad mep,102
rails,102
compliance issues,102
creative curriculum,102
interdepartmental coordination,102
iec 62304,102
varied hours,102
hse compliance,102
realpage,102
mission statement,102
work permits,102
loaders,102
laboratory diagnostics,102
project team management,102
sales team leadership,102
water supply,102
employee benefits administration,102
tax credit,102
continuing medical education allowance,102
sterile procedures,102
labor/management partnership environment,102
ana code for nurses,102
shrm,102
earthquake engineering,102
rn education,102
inbound sales,102
biomedical,102
ability to work in different weather conditions,102
nightlife,102
production deployment,102
case coordination,102
system commissioning,102
iat level ii certification,102
english (spoken and written),102
craigslist,102
enterprise software sales,102
nutritional requirements,102
background investigations,102
milling machines,102
clinical pharmacology,102
veterinary technology,102
furniture moving,102
processing transactions,102
ci,102
sql scripting,102
member services,102
plumbing maintenance,102
behavior therapy,102
cvs store discount,102
bluepipes,102
maintenance and repairs,101
vat/gst,101
picture archiving and communication system (pacs),101
customer,101
school psychologist,101
formulary management,101
contract plans,101
exclusive discounts,101
vbmapp,101
licensed professional clinical counselor (lpcc),101
furniture sales,101
g.e.d,101
immobilization devices,101
digital dental xray,101
seasonal summer contracts,101
valid and unrestricted driver's license,101
frontend technologies,101
payment applications,101
free shift meals,101
journal clubs,101
configurations,101
uspto registration,101
wix,101
employee rounding,101
food inventory management,101
postmortem care,101
wood frame construction,101
home medical equipment,101
test data analysis,101
leadership development program,101
atm,101
serve safe certificate,101
specialty services,101
requirements verification,101
video advertising,101
bachelor of nursing degree,101
applicant resiliency,101
compassionate commitment to pet care,101
job aids,101
proficiency in excel,101
deltav,101
adoption benefits,101
grooming standards,101
infant,101
401(k) with employer matching,101
audio production,101
iema,101
safety and security compliance,101
colleague referral bonus program,101
ccnpdc,101
state licenses,101
nonmedical counseling,101
virtual meeting platforms,101
md degree,101
marketing plan,101
biological,101
electrical background,101
product adoption,101
tasks,101
lighting control,101
fashion retail,101
equality diversity and inclusion,101
inventory control systems,101
police record check,101
travel agency,101
independent learning,101
electronic medical records system,101
override signing,101
504 plans,101
safety concerns,101
discounted meals,101
ethical business practices,101
geographic location,101
insurance planning,101
health insurance options,101
product labeling,101
workshop controller,101
automation equipment,101
product benefits,101
groundwater,101
orm,101
ability to push and pull heavy objects,101
autism spectrum disorders,101
selective service,101
d.o.,101
pharmacy practice,101
intensive care unit experience,101
12hour shift,101
medical science liaison,101
workforce,101
day job,101
patient management plans,101
plaxis,101
ongoing learning,101
fertilization,101
sequence of operations,101
greenhouse,101
clickup,101
well,101
familybuilding assistance,101
401(k) benefits,101
sales tactics,101
pavement marking,101
crossbrowser compatibility,101
data annotation,101
equipment requirements,101
monthly healthcare stipend,101
course management,101
mental health diagnosis,101
alternative investments,101
grant compliance,101
bathroom cleaning,101
quality control inspection,101
dodaf,101
escalation handling,101
lean certification,101
energy savings,101
programmatic,101
registered nurse certification,101
epa compliance,101
material sourcing,101
sound,101
residential sales,101
passion for hospitality,101
csu executive order 1083,101
ability to work in a wet and cold environment,101
epic certification,101
life assurance scheme,101
business modeling,101
reach with hands and arms,101
south carolina nurse practice act,101
risa3d,101
internet protocols,101
accounting methods,101
weekly reports,101
distribution center operations,101
humble,101
online research,101
eviction,101
* interpersonal skills,101
ipc standards,101
immunization administration,101
night and weekend work,101
webbased messaging,101
clientfacing role,101
paramedic program,101
physiatrist,101
covid19 vaccination policy,101
oasis collection,101
outbound prospecting,101
ambulating,101
family systems,101
master's degree in related field,101
csw,101
material requisitions,101
print media,101
apache tomcat,101
site structure,101
clinical onboarding,101
cvs,101
product quality assurance,101
ondemand pay,101
crisis services,101
security frameworks,101
emergency protocols,101
clinical externship,101
detoxification,101
strong excel skills,101
fixedclinic,101
safety record,101
security engineer,101
monday,101
incentive travel,101
effective verbal and written communication,101
nutritional counseling,100
vents,100
current dea license,100
financial analysis skills,100
technical assessments,100
clinical pharmacist,100
background clearance,100
log maintenance,100
arc flash safety,100
mobile treatment center,100
treatment monitoring,100
mac operating system,100
medical nursing,100
results reporting,100
nihss stroke scale,100
boost infinite,100
er rn,100
rcm,100
director of nursing,100
monday through friday,100
access to all areas of restaurant,100
generous housing allowance,100
metabolism,100
career growth training,100
correspondence drafting,100
digital analytics,100
verbal and written instructions,100
cma certification,100
soil,100
ability to handle customer complaints,100
ability to work as a team member,100
advanced selling skills,100
argocd,100
office equipment knowledge,100
advanced knowledge,100
internal customers,100
energy monitoring,100
physician practices,100
tunnels,100
resident supervision,100
nursing specialty certification,100
a&p certificate,100
holiday purchase scheme,100
pcswmm,100
safety instrumented systems,100
writing and communication skills,100
product costing & manufacturing accounting,100
energy codes,100
executive search,100
onsite fitness center,100
three years of experience,100
managerial or supervisory experience,100
regulations and standards,100
neat appearance,100
e1 pages,100
sales cloud,100
chronic condition management,100
academic experience,100
climbing a ladder,100
account management experience,100
user feedback,100
exposure,100
store supplies,100
biopharmaceutical,100
site meetings,100
neurorehabilitation,100
playwright,100
cost account management,100
fire detection,100
google search console,100
cerec,100
lenovo servers,100
title 22,100
motivation to advance,100
optimum wellness plans®,100
data driven decision making,100
excel functions,100
customer orders,100
wellness care,100
chart reading,100
palliative nursing,100
campaign analysis,100
unrestricted license,100
dedicated consultant,100
respiratory care practitioner,100
safe shopping environment,100
lab techniques,100
unstructured data,100
accounting records,100
rfp responses,100
moving about,100
course syllabus,100
stocktaking,100
previous supervisory experience,100
local government pension scheme,100
wireless networking,100
network architecture and design,100
medical sales experience,100
document analysis,100
batch record review,100
sicu,100
pivot table,100
insurance software,100
summer fridays,100
commission pay,100
pbx,100
budgetary analysis,100
field notes,100
fat,100
ehs policies,100
vehicle for deliveries,100
fitness centers,100
presto,100
roadside assistance,100
cashflow management,100
producing,100
step down unit,100
mental health nurse,100
application control,100
product introduction,100
strategic guidance,100
civil infrastructure,100
good laboratory practice (glp),100
interpretation of results,100
sustainability initiatives,100
stormwater management design,100
implementation plans,100
dealership,100
production tracking,100
cognitive development,100
class d driver's license,100
thermometers,100
institutional,100
bonus and incentive opportunities,100
rail engineering,100
fouryear college degree,100
institutional and batch cooking,100
acceptance and commitment therapy,100
ability to maintain tactile sensory functions,100
hrbp,100
reading education,100
asl,100
post secondary education,100
commercial hvac,100
ability to stoop and bend,100
weekly meetings,100
data normalization,100
data processing technician,100
bereavement care,100
supplier communication,100
ultipro,100
vendor payments,100
commercial underwriting,100
single signon,100
government accounting,100
personal presentation,100
microsoft sentinel,100
safety and security policies,100
cpu,100
lecturer,100
pricing and promotion strategies,100
levees,100
supervisory management,100
health fairs,100
5+ years sales experience,100
balances,100
real estate classes,100
clear speech,100
sarbanes oxley,100
referral incentive program,100
municipal projects,100
problemsolving and decisionmaking skills,100
vehicle registration,100
ability to communicate clearly,100
uniforms provided,100
dining experience,100
web content management,100
servo motors,100
split systems,100
feeforservice,100
marriage and family therapist (lmft),100
car driver,100
staff recognition,100
alarm monitoring,100
individuals,100
valid texas driver's license,100
two years experience,100
emergency response procedures,100
breadth of knowledge,100
nursing excellence,100
paid vacation/time off,100
forming,100
sales forecasts,100
ce courses,100
department stores,100
doctor of pharmacy,100
scipy,100
next generation sequencing,100
48 hours per week,100
retail store setting,100
secretarial skills,100
job specifications,100
megger,100
ability to work with diverse teams,100
event scheduling,99
data assurance,99
dsd policies and procedures,99
secretarial support,99
pollution prevention,99
tobaccofree environment,99
media management,99
mission critical,99
emergency response plans,99
warehouse management software,99
talent attraction,99
generous retirement plan,99
neta,99
material characterization,99
preop,99
social media trends,99
story telling,99
patient conditions,99
season ticket loans,99
new jersey,99
cryogenics,99
best practices sharing,99
maintenance systems,99
guest experience management,99
ami,99
marriage and family counseling,99
scientific field,99
public transport,99
social networking platforms,99
3+ years of accounting experience,99
nata certification,99
contact lenses,99
allocations,99
loss mitigation,99
bedside procedures,99
regulatory framework,99
regulatory documentation,99
performance issues,99
first shift,99
ability to influence,99
sterility testing,99
business administration degree,99
clinical advancement,99
maintenance standards,99
food handling regulations,99
javascript/typescript,99
hazard reporting,99
apprenticeship program,99
interdisciplinary meetings,99
portable deployment models,99
isa certified arborist,99
data administration,99
precision machining,99
must be 18 years of age or older,99
manufacturing execution systems,99
housing management,99
process hazard analysis,99
repair techniques,99
general ledgers,99
legal agreements,99
variable hours,99
maintenance training,99
washington state license,99
commercial understanding,99
proficiency in medical instruments and equipment,99
slate,99
state id,99
product fulfillment experience,99
collections experience,99
ability to conduct flights for owners who smoke,99
caregiverinspired,99
dft,99
productivity incentives,99
lua,99
medical centers,99
ability to work flexible shifts,99
industry conferences,99
stateoftheart facility,99
paperless environment,99
institutional cooking,99
cyberark,99
racial equity,99
asc740,99
bank procedures,99
document organization,99
order pickers,99
entrepreneurial culture,99
continuous improvement (ci),99
stock taking,99
imaging modalities,99
yourhomebenefit program,99
data design,99
renal failure,99
energy analysis,99
power supply design,99
mitsubishi,99
dvp&r,99
team scheduling,99
advisory skills,99
advanced practice,99
guidelines and procedures,99
business needs analysis,99
problems,99
physical assessment skills,99
organizational policies and procedures,99
clinical licensure,99
move and lift 50100lbs,99
15 years of experience,99
filing system,99
cpr for healthcare/bls prov or prof rescuers,99
price analysis,99
5s methodology,99
responsive web design,99
standards and practices,99
handheld technology,99
warranty administration,99
ibm watson health,99
lvn/lpn,99
prebid meetings,99
client records management,99
grief and loss issues,99
maternity services,99
bls/healthcare provider certification,99
environment of care,99
fund management,99
electrical services,99
grant accounting,99
project management professional certification,99
daytoday operations management,99
career paths,99
valuing diversity and difference,99
hr projects,99
clinical laboratory procedures,99
growth strategy,99
course materials,99
preferred qualifications,99
instructional skills,99
annual performance reviews,99
strong it skills,99
4g,99
ability to adapt to changing priorities,99
budget formulation,99
apigee,99
chinese cuisine,99
cls,99
principal investigator,99
nurse referrals,99
résolution de problèmes,99
relocation incentives,99
moneymotivated,99
service request management,99
object detection,99
data driven,99
detail design,99
error reporting,99
internal collaboration,99
eligible to work in the u.s.,99
metal,99
contract lifecycle management,99
mergers,99
voltmeters,99
legal strategies,99
new york state bar admission,99
chrome,99
hand sketching,99
job postings,99
application deployment,99
process maps,99
kitchen equipment usage,99
organizational knowledge,99
health care staffing,99
photonics,99
icp monitoring,99
cold and refrigerated conditions,99
dot inspections,99
ability to meet tight deadlines,99
stream restoration,99
ts/sci with polygraph,99
new york city residency,99
federal requirements,99
engineering deliverables,99
ifs,99
vacation policy,99
air permitting,99
inheritance tax,99
defect resolution,99
systems engineer,99
medical and dental plans,99
bilingual (spanish preferred),99
retail supervisor experience,99
inoffice work,99
bls (aha) certificate,99
operational issues,99
dental assistants,99
instrument handling,99
teamwork and communication,99
mrcp,99
public accounting practices,99
licensed therapist,99
cms requirements,99
total productive maintenance,99
microsoft publisher,99
power integrity,99
store computer systems,99
training manuals,99
antepartum,99
covid19 testing,99
enhanced maternity package,99
phr/sphr certification,99
arranging,99
medical office management,99
medical officer,99
grant research,99
wip,99
new equipment,99
learning support,99
cash cards,99
weed control,99
logic and reasoning,99
new hire onboarding,99
organizational and planning skills,99
california class c driver's license,99
cardiothoracic,99
minor injuries,99
practice growth assistance,99
goaloriented mindset,99
basecamp,98
ohio nursing license,98
conscientious,98
2 years of related experience,98
field installation,98
recruitment experience,98
water equipment,98
ccnadc,98
new patient exams,98
regulatory matters,98
oncall shifts,98
autodesk autocad,98
leak testing,98
project profitability,98
maintenance of ammunition,98
historical data,98
preventive dentistry,98
probation,98
staff assignments,98
academic programs,98
nace,98
site preparation,98
ahs nursestat,98
medical testing,98
schedule coordination,98
preoperative,98
testing processes,98
direct support professional,98
shipping procedures,98
ability to work with people from diverse backgrounds,98
exposure factors,98
electrophoresis,98
proposal generation,98
field sampling,98
legal negotiation,98
protective relaying,98
consultative mortgage options,98
order picker,98
financial stewardship,98
sales methodologies,98
surgery center,98
capability development,98
high level of integrity,98
analytical instruments,98
management development,98
preventative actions,98
drywall installation/repair,98
change adaptation,98
contracts administration,98
kitchen design,98
valid license and certification,98
dentist performer number,98
physician associate,98
early years,98
instructorled training,98
ons chemo/bio course,98
achievement orientation,98
treating,98
relational skills,98
image quality control,98
tig,98
product recommendation,98
cpp,98
injury treatment,98
injury,98
torch,98
synergy,98
banquets,98
physical chemistry,98
customer greeting,98
geriatric experience,98
australian citizenship or permanent residency,98
ecgs,98
inventory valuation,98
hdr values,98
autosar,98
opening and unpacking,98
power of attorney,98
maintenance skills,98
bachelor of science in electrical engineering,98
physical strength and dexterity,98
state law,98
load balancing technology,98
discretionary bonuses,98
power plants,98
primary reserve,98
child national agency check,98
complex environment,98
medical leave,98
aicp certification,98
appointment booking,98
employment counseling,98
memorization,98
supporting documentation,98
servlets,98
retrofits,98
ehr (electronic health record),98
ehr system,98
sampling plans,98
$90k$104k per year,98
prescription drug benefits,98
bpm,98
labor standards,98
ability to work indoors and outdoors,98
u.s citizenship,98
braces,98
1+ years of experience,98
medical dental vision and prescription plans,98
exploration,98
export control laws,98
iv start skills,98
employee,98
shielding,98
cash handling practices,98
consumer products and solutions,98
hsrp,98
bachelor's degree in a relevant field,98
system software,98
credit card transactions,98
technology usage,98
warehouse operations management,98
business priorities,98
college of nurses of ontario,98
per diem staffing,98
report writing tools,98
technology savvy,98
room turnover,98
robotic process automation,98
sales agreements,98
accurate documentation,98
certified industrial hygienist (cih),98
design for manufacture,98
bank policies and procedures,98
travel booking,98
vascular sonography,98
advocate,98
continuous improvement methodologies,98
health care spending accounts,98
manufacturing engineer,98
third party funding,98
floating,98
precision measuring tools,98
promptness,98
self starter,98
human resources information systems (hris),98
emotional,98
both hands required,98
cmake,98
statistical models,98
ability to lift weights,98
istio,98
conduit installation,98
machine building,98
hardlines or variety merchandise,98
reimbursement for certifications,98
training optimization,98
move,98
military background,98
professional qualification,98
material purchasing,98
easy profile generator,98
network equipment,98
computations,98
hiring manager,98
client advisory,98
partnership tax returns,98
ability to reach overhead,98
prospect identification,98
1 year of relevant experience,97
implantology,97
equipment tracking,97
land management,97
official transcript,97
flexibility in work schedule,97
rdms certification,97
permissions,97
apollo,97
correspondence handling,97
purchase order creation,97
risk communication,97
medical technologist license,97
goal planning,97
ability to apply common sense,97
staff communication,97
community hospital,97
alerton,97
system integration testing,97
fcc,97
office maintenance,97
rehab/renovation,97
operational tasks,97
journals,97
warranty repairs,97
gint,97
caliper,97
laboratory automation,97
laboratory and diagnostic testing,97
kicking,97
bonus opportunity,97
webcam,97
discipline management,97
psychotropic drugs,97
case management services,97
reserve force,97
unit manager,97
ability to stand/walk for long periods,97
women’s health,97
college and/or culinary schooling,97
simulated combat conditions,97
project billing,97
general radiography,97
target display,97
frontofhouse operations,97
credit card,97
third party billing,97
capital,97
meditation,97
gi surgery,97
ability to reach and bend,97
public sector sales,97
bilingualism (english and french),97
strong problem solving skills,97
ip networks,97
underground construction,97
interdisciplinary team (idt),97
repeated bending,97
work processes,97
day 1 health benefits,97
home management,97
strategic alignment,97
mcips,97
intra oral scanners,97
adolescent psychiatry,97
associate dentist,97
healthcare provider bls,97
cash register systems,97
system safety,97
nonjudgmental approach,97
room and board,97
customer interfacing,97
blogs,97
lifting requirements,97
learning activities,97
expenditures,97
clinical assessment skills,97
database queries,97
advanced product quality planning (apqp),97
load planning,97
interview process,97
data networks,97
construction sequencing,97
license with the drug enforcement agency,97
rf scanners,97
room inspection,97
lcadc,97
prescription authority,97
kidney transplant,97
event hosting,97
medical nutrition therapy,97
public assistance,97
ph meters,97
architectural license,97
shipment processing,97
innovative approaches,97
oems,97
salaried gp,97
operations policy manual,97
fair chance ordinance,97
staff interaction,97
data volumes,97
application process,97
hysys,97
guitar,97
upgrade,97
math aptitude,97
ability to interpret instructions,97
tomography,97
pcb assembly,97
onboarding/compliance items,97
ability to lift and move up to 25 pounds,97
clinical nutrition,97
head of school,97
fashion industry,97
ability to learn new software,97
ability to build and maintain relationships,97
professional training and development,97
vsm,97
referral base,97
witness preparation,97
franchisee,97
signs and symptoms,97
canadian citizenship,97
automated api testing,97
total cost of ownership,97
motivator,97
ability to bend crouch stoop stretch and reach,97
repair experience,97
red seal certification,97
hfm,97
prior leadership experience,97
positive personality,97
valid license and/or certification in state of practice,97
restorative,97
critical reasoning,97
gages,97
clinical condition,97
practice management systems,97
internal promotion,97
comprehensive dental treatment,97
safety risk factors,97
store opening/closing,97
weather,97
dhec,97
guardianship,97
icu intensive care unit,97
surgical first assistant,97
cpr / bls,97
healthcare platform,97
registered mental health nurse (rmn),97
software project management,97
model building,97
requirements capture,97
ability to work in a highstress environment,97
employment reference check,97
highway,97
flexible work arrangement,97
data exchange,97
national commission on certification of physician assistants,97
program objectives,97
parttime position,97
dental radiography,97
titmus test,97
cybersecurity control certification,97
management communication,97
medical/dental/vision plans,97
dental education,97
telecommuting,97
jda,97
financial review,97
industry insights,97
field service experience,97
enterprise monitoring,97
profile,97
itero scanner,97
safety principles,97
drugfree work environment,97
mep design,97
quality improvement program,97
clinical collaboration,97
solutionbased selling,97
adaptability skills,97
leak detection,97
sales plan,97
cleaning skills,97
android studio,97
associate's or bachelor's degree in nursing,97
pediatric anesthesiology,97
action items,97
healthy work environment,97
iep development,97
water sports,97
candidate evaluation,97
bls and acls,97
educational training,97
communities,97
passion for fast paced environment,97
content,97
asic design,96
growth and development principles,96
comprehensive total rewards package,96
ote,96
labour management,96
reaching and bending,96
affirmative action and equal opportunity employer,96
h.s. diploma/ged,96
client screening,96
asce 7,96
basic medical officer course,96
clinical meetings,96
handwashing,96
equivalency,96
trauma experience,96
trust and estate work,96
security certifications,96
partnership taxation,96
plant equipment,96
competencybased education,96
boldness,96
gait training,96
office organization,96
atp rating,96
titration,96
nec code,96
scissor lifts,96
landscape,96
drug and alcohol policy,96
laboratory specimen collection,96
brake systems,96
physical restraint,96
hazardous waste handling,96
practice guidelines,96
hyperbaric oxygen therapy (hbo),96
decisionmaking ability,96
good written and verbal communication skills,96
rn residency program,96
engineering excellence,96
audio visual,96
professional role model,96
investment advisory,96
signals intelligence,96
value management,96
pcu  progressive care unit,96
lean academy,96
change adaptability,96
taxprep,96
bachelor's degree in human resources or related field,96
bloodborne pathogens training,96
ticket organization,96
practice manager,96
heart,96
osha safety,96
dining room management,96
recruiting experience,96
marking,96
diversity of thought,96
therapeutic groups,96
concerts,96
kvm,96
hourly,96
cdegs,96
cvt,96
critical analysis,96
lean thinking,96
wrike,96
active,96
passion for vision,96
electrical supervisor,96
grandfathering provision,96
diet,96
gym reimbursement,96
ongoing training and development,96
investigation skills,96
prepayments,96
physician assistant certification,96
product lifecycle management (plm),96
diversity management,96
netsuite financials,96
career opportunity,96
diverse,96
independent license,96
meals allowance,96
roth,96
acute rehab,96
daily activities,96
eventdriven architectures,96
electrical tools,96
fashion industry knowledge,96
site maintenance,96
401k with 4% match,96
aha standards,96
hris system,96
pcaob,96
rural,96
quality check,96
object oriented design,96
federal dea license,96
olap,96
ncaa,96
ability to stand for prolonged periods,96
departmental policies and procedures,96
water and wastewater treatment,96
healthcare jobs,96
upholstery,96
advanced analytical skills,96
medication rights,96
events management,96
repair shops,96
reading prep sheet,96
americorps,96
load balancer,96
education scholarships,96
sanctions,96
top pay,96
master's in social work,96
arrtr,96
bail cardboard and take out trash,96
bachelor's degree in computer science or information technology,96
block diagrams,96
finishes,96
regular salary increases,96
avro,96
data flow diagrams,96
residency in anesthesia,96
salary surveys,96
ability to communicate verbally,96
disease,96
market data analysis,96
rqi healthcare provider ecredential,96
nursery management,96
lifting and transferring patients,96
blogging,96
vulnerability research,96
hse management,96
energy industry experience,96
ph.d. or psy.d.,96
sox 404,96
shifting priorities,96
irb submissions,96
billing procedures,96
commitment to professional development,96
mccafé,96
cisco ccna,96
k1 status pay structure,96
hospital admissions,96
revalidation,96
personal training experience,96
tool management,96
clean restaurants,96
visual manual dexterity,96
treatment team,96
free health insurance,96
performance ability,96
medical directorship,96
regional planning,96
dei initiatives,96
strategic insights,96
overseeing,96
natural resources management,96
high volume,96
gcode,96
smoking cessation,96
climbing stairs and ladders,96
ability to use close vision distance vision color vision peripheral vision depth perception and the ability to adjust focus,96
delivering at pace,96
research project management,96
electron microscopy,96
watchlist,96
green card sponsorship,96
prescription writing,96
seo optimization,96
medical errors,96
certification requirements,96
series 7 & 66 (63 & 65 in lieu of 66) licenses,96
college degree (optional),96
process piping,96
calculator proficiency,96
cash and inventory control,96
testability,96
healthy lifestyle,96
cadworx,96
osha30,96
illness,96
broadcast,96
marketing principles,96
marketing planning,96
statement of teaching,96
temporary works,96
joint commission certified contracts,96
image reconstruction,96
merchant services,96
legal secretary,96
partnership working,96
registered radiographer (arrt),96
communication with stakeholders,95
factories,95
experience in nursing,95
proxies,95
equity inclusion and diversity,95
shock,95
debuggers,95
axis,95
informing,95
sonar,95
goal driven,95
infrastructure automation,95
food recipes,95
incident analysis,95
associate or bachelor's degree in nursing,95
assisting,95
windows security,95
payroll audits,95
business trends analysis,95
cash collection,95
payroll reports,95
advanced cardiac life spt,95
complex wound care,95
ability to lift up to 20 pounds,95
federal law,95
ability to handle conflict,95
construction surveying,95
eurocodes,95
* training,95
onbase,95
company vehicle operation,95
u.s. acgme residency,95
industrial products,95
technical calculations,95
slp,95
pharmaceutical products,95
patient accounting,95
public,95
returned merchandise,95
psse,95
hazard mitigation,95
executive assistant experience,95
organizational agility,95
process compliance,95
clinical preceptor,95
homeland security,95
creative strategy,95
environmental auditing,95
academic development,95
master's,95
shift work availability,95
primary medical care,95
oracle db,95
government warehouses,95
guest service standards,95
loan repayment program,95
database experience,95
prescription drug insurance,95
application processing,95
clientfocused approach,95
robotics engineering,95
process changes,95
database optimization,95
technology roadmaps,95
multidisciplinary team meetings,95
online teaching experience,95
edrp,95
parts inventory,95
milestone,95
food defense,95
passion for patient care,95
delta dental,95
bs in accounting,95
emr proficiency,95
building control,95
iowa,95
product manufacturing,95
vacation and sick leave,95
nursing evaluation,95
equality of opportunity,95
power conversion,95
technical evaluation,95
cori,95
test scripting,95
market,95
education debt reduction program (edrp),95
wireless lan,95
progress measurement,95
process builder,95
audience segmentation,95
performance engineering,95
dea regulations,95
resident,95
agribusiness,95
patient care assessment,95
pulse,95
batch,95
open and close the store,95
ability to operate a computer,95
performance excellence,95
adobe acrobat professional,95
licensed architect,95
system deployment,95
strong writing,95
assays,95
bls training,95
identify theft protection,95
gastrointestinal,95
data generation,95
vrf,95
inventory reporting,95
repositioning,95
operational efficiencies,95
relational database concepts,95
efficient dedicated compliance service,95
flight,95
personal injury litigation,95
keyboard operation,95
avma,95
ability to effectively present information,95
electronic medical records systems,95
sheets,95
cme paid time off,95
hsa plan,95
licensure supervision,95
mathematical analysis,95
didactic teaching,95
ability to tolerate extreme temperatures,95
computerized nursing systems,95
quality reports,95
outdoor education,95
careers,95
business models,95
linux environment,95
managers,95
holter monitors,95
patient interactions,95
veteran care,95
skilled nursing facility experience,95
construction background,95
cat,95
ama,95
nicet ii,95
sales environment,95
radio frequency,95
strengthsbased approach,95
juris doctorate (jd),95
health status,95
construction litigation,95
intersectionality,95
business functions,95
laboratory practices,95
group exercise instruction,95
symphony,95
disability status,95
stem education,95
epic system,95
energy services,95
professional nursing services,95
microsoft office (excel word),95
lt online experience,95
family resources,95
sales goal setting,95
tire service,95
radiation safety procedures,95
michigan license,95
uninterruptible power supply (ups),95
legal matters,95
datadriven mindset,95
procedures development,95
mop,95
i9 form,95
cath lab technology,95
hr initiatives,95
project management professional,95
spot cleaning,95
submittal reviews,95
high net worth individuals,95
differential diagnoses,95
legal plan,95
measurement techniques,95
program monitoring,95
peak inventories,95
critical thinking and problemsolving skills,95
valid state driver’s license,95
epa 608 certification,95
toc,95
drain cleaning,95
plumbing repairs,95
project progress monitoring,95
cardiac imaging,95
fbi fingerprints check,95
paid leaves,95
dod top secret security clearance,95
team accountability,95
adobe software,95
policy and procedure review,95
test automation frameworks,95
healthcare billing,95
elt,95
preventive healthcare,95
validations,95
financial responsibilities,95
teamwork/collaboration,95
construction contract administration,95
material properties,95
restaurant service,95
product flow,95
locum tenens coverage,95
std insurance,95
structured finance,95
data automation,95
mechanical design engineering,95
chartered financial analyst (cfa),95
threat monitoring,95
contrast materials,95
itil foundations,95
rotating shift,95
proxy,95
scope and standards of practice,95
processors,95
employee health assistance fund,94
curriculum specialist,94
curriculum vitae (cv),94
patient complaints,94
educational software,94
ability to climb and balance on ladders,94
current rn licensure,94
employee education,94
fulltime opportunities,94
stable certification,94
class 5 license,94
productivity tracking,94
office automation,94
injectables,94
initial assessments,94
renewable energy systems,94
service plan development,94
mechanical inclination,94
ability to process corporate directives,94
manipulation,94
mortgage industry,94
teaching effectiveness,94
internet proficiency,94
volunteer supervision,94
work allocation,94
25 days annual leave,94
national commission on certification of physician assistants (nccpa),94
safety controls,94
safety control policies and practices,94
course curriculum,94
be,94
forensic psychiatry,94
icims,94
hazardous material handling,94
metal stamping,94
uniform standards,94
ana standards of professional performance,94
ambiguity management,94
legal billing,94
legal contracts,94
quality manager,94
bug fixing,94
staffing coverage,94
paid parking,94
media preparation,94
politics,94
professional appearance and demeanor,94
shipment,94
kitchen staff management,94
divinity,94
legal aid,94
female,94
culinary trends,94
standards adherence,94
application assistance,94
travel allied professional,94
flight controls,94
urinary catheterization,94
ros,94
complimentary housing,94
rates,94
final inspections,94
unions,94
civil works,94
civil/structural engineering,94
private housing or generous housing allowance,94
heavy civil,94
gotomarket strategies,94
inquiry,94
committed,94
laboratory experiments,94
surgical critical care,94
database programming,94
ma license,94
adherence to company policies and procedures,94
italian cuisine,94
personal independence payment (pip),94
food cost,94
5+ years of related experience,94
ability to set priorities,94
clinical acumen,94
body imaging,94
2+ years of automotive technician experience,94
shift reporting,94
master's degree in education,94
business and financial acumen,94
company policy compliance,94
insight generation,94
licensed practical nurse (lpn) license,94
bilingualism (english and spanish),94
company policies and standards,94
top 10 agency,94
lasik,94
data structure,94
planning and priority setting,94
guest feedback,94
intramuscular injections,94
iv placement,94
patient liability collection,94
performance driven,94
referral rewards,94
assigning work,94
disability assistance,94
long term assignment,94
ocd,94
cashflow forecasting,94
csi,94
disability confident scheme,94
balanced schedules,94
safety and quality assurance,94
construction skills,94
transmission line engineering,94
collective agreement,94
retail leadership experience,94
root cause investigations,94
design for manufacturing (dfm),94
time constraints,94
time commitment,94
express,94
paidtime off,94
blood bank experience,94
light cleaning,94
construction trades,94
college or culinary schooling,94
client followup,94
task forces,94
grinder,94
specialties,94
strategic leasing management,94
variance reports,94
ward management,94
preemployment checks,94
continuous learning and development,94
cryotherapy,94
electrical code,94
zend framework,94
child assessment,94
organizing skills,94
boardcertified or boardeligible,94
collegial support,94
va regulations,94
manufacturing drawings,94
primary education,94
data visualizations,94
prior management experience,94
jstd001,94
medication compliance,94
compassionate communication,94
fraud mitigation,94
process instrumentation,94
oracle certifications,94
spcc,94
hr programs,94
arnp,94
local authorities,94
safeguarding training,94
2d,94
event attendance,94
sensitivity to customer needs,94
windowsbased software,94
quality assurance program,94
tender documentation,94
pgsuper,94
habitat restoration,94
logic apps,94
tech transfer,94
windows xp,94
patient autonomy,94
imrt,94
industrial electronics,94
mqtt,94
personnel security,94
fluency,94
hospitalist program,94
crisis prevention institute (cpi),94
network performance monitoring,94
cellular therapy,94
ml ops,94
life insurance license,94
tobaccofree workplace,94
framework,94
product distribution,94
financial reporting systems,94
bidding process,94
patient care implementation,94
oracle applications,94
project progress tracking,94
lifestyle benefits,94
project management techniques,94
do178c,94
tire repair,94
quality analysis,94
minority,94
video and audio tools,94
shortterm disability benefits,94
unix shell,94
paid vacation and sick time,94
rn experience (2+ years),94
breast cancer,94
asset utilization,94
art galleries,94
online learning platforms,94
telecommunications equipment,94
u.s. person status,94
registered cardiovascular invasive specialist (rcis),94
engagement letter review,94
witness interviews,94
physician coverage,94
pediatric neurology,94
commercial buildings,94
special imaging,94
earning potential,94
ability to remain calm under pressure,94
unemployment,94
nursing supervisor,94
familyfriendly policies,94
community liaison,94
student counseling,94
practical nurse,94
infusion center,94
infrastructure support,94
administers medications,94
workload,94
cancer insurance,94
retirement match,94
ee,94
information systems security,94
food safety and handling,94
production targets,94
arizona rn license,94
death in service benefit,93
healthcare training,93
protective gear,93
hygiene and cleanliness,93
equipment upgrades,93
zemax,93
interns,93
sdn,93
security operations center (soc),93
maintenance logs,93
maintenance inspections,93
merchandise planning,93
patient care assignments,93
copays,93
building commissioning,93
insurance claims processing,93
clinical tools,93
behavioral disorders,93
english language classes,93
it equipment,93
commercial finance,93
competitive environment,93
ccnp security,93
professional practice standards,93
customer service software,93
postacute care experience,93
criteria,93
restricted atp,93
software development experience,93
emergency medical care,93
persuasive writing,93
cnc milling,93
therapeutic standards,93
veterinary skills,93
fpga computing hardware,93
trane,93
bereavement services,93
clinical neuropsychology,93
weekend coverage,93
birthing center,93
needs identification,93
ecfmg certification,93
cbap,93
life insurance benefits,93
event promotion,93
talent building,93
voltage drop calculations,93
xray license,93
ordering cycles,93
gym discounts,93
local load balancing/ltm,93
paid continuing education days,93
work in progress,93
customs brokerage,93
dental conditions,93
springboard,93
microsoft office (word and excel),93
identity theft,93
paid cme,93
asbuilt documentation,93
sales engineer,93
talent recruitment,93
representative workforce,93
nhs government approved framework service,93
podcast production,93
hospitalist medicine,93
medical providers,93
project staffing,93
avigilon,93
valuebased selling,93
clinical management experience,93
independent working,93
national strength and conditioning association (nsca),93
accredited school of professional nursing,93
biofuels,93
lifting over 70 lbs,93
frontend frameworks,93
project execution plan,93
lifting and transporting,93
deployments,93
assistance with travel and accommodation,93
team productivity,93
cashwrap,93
verbal instruction following,93
csection,93
8 hours per shift,93
companysponsored certifications,93
economic principles,93
cs,93
iowa license,93
mph,93
task analysis,93
medical icu,93
bsn or msn degree,93
sketch up,93
gced,93
series 65 license,93
series 66 license,93
infants,93
portfolio software,93
firefighting,93
credentialing privileging and licensing assistance,93
ip litigation,93
aha basic life support (bls),93
various locations,93
health checks,93
yield improvement,93
neonatal nurse practitioner,93
licensed social worker,93
pharmaceutical sales experience,93
shift bonuses,93
one year nursing experience,93
tax issues,93
nursing ethics,93
ado,93
accessibility for ontarians with disabilities act,93
faultfinding,93
terms and conditions,93
qad,93
amazon experience,93
business units,93
salon management software,93
energetic greeting,93
microsoft server,93
digital reporting,93
board,93
allegro,93
food donation,93
writing reports,93
fund administration,93
music selection,93
longterm disability (ltd),93
relationship selling,93
browser navigation,93
multidisciplinary team environment,93
tax legislation,93
programming language,93
superior academic achievement,93
microphones,93
implementation science,93
construction quality management,93
highpaced environment,93
flight testing,93
fargate,93
gitlab ci/cd,93
preceptor experience,93
ssae 16,93
private housing or housing allowance,93
civil service pension,93
glass cutting,93
glass,93
es6,93
chain of custody,93
language arts,93
fitness certification,93
desktop,93
volunteer application,93
contractor oversight,93
snowboarding,93
mdr,93
computer forensics,93
google suites,93
quality records,93
liaison work,93
system administrator,93
calm demeanor,93
web security,93
heat exposure,93
linux systems,93
datadriven recommendations,93
capm,93
state board license,93
collaborative communication,93
american registry of radiologic technology,93
building technology,93
engineering skills,93
equipment moving,93
bachelor's degree in physical therapy,93
mounting,93
fastpaced team environment,93
innovative ideas,93
property damage,93
sous chef experience,93
sanitation and hygiene,93
global server load balancing/gtm,93
sanitation and cleanliness,93
heart surgery,93
healthcare standards,93
threat mitigation,93
mechanisms,93
comprehensive healthcare,93
perkbox,93
ms dynamics,93
navision,93
personal development plan,93
multiunit experience,93
mechanical principles,93
international development,93
covid19 safety protocols,93
covid 19 vaccination,93
program,93
bc/be certification,93
diverse culture,93
failure investigations,93
field service management,93
ability to make quick and accurate decisions,93
hydraulic equipment,93
care homes,93
hydrotherapy,93
closing techniques,93
ada requirements,93
security consulting,93
cloud architectures,92
age 21+,92
standard of care,92
rnaseq,92
broadcast journalism,92
technical products,92
advanced care,92
authority,92
business casual attire,92
sensitive information,92
doctor of dental surgery,92
medical laboratory testing,92
contract modifications,92
scrap reduction,92
master production schedule,92
working together,92
resident training,92
multicultural education,92
care transitions,92
field observation,92
solutioning,92
vsam,92
sewing experience,92
bpc,92
secure coding practices,92
electromechanical design,92
sales and/or marketing experience,92
complex needs,92
sales force automation,92
occasional lifting,92
search and rescue,92
personal vehicle insurance,92
child family treatment team,92
b2b ecommerce,92
customs regulations,92
nursing care coordination,92
communication equipment,92
trade qualification,92
patient acuity,92
night and weekend availability,92
stroke education,92
windows engineering,92
provide patient care,92
financial workflows,92
digital multimeters,92
knowledge of target products and services,92
hand movements,92
summary reports,92
capex projects,92
sterile compounding,92
real estate technology,92
clear background check,92
mitigation planning,92
technical papers,92
power plant operations,92
sales and marketing skills,92
supply inventory management,92
board reporting,92
medical equipment knowledge,92
college degree preferred,92
preservation,92
3d cad modeling,92
compliance documentation,92
clean criminal background,92
quality performance,92
contagious diseases,92
ny license,92
servsafe manager certification,92
manufacturing automation,92
shopstock list duties,92
employee empowerment,92
maintain strict cashier accountability,92
hearing conservation,92
ibc protocol,92
java programming,92
health reimbursement account,92
campaign performance,92
board specialists,92
ability to perform routine repetitive tasks,92
professional counselor,92
urgent care physician,92
travel and relocation,92
costsaving measures,92
binding,92
staff performance management,92
external communications,92
attendance standards,92
vision screening,92
graduation,92
positron emission tomography (pet),92
creative flair,92
refer a friend bonus,92
massachusetts nursing license,92
restaurant safety,92
inpatient rounding,92
inbound calls,92
professional nursing theory,92
arbitrations,92
boost infinite phone plans,92
laser scanning,92
interdisciplinary team approach,92
export control,92
cqc compliance,92
heat resistance,92
financial reviews,92
healing,92
medical technologist certification,92
occupational health experience,92
health care provider,92
case finding,92
standard concepts,92
walls,92
designbuild projects,92
msn bridge program,92
schedule planning,92
analog electronics,92
competency maintenance,92
budgeting and cost control,92
emerging technology,92
authorized to work in the us,92
ceu opportunities,92
molecular genetics,92
compensation programs,92
nurturing environment,92
data collation,92
catheterization laboratory,92
pro bono work,92
ability to access all areas of restaurant,92
voting leave,92
operating system,92
digital content creation,92
visual field analyser,92
aria,92
general internal medicine,92
collaborative problem solving,92
superintendent experience,92
workflow development,92
ancillary personnel,92
web servers,92
strong leadership qualities,92
financial leadership,92
infor,92
adjudication,92
implement,92
ability to process damaged merchandise,92
business insight,92
previous retail experience,92
affordable housing programs,92
uniform compliance,92
loss prevention practices,92
system modeling,92
respiratory failure,92
psychosocial interventions,92
u. s. citizenship,92
breed standards,92
ph.d,92
supplier negotiation,92
arcmap,92
related field experience,92
administrative oversight,92
robotic total stations,92
med/surg nurse,92
wellness promotion,92
drying,92
customer coordination,92
preemployment medical,92
internal revenue code,92
skilled nursing experience,92
ams,92
workers' compensation law,92
policy updates,92
american sign language (asl),92
build relationships,92
full training,92
previous managerial experience,92
u.s. citizen or national,92
strong oral communication,92
chiller,92
cosmos db,92
nhs services,92
safe learning environment,92
dietary requirements,92
1 year in retail guest service or restaurant in a leadership role,92
ability to work in a fastpaced dynamic environment,92
5+ years' experience,92
mission assurance,92
epigenetics,92
community groups,92
community organizations,92
cardiovascular nursing,92
emergency experience,92
nationwide positions,92
academic rank,91
schedule maintenance,91
accounting services,91
incident documentation,91
student discipline,91
mercurial,91
business accounting,91
psychological,91
high school diploma or g.e.d,91
ability to stand or walk for long periods of time,91
positive communication,91
management of change (moc),91
finish carpentry,91
pmhnp,91
investment opportunities,91
zone recovery,91
cosmetic,91
nmc registered,91
outcome improvement,91
dell servers,91
policy drafting,91
hiring and recruitment,91
service oriented,91
financial insights,91
supervision and training,91
standing ability,91
telemetry unit,91
privileged access management,91
mountain biking,91
surgical preparation,91
internal promotions,91
data entry and retrieval,91
liquid chromatography,91
basic cardiac life support  health care provider (bclshcp),91
customer communications,91
autonomous practice,91
electra e8,91
ability to work in a teamoriented environment,91
mortgage industry experience,91
safety maintenance,91
plm systems,91
ios devices,91
riba stages,91
da vinci robot,91
indiana rn license,91
ct equipment operation,91
pyxis,91
water equipment sales,91
software specifications,91
fixed payment per inhome screening,91
dataverse,91
doctorate in psychology,91
engineering drawing,91
washington state rn license,91
chef de cuisine,91
capital investments,91
dewatering,91
dr,91
reliable systems,91
gaap knowledge,91
ability to process information / merchandise through the pointofsale system,91
physiciandriven company,91
project scheduling software,91
jtag,91
piping and instrumentation diagrams,91
patient admissions,91
cpr license,91
performance troubleshooting,91
tiling,91
keen hearing,91
3d studio max,91
crosscountry flight time,91
dental ethics,91
strong customer service orientation,91
strong customer service focus,91
individual supervision,91
client communication skills,91
certified women owned business,91
conveyor,91
redundancy,91
travel (domestic and international),91
monitor cameras for unusual activities,91
scholarly research,91
meal delivery,91
cabinets,91
online tools,91
salon management training,91
maintenance tasks,91
company outings,91
system conversions,91
offshore wind,91
oceanography,91
civil service code,91
cqc regulations,91
construction requirements,91
firstprinciples reasoning,91
export control compliance,91
server configuration,91
staff safety,91
knowledge of clinical research literature,91
salon operations,91
saltstack,91
student safety,91
opening and unpacking cartons and totes,91
wound dressing,91
personal initiative,91
email skills,91
computer consoles,91
safety briefings,91
flexitime,91
tjc compliance,91
water engineering,91
insurance carriers,91
software interaction,91
longterm incentives,91
private insurance,91
engineering consulting,91
interdisciplinary healthcare team,91
certified information systems auditor (cisa),91
indoor/outdoor work,91
liaison committee on medical education,91
acute hospital experience,91
personal protection equipment (ppe),91
safety and regulatory compliance,91
chemical sciences,91
snap,91
visual effects,91
luxury brands,91
valid rn license,91
atls certification,91
modeling software,91
earth sciences,91
furnaces,91
bachelors' degree,91
alerts,91
data literacy,91
indoor work,91
lgpc,91
ey paid holidays,91
continuing education support,91
rto,91
discharge summary,91
qi,91
maxillofacial surgery,91
commercial analysis,91
disability assessor,91
electronic controls,91
dishwasher operation,91
new york state medical license,91
new york state licensure,91
emotional development,91
arithmetic calculations,91
5 years of related experience,91
picc,91
communication and organizational skills,91
recruitment and training,91
assist in planogram implementation and maintenance,91
team participation,91
budget review,91
leadership and communication skills,91
analytical modeling,91
horseback riding,91
windows 11,91
parents,91
hand/eye coordination,91
headache,91
global trends,91
diversity equity inclusion and belonging,91
partnership opportunities,91
inhouse gym,91
community relationships,91
customer service principles,91
spreadsheet programs,91
structural repairs,91
hospitality leadership,91
display ads,91
consultant psychiatrist,91
crisis resolution,91
tag manager,91
ohs,91
customer issues,91
microchipping,91
centrifugation,91
food category expertise,91
childbirth,91
inventory ordering,91
equal opportunity employer (eoe),91
business development manager,91
step down nurse,91
gmp (good manufacturing practice),91
solutions architecture,91
power supply,91
vacuum,91
supervised learning,91
seniorlevel management,91
near misses,91
open dialogue,91
dance instruction,91
pennsylvania state license,91
pennsylvania licensure,91
corporate development,91
billing information,91
care documentation,91
shop tools,91
computing skills,91
job site safety,91
content delivery,90
deal management,90
ability to reach with hands,90
ability to reach with hands and arms,90
standard operating procedure,90
merchandise discounts,90
inhome sales experience,90
appliances (microwave toaster oven hot plate),90
market strategy,90
fbi background check,90
ashrae standards,90
communication in english,90
software architect,90
client presentation,90
room cleanliness,90
register keyboard,90
grasping and reaching,90
texturing,90
uat testing,90
event participation,90
4+ years of experience in open source frameworks,90
construction environment,90
accreditation council for graduate medical education,90
drive to achieve goals,90
welding experience,90
chst,90
ability to reach for merchandise,90
electrical systems installation,90
tire rotations,90
intelligence products,90
american medical technologists (amt),90
expert witnesses,90
medical intensive care unit,90
biogas,90
dependent care flexible spending accounts,90
leveling,90
injury care,90
public communication,90
equipment and supplies management,90
candidate assessment,90
inorganic chemistry,90
expense monitoring,90
per diem staffing options,90
business process automation,90
credit policies,90
natural science,90
pointofsale signage,90
vuejs,90
handyman skills,90
add,90
video systems,90
audiovisual systems,90
carrier sales,90
onsite meal discounts,90
wine and spirits industry experience,90
planning and prioritization,90
personal protection equipment,90
record retention,90
healthcare provider cpr,90
25 years of experience,90
parenting support resources,90
medical regulations,90
federal tax,90
pediatric residency,90
nutrition assessment,90
restorative nursing,90
safety and security awareness,90
load flow analysis,90
corrective and preventative actions,90
opera pms,90
job cards,90
continuing professional education,90
case conference,90
opengl,90
agricultural engineering,90
dbs certificate,90
earned value management system,90
api standards,90
reconnaissance,90
pulse oximeter,90
social work practice,90
keyence,90
driving sales,90
seaborn,90
bachelor's in business administration,90
statement of qualifications,90
ability to work independently and within a team,90
human resources policies and procedures,90
human performance,90
rohs,90
statespecific guidelines,90
confidential information management,90
certified immunizer,90
lightroom,90
ttps,90
fsap,90
root canal,90
ieps/504 plans,90
project management methodology,90
critical illness coverage,90
precommissioning,90
exclusive territory,90
financial analyst,90
interrelationships,90
patches,90
weights,90
patient lifting,90
ability to push and pull with arms up to 20 pounds,90
home sales,90
audit processes,90
shift availability,90
statistical packages,90
cable schedules,90
medical staff collaboration,90
music composition,90
interpersonal communications,90
icu  intensive care unit,90
personal banking,90
staff training and supervision,90
follow company policies,90
meticulousness,90
promotion management,90
risa 3d,90
clean and safe work environment,90
ability to push and pull merchandise,90
paid sabbatical,90
design reports,90
repetitive arm/hand movements,90
raised floor,90
3d software,90
bachelor's degree in occupational therapy,90
renewable energy projects,90
gene editing,90
lived experience,90
federal agencies,90
chartered engineer status,90
retirement contribution,90
data enrichment,90
software:,90
airframe,90
csp certification,90
learning mindset,90
vascular neurology,90
21+ years of age,90
home health agencies,90
conveyance systems,90
conveyance,90
autoturn,90
ccma,90
mine planning,90
alumni relations,90
board certification in internal medicine,90
escalation procedures,90
fitness industry knowledge,90
recreation therapy,90
oncall services,90
electrical estimating,90
food handling experience,90
schema design,90
virginia license,90
technology awareness,90
contraindications,90
public health experience,90
federal and state individual 1040 tax returns,90
microsoft powerbi,90
aha bls/cpr,90
clean,90
ability to lift and carry weight,90
private pension scheme,90
erp/mrp,90
clinical reminders,90
plan of care implementation,90
semh,90
professional attire,90
bill of material,90
learning culture,90
ability to maintain a clean and organized work environment,90
assessment techniques,90
business judgement,90
covid19 precautions,90
exposure to allergens,90
sdlc methodologies,90
safety program implementation,90
in hospital cash plans by ternian,90
minimal oversight,90
variable speed drives,90
account plans,90
system verification,90
service level management,90
ability to handle cash and credit card transactions,90
ability to effectively communicate,90
compensation planning,90
strong initiative,90
systems and processes,90
questionnaires,90
epic systems corporationmychart,90
cost coding,90
mrcpsych,90
vendor liaison,90
sis,90
wildlife management,90
publicity,90
incentive bonus,90
kinaxis,90
clean driver's abstract,90
employee meals,90
risk and compliance,90
oklahoma,90
test method validation,90
3 hours of continuing education requirement,90
teamoriented work environment,90
extended illness bank,90
temporary duty assignments,90
french fluency,90
care home management,90
powertrain,89
experience in retail hotel restaurant grocery or drug store environments,89
care manager,89
lab maintenance,89
mise en place,89
epidurals,89
cafeteria,89
incentive plans,89
pet care products,89
patient examinations,89
business concepts,89
sexual health,89
instructional support,89
training design,89
pharm.d,89
transports patients,89
meddic,89
9/80 work schedule,89
health systems,89
privatemode job search,89
confined space training,89
excepted services,89
quality assurance standards,89
emergency surgery,89
dry cleaning,89
store discount,89
ability to lift up to 40 lbs,89
rces,89
secretarial experience,89
retention bonuses,89
thrombolysis,89
development planning,89
permit acquisition,89
substance use counseling,89
general anesthesiology,89
growth and leadership opportunities,89
training and guidance,89
distribution center management,89
fair labor standards act (flsa),89
yearend close,89
yearend closing,89
hr functions,89
medical/surgical nursing experience,89
approval,89
process adherence,89
engineering expertise,89
change control management,89
aha bls for healthcare providers,89
health conditions,89
multiengine rating,89
submittals review,89
professional maturity,89
ability to lift heavy boxes,89
ability to drive or operate a vehicle for business needs,89
product sourcing,89
oil & gas industry,89
ability to prepare and plan for upcoming events,89
software of excellence,89
pain relief,89
large datasets,89
range of motion exercises,89
fitness coach,89
adherence,89
imaging software,89
insurance (health dental vision),89
minorities,89
ability to work under stress,89
adherence to company policies,89
enhanced dbs disclosure,89
medical certification,89
doctorate in medicine,89
territory development,89
system programming,89
montessori education,89
cinema 4d,89
breaking news,89
ability to work in a latex safe environment,89
aws rds,89
preoperative and postoperative care,89
retail pharmacy experience,89
salary and benefits,89
directing others,89
ad hoc reports,89
turbines,89
licensing and certification,89
bachelor's or master's degree in nursing,89
workshop,89
key performance metrics,89
computed radiography,89
checking,89
customer services,89
crm applications,89
virtual visits,89
utility industry,89
certified nurse operating room (cnor),89
performance enhancement,89
massachusetts registered nurse license,89
rural healthcare,89
policy and procedure management,89
highspeed internet connection,89
americans with disabilities act (ada) compliance,89
reading and interpreting documents,89
cibse,89
treasury operations,89
classroom management skills,89
ekg monitoring,89
climatecontrolled environment,89
process review,89
vat/gst tax regimes,89
applied statistics,89
riveting,89
subconsultants,89
railroad operations,89
fpge,89
strong sales skills,89
deli management,89
top secret,89
multidisciplinary team leadership,89
health care organization,89
aspice,89
incidents,89
workplace equality,89
report,89
audit programs,89
client files,89
bachelor’s degree in accounting,89
ability to handle cash register operations,89
atlassian suite,89
financial technology,89
java 8,89
employment opportunities,89
bladder scan,89
structural calculations,89
product and service knowledge,89
quality standards compliance,89
it troubleshooting,89
ability to kneel,89
qlik sense,89
diagnosis and treatment,89
milstd810,89
cdn,89
lift heavy objects,89
lead times,89
retail experience (preferred),89
adms,89
disability care,89
cia certification,89
statutory regulations,89
short term/long term disability,89
basic maintenance,89
active security clearance,89
laboratory data,89
pss/e,89
vehicle dynamics,89
divorce law,89
single signon (sso),89
mental health interventions,89
test method development,89
receptivity to change,89
external reporting,89
* microsoft office suite,89
advanced practitioners,89
abet,89
flood control,89
innovative mindset,89
defects,89
early education,89
lead engineer,89
occasional driving/providing own transportation,89
privacy regulations,89
timecard management,89
bsn in nursing,89
no physician employment contract,89
tube feeding,89
socialemotional learning,89
ability to lift up to 15 pounds,89
record keeping skills,89
ability to push/pull with arms up to a force of 20 pounds,89
senior mechanical engineer,89
inoffice procedures,89
power meters,89
carpentry skills,89
phone allowance,89
material handling systems,89
employee relief fund,89
control systems design,89
operator,89
professional practice model,89
preplanning,89
strengthbased approach,89
results delivery,89
rvt certification,89
rfid,89
annual competencies,89
machine learning models,89
microsoft word and excel,89
supervisory experience (preferred),89
incentive,89
south carolina,89
blue ridge mountains,89
high speed data acquisition,89
lockout/tagout procedures,89
trade marketing,89
applicable laws,89
temperature checks,89
satcom,89
accounts payable and receivable,89
machine safety,89
accident reports,89
beng,89
infection control protocols,89
pulmonary function tests,89
result reporting,89
solution orientation,89
career prospects,89
cloud computing models,89
12 years' experience,89
freight flow management,89
twist,89
security checks,89
inventory reports,89
ability to work with technology,89
teamhealth,89
fluid and electrolyte management,89
sap fico,89
quality control reviews,89
acnp,89
agile mindset,89
passion for food and fun,89
oncology certification,88
incidentals,88
legislation compliance,88
mmr,88
public awareness,88
fl rn license,88
field verification,88
registered nurse state license,88
multimedia production,88
hydropower,88
stroma,88
eeo/aa,88
benefit programs,88
clinical innovation,88
coteaching,88
health dental and vision coverage,88
loyalty bonuses,88
fullservice restaurant experience,88
master of nursing degree,88
cardioversion,88
industrial applications,88
system,88
interdisciplinary plan of care,88
teamoriented approach,88
check cashing,88
ba or bs degree,88
numba,88
naacls,88
software development processes,88
cloudbased technologies,88
longterm care nursing,88
recruiters,88
project close out,88
etl development,88
radiology services,88
general service technicians,88
business etiquette,88
scheduling and staffing,88
supervisory/managerial experience,88
servsafe certificate,88
environmental design,88
mariadb,88
certified,88
ability to move and transfer merchandise,88
california certified nursing assistant certification,88
leadership development opportunities,88
order to cash,88
accredited education,88
simulators,88
standards and procedures,88
oven,88
utilization reviews,88
strategic partnership,88
bodily injury,88
electromechanics,88
fire extinguishers,88
trauma management,88
service bus,88
bank deposit,88
pipe installation,88
histocompatibility,88
material analysis,88
reliable staff support,88
hospitality construction,88
crisis planning,88
free development courses,88
analytical aptitude,88
radiologist assistance,88
a16z,88
acls advanced cardiac life support,88
independent and collaborative work,88
deadline orientation,88
deadline management skills,88
lab draws,88
shared decisionmaking,88
fpga development,88
integrated environmental solutions,88
academic leadership,88
preventative measures,88
subcontractor,88
adaptive,88
compliance and regulations,88
chemical processes,88
pricing integrity,88
reformer,88
equity compensation,88
hippa regulations,88
associate degree (preferred),88
network traffic analysis,88
employee stock purchase,88
labor and delivery experience,88
adults services,88
supplemental questionnaire,88
mri imaging,88
nucleic acid extraction,88
multidiscipline teams,88
telehealth capabilities,88
atp,88
medical/dental benefits,88
ndis worker screening check,88
vacation benefits,88
health physics,88
operational goals,88
cargo handling,88
selling techniques,88
bachelor's degree in athletic training,88
financial forecasts,88
medical communication,88
car registration,88
community meetings,88
immunoassay,88
accredited school graduate,88
mail,88
hairstyling techniques,88
stock awards,88
urine analysis,88
surgery centers,88
employee referrals,88
career goals,88
nutanix,88
standing for prolonged periods,88
annual continuing education allowance,88
new york license,88
machine operator,88
procurement strategy,88
hospital employed,88
promotional materials,88
reward and recognition,88
12 weeks,88
temperature measurement,88
right to work in australia,88
request for information,88
insurance coverages,88
undergraduate,88
email proficiency,88
task planning,88
facials,88
collaborative partnerships,88
safety observations,88
lateral thinking,88
portal,88
birmingham,88
company assets,88
bachelor of science degree in nursing,88
crcm,88
mental health education,88
risk register,88
aws solutions architect,88
social media skills,88
washington dc,88
alignments,88
professional expense reimbursement,88
experiences,88
financial service industry experience,88
work order,88
truck operation,88
it procurement,88
endodontic,88
motor dealership database software,88
inventory replenishment,88
minimum age of 18,88
microsoft excel proficiency,88
mathematical principles,88
medical team,88
paid vacation/sick days,88
secret level security clearance,88
culinary school,88
restaurant quality standards,88
pay rates,88
compact rn license,88
form completion,88
oracle primavera,88
owner relations,88
02 years related experience,88
multicultural awareness,88
disputes,88
data management software,88
theaters,88
pandologic,88
onsite power generation,88
apartments,88
research proposals,88
doctors,88
sheet metal design,88
website content management,88
virtual interviews,88
data mining tools,88
food portioning,88
behavior support,88
server support,88
performance recognition,88
customerfacing experience,88
intercultural competence,88
flexible working patterns,88
accounts payable processing,88
construction sales,88
administrative leadership,88
tender documents,88
s&op,88
allen bradley plc,88
front office duties,88
genetic testing,88
department of defense (dod),88
health and welfare,88
auto and general liability insurance,88
residential counselor,88
material review board,88
azure cloud services,88
documentation practices,87
communications strategy,87
tpm (total productive maintenance),87
accounting research,87
fluoroscopic,87
mergers and acquisitions (m&a),87
american heart association basic life support,87
tactical thinking,87
cummins,87
communication and collaboration skills,87
solidworks software,87
complex solutions,87
attending physician,87
data catalog,87
java development,87
licensed mental health counselor,87
student training,87
accountable care organization,87
liquor regulations,87
ohio nurse practice act,87
cmms system,87
pacs systems,87
microgrids,87
dbs disclosure,87
occasional climbing (using ladder),87
food handlers certificate,87
bachelor's in accounting/finance,87
habitat assessments,87
bending and lifting,87
free continuing education sessions,87
learning communities,87
minimal travel,87
selfperform and labor productivity,87
cost of living,87
head cashier experience,87
aic,87
ebitda,87
administrative operations,87
kitchen operations management,87
regulatory writing,87
pastry chef,87
18th edition,87
state veterinary license,87
tuneups,87
omnicell,87
control design,87
cultural resource management,87
treatment plan implementation,87
staffing schedules,87
icc certifications,87
av systems,87
federal employment,87
journey mapping,87
distributions,87
cloud experience,87
proactive monitoring,87
labor laws and regulations,87
vaccination proof,87
cipd qualification,87
written and oral instructions,87
modern facilities,87
security awareness training,87
phone interviews,87
daily paperwork,87
strong work ethics,87
board meetings,87
preemployment screenings,87
flow charts,87
care quality commission,87
decision trees,87
security operations center,87
discharge plan,87
positive behavior supports (pbs),87
front of house supervision,87
program oversight,87
school health,87
experienced,87
class scheduling,87
aftercare,87
arts and culture,87
saas applications,87
electronic medical record software,87
iev,87
landscape management,87
usajobs,87
preventive maintenance programs,87
international building code,87
ability to stand kneel twist crouch squat bend stoop and climb ladders,87
communication technologies,87
live scan,87
cofaso,87
neuromuscular,87
ability to handle stress and pressure,87
healthcare terminology,87
performance analytics,87
acutecare,87
store upkeep,87
operational audit,87
chemical peels,87
bls hcp certification,87
ability to push lift carry and transfer up to 50 pounds,87
television,87
neurological rehabilitation,87
realworld data,87
network integration,87
seniors,87
experimental procedures,87
joint and spine program,87
podcasts,87
human machine interface,87
interior architecture,87
recordkeeping skills,87
written and communication skills,87
nist csf,87
glucose monitoring,87
obstetrics/gynecology,87
practice growth,87
california bar admission,87
annual merit increases,87
customer service representative (csr),87
healthcare plans,87
sizing,87
accel,87
service reports,87
conversational ai,87
ap/ar,87
exercises,87
2+ years sales experience,87
nursing patient education,87
van,87
grooming techniques,87
selfperform work,87
canadian citizenship or permanent residency,87
picture archive and communication system (pacs),87
energy engineering,87
parts sales,87
food preparation and cooking,87
copy machines,87
structural monitoring,87
level ii nicu,87
regulatory guidance,87
virtual environments,87
group classes,87
physician education,87
personnel actions,87
weight loss,87
nmc code,87
cardiac anesthesiology,87
peerreviewed journals,87
environmental management system,87
concrete finishing,87
remuneration,87
wellness coaching,87
guest recovery,87
rock climbing,87
silent knight,87
complex issues,87
environmental due diligence,87
presentation standards,87
strategic growth initiatives,87
leasing consultant,87
consultancy experience,87
pivoting,87
mission critical engineering,87
clinical decision support tools,87
occasional lifting of up to 55 pounds,87
residual income,87
sharepoint development,87
test analyses,87
competitive advantage,87
nursing student,87
recruitment process,87
prototype,87
camt certification,87
soccer coaching,87
surgical icu,87
product assembly,87
medical specialists,87
fluency in spanish,87
highvolume restaurant experience,87
organization and time management skills,87
reflexology,87
thermal desktop,87
patient environment,87
use case development,87
nursing diploma or asn,87
wound care management,87
code development,87
electronic principles,87
usercentric design,87
flight test,87
team inspiration,87
copper,87
office tasks,87
coolers,87
pto and paid holidays,87
system functionality,87
precision measurement,87
customer surveys,87
auto,87
pursuit management,87
coordinating patient care,87
travel temporary and permanent placement services,87
requirements decomposition,87
technical delivery,87
storm water,87
asynchronous programming,87
cardiac telemetry,87
scientific judgment,87
geotechnical analysis,87
credit and collections,87
paid wellness days,87
life cover,87
strong ethics,87
alzheimer's care,87
electromechanical technician,87
sequoia capital,87
annual training,87
installation management,87
arrt (r) certification,87
application configuration,87
hair color,87
safety and security standards,87
cns,87
budgetary guidelines,87
isr,87
waste collection,87
business impact,87
wsdl,87
traditional federal pension,87
nutrition knowledge,87
productivity tools,87
jupyter notebook,87
strategic account planning,87
missouri,87
environmental responsibility,87
er/trauma,87
program documentation,87
insurance expertise,87
unit inspections,87
ability to work with little supervision,87
crossfunctional project management,87
parenting skills,87
data center energy efficiency,87
temptoperm,87
diagnostic data,87
plant 3d,87
rsa,87
oil analysis,87
display maintenance,87
kpi’s,87
sales licensure or registration,87
mha,87
* inventory management,87
nutrition certification,87
early years practitioner,86
program management experience,86
accommodations for disabilities,86
controllership,86
ability to add subtract multiply and divide,86
materialhandling equipment operation,86
clinical engineering,86
rbac,86
critical path scheduling,86
care coordinator,86
therapeutic treatment,86
microsoft office (outlook word excel powerpoint),86
bone densitometry,86
social work services,86
homework help,86
time reporting,86
401k company match,86
prioritizing tasks,86
airflow management,86
onsite supervision,86
front counter mccafé,86
laboratory documentation,86
loadlist duties,86
av equipment,86
drives results,86
financial performance management,86
j1 visa sponsorship,86
google analytics 4,86
discipline administration,86
uvvis,86
written correspondence,86
ethics and values,86
client interaction skills,86
recruitment and retention,86
technical input,86
grief and loss counseling,86
kitchen manager,86
men's health,86
esg reporting,86
voluntary term life insurance,86
individual tax,86
roadmap,86
inspirational leadership,86
system planning,86
accountant,86
bandaging,86
case conferencing,86
privacy laws,86
security vulnerabilities,86
laboratory information systems (lis),86
firewall management,86
ethical issues,86
loud work environment,86
copier operation,86
project cost estimates,86
whmis training,86
proactive outreach,86
pdp,86
restaurant general manager,86
customer invoicing,86
battery systems,86
cme credits,86
cooling technologies,86
computer sciences,86
football,86
seizure management,86
recreational therapy,86
california driver’s license,86
scrub tech,86
protein characterization,86
oum,86
sales communication,86
labor utilization,86
travel employment type,86
active top secret clearance,86
set up,86
decorating,86
r (programming language),86
school management,86
emc testing,86
capillary puncture,86
patientcentric approach,86
highperformance culture,86
availability to work flexible hours,86
equipment malfunctions,86
impartiality,86
policies and procedures development,86
maintenance plans,86
production environments,86
declaration for federal employment,86
specialist referrals,86
sensory  visual acuity ability to effectively communicate,86
shoring,86
contraception,86
clinical record keeping,86
ceu's,86
product definition,86
quality principles,86
system architectures,86
budget estimation,86
acute rehabilitation,86
exchanges,86
cash controls,86
cloud operations,86
proof of vaccination,86
401k eligibility,86
clinical partner,86
physical/psychological abuse,86
visitors,86
contract awarding,86
colorado fingerprint clearance card,86
basic computer applications,86
weekly schedules,86
time estimation,86
staffing plans,86
classroom teaching experience,86
medication knowledge,86
generosity programs,86
metal forming,86
restaurant performance,86
contract management software,86
north carolina nursing license,86
operating expenses,86
requisitioning,86
accredited university,86
high sense of urgency,86
grounds keeping,86
pharmaceutical development,86
flexible working environment,86
acute care nurse practitioner,86
florida bar admission,86
professional development support,86
recovering merchandise,86
slide preparation,86
remembrance photography,86
bachelor's degree in it,86
ability to travel and relocate,86
classroom support,86
social welfare,86
lightspeed ventures,86
kubeflow,86
expected patient outcomes,86
notforprofit,86
xilinx,86
satisfaction,86
life & disability insurance,86
dental public health,86
health law,86
schizophrenia,86
510 years of experience,86
it projects,86
lifting and moving up to 50 pounds,86
cemap,86
psychological counseling,86
selfdefense,86
tb,86
orthodontic specialty certificate,86
audit coordination,86
ability to perform opening and closing procedures,86
multidisciplinary discharging,86
biomarkers,86
product feedback,86
global acumen,86
dfss,86
project timeline,86
quality oversight,86
musculoskeletal conditions,86
proficiency in accounting software,86
ability to work both independently and with a team,86
travel pay,86
adjustment to separation and divorce,86
landscape installation,86
bachelor's degree in logistics,86
generous holiday entitlement,86
talent development programs,86
city & guilds,86
office manager,86
educational needs assessment,86
clinical laboratory technologist license,86
neurodiversity,86
backhoe,86
account receivable,86
bls and acls certifications,86
3d rendering,86
evidencebased protocols,86
graduate teaching,86
letter of recommendation,86
state tax laws,86
closure,86
ga or compact license,86
proficient with computer programs,86
ado.net,86
licensure/certification,86
analytical data,86
journal entry preparation,86
process specifications,86
temperature logs,86
blshcp,86
safe driving practices,86
ability to follow direction,86
tabc certification,86
infusion nursing,86
water resource engineering,86
legal risk management,86
teamcustomized training,86
childled philosophies,86
air monitoring,86
bioreactors,86
patient assignments,86
campaign strategy,86
rt,86
steering,86
less,86
automated followup campaigns,86
brand promotion,86
telephone inquiries,86
logistics operations,86
air handlers,86
food tasting,86
experience in project management,86
master of business administration,86
voicemail,86
vent management,86
patient rehabilitation,86
evidence analysis,86
headset,86
educational sessions,86
pet care discounts,86
agendas,86
bing ads,86
orderliness,86
problem resolution skills,86
receiving and unpacking goods,86
assisted stretching,86
ohio medical license,85
student information system,85
mes systems,85
school recruitment,85
calcareer account,85
critical caregiving leave,85
aircraft inspection,85
teamwork ability,85
positive working environment,85
technical processes,85
healthstream,85
direct digital control,85
cloudfront,85
multilingual skills,85
mrb,85
editorial,85
pulmonary hypertension,85
commercial cleaning,85
ir35,85
marketing and business development,85
business collaboration,85
dfj,85
collection systems,85
progressive care nurse,85
spare parts inventory,85
vibrations,85
supervisory/leadership experience,85
notes,85
ability to lift up to 30 lbs,85
interpersonal and oral & written communication,85
foley catheter insertion,85
statutory holidays,85
sharesave scheme,85
highvolume manufacturing,85
aem,85
u.s. citizenship or national,85
medical device design,85
proven experience,85
apprentice,85
hr technology,85
additional certifications,85
sbrt,85
sagemaker,85
school orientation and mobility specialist,85
adjuster license,85
vocabulary,85
attendance policy,85
rehabilitative nursing actions,85
bedside nursing,85
long term,85
businessrelated field,85
dot physicals,85
training contests,85
product packaging,85
ability to handle pressure,85
state inspection license,85
data factory,85
health & wellbeing,85
reading planograms,85
highquality patient care,85
world class facilities,85
home exercise programs,85
blood sample collection,85
quarterly business reviews,85
nmc or hcpc registration,85
company guidelines,85
patient dignity,85
mechanical concepts,85
engineering teams,85
global perspective,85
folding,85
private placements,85
autosys,85
food and beverage industry experience,85
time management and prioritization,85
firewall configuration,85
crossfunctional team experience,85
it system controls,85
stooping and bending,85
lac,85
live events,85
oneonone counseling,85
virtual computing,85
anaphylaxis,85
gpus,85
businesstobusiness sales experience,85
customerfacing,85
applicant tracking,85
report outcomes,85
admitting,85
culture of safety,85
data and analytics,85
immobilization,85
cpr/first aid training,85
cash register transactions,85
strong posture,85
body repair,85
military protocols,85
tradeoff analysis,85
south carolina medical license,85
energy policy,85
volume activity standards,85
obsolescence management,85
technical decision making,85
safety and quality standards,85
trade show participation,85
apex locator,85
public and private schools,85
aaha accreditation,85
sales related licensure,85
cathodic protection,85
arated professional liability insurance,85
ci poly,85
clinical liaisons,85
machine learning engineering,85
council on accreditation of nurse anesthesia educational programs,85
yardi property management software,85
sentiment analysis,85
radiological procedures,85
basic science,85
processdriven,85
balance training,85
testing plans,85
opc,85
bidding paradigms,85
fellowshiptrained,85
retina,85
flexible attitude,85
medical home,85
support advocate,85
analytical development,85
claims administration,85
core values alignment,85
sensory evaluation,85
real estate licensing,85
effective written communication,85
bachelor's degree in computer science or engineering,85
scouting,85
usa patriot act,85
technology assessment,85
tiger global management,85
sql db,85
cash flows,85
company truck,85
healthcare staffing firm,85
fulltime benefits,85
computer science fundamentals,85
jwt,85
crosscultural sensitivity,85
ventilation systems,85
personality disorders,85
coastal engineering,85
crni certification,85
leads generation,85
fqhc,85
gratitude,85
georgia,85
sitting for extended periods,85
cold tolerance,85
product maintenance,85
emergency behavior intervention,85
nonjudgmental,85
driver's abstract,85
restaurant operating systems,85
rural health,85
roofing systems,85
results focus,85
infections,85
msd,85
flooring systems,85
organizing and planning,85
citizen science,85
cornea,85
security check,85
surgery scheduling,85
ct registry,85
holding,85
training aids,85
problem investigation,85
employment contracts,85
signage management,85
patient preferences,85
proven track record of success,85
lpc license,85
* data analysis,85
clinical faculty,85
local area knowledge,85
travel nursing jobs,85
guiding principles,85
offshore team management,85
quantitative data analysis,85
general foreman,85
diss,85
battery,85
electricalcable trays,85
physically fit,85
nhs discounts,85
unlimited vacation,85
ability to use computers telephones and office equipment,85
alara principles,85
night weekend and holiday availability,85
transfection,85
cloudbased applications,85
private housing and utilities,85
audiogram testing,85
sabbatical leave,85
health care policy,85
elastic,85
general equivalency diploma (ged),85
rental agreements,85
selenium webdriver,85
medical plan options,85
withdrawals,85
osha 30 hour training,85
lifting 25 pounds,85
sales funnel,85
insurance designation,85
communication with patients,85
communication with healthcare team,85
therapy sessions,85
comprehensive medical benefits,85
employee welfare,85
regulatory approvals,85
proof of concepts,85
proof of eligibility to work in the united states,85
bachelor's or master's degree in architecture,85
slides,85
abuse reporting,85
organization and attention to detail,85
fiber splicing,85
venous access,85
test methodologies,85
early years qualification,85
kinematics,85
edm,85
heart disease,85
food operational execution,85
spectral analysis,85
building automation systems (bas),85
building and maintaining relationships,85
engineering manager,85
refugee,85
rc respond,85
organizations,85
grant preparation,85
handling of merchandise and equipment,85
recruit,85
analyst,85
flexible spending plans,85
vehicle demonstrations,85
english writing,85
gslc,85
measurement systems,85
drug and alcohol test,85
ehr documentation,85
previous work experience as an rn registered nurse,85
substance abuse services,85
24hour access to weatherby healthcare consultant,85
salary finance,85
hew certification,85
student loan support,85
relocation opportunities,84
welding engineering,84
frequent climbing,84
job shadowing,84
competitive pricing,84
motor vehicle records search,84
sustainable procurement,84
outreach events,84
static transfer switches,84
ambulatory nursing,84
content distribution,84
online university,84
protection plans,84
visas,84
technical abilities,84
customs clearance,84
collaboration with other professionals,84
air handling units,84
company programs,84
trails,84
executive director,84
pediatric medicine,84
network protocol analysis,84
project bidding,84
ahima,84
extubation,84
network software,84
merchandising presentation,84
field data,84
associates degree (preferred),84
media outreach,84
government background check,84
information extraction,84
api integrations,84
mobile mechanics,84
geothermal,84
technical consultation,84
creative projects,84
ms azure,84
bls for healthcare provider,84
meal service,84
department supervision,84
802.1x,84
quality control analysis,84
merchandising knowledge,84
government housing,84
clinical research coordination,84
security guard license,84
investigative techniques,84
shop mathematics,84
professional development allowance,84
spiritual counseling,84
written and spoken english proficiency,84
legal authorization to work in the us,84
backup diesel generation,84
interprofessional team,84
xray tech,84
flowjo,84
crm tool,84
error analysis,84
fair housing regulations,84
catering sales,84
resident assessments,84
trademarks,84
thirdparty product sponsors,84
adolescent medicine,84
statistical knowledge,84
synthetic biology,84
turbomachinery,84
property litigation,84
stage management,84
gmp standards,84
marketing tools,84
retail store experience,84
tier 3 fault tolerance,84
staffing coordination,84
myhealthone,84
multistate payroll,84
managing people,84
payroll certification,84
bailing cardboard and taking out trash,84
concessions,84
chemicals/gases/fumes/vapors,84
dilapidations,84
free wellbeing televisits,84
resource recovery,84
mvp,84
refinancing,84
dfar,84
brief writing,84
medical dental & vision benefits,84
davinci robot,84
credit card sales,84
intraaortic balloon pump,84
proposal support,84
epm,84
coaching and mentoring skills,84
individual service plans,84
ms office (word excel),84
controlled substance regulations,84
image/document scanner,84
waitlist management,84
diverse community,84
paid holidays and vacation,84
defense travel system (dts),84
meaningful work,84
order processing systems,84
foreclosure,84
aspen dentalbranded practices,84
stp,84
medical policy,84
solutionbased treatment modalities,84
freight handling,84
family medicine physician,84
tier 4 fault tolerance,84
deli operations,84
social interactions,84
milstd461,84
standby/oncall,84
geriatric patients,84
it specialist,84
full cycle accounting,84
sound risk decisions,84
clinical testing,84
newsletter creation,84
group taxfree savings account,84
general computer knowledge,84
preoperative evaluation,84
quality bonus,84
acls/bls,84
dot experience,84
design and construction,84
workflow coordination,84
baltimore,84
excellent benefits package,84
course objectives,84
5 years of relevant experience,84
ultratax,84
career advising,84
collaborative planning,84
construction phasing,84
administrative hearings,84
lost and found management,84
application delivery controllers & load balancing,84
discovery process,84
ccp,84
mill,84
4 years experience,84
testing process,84
physician or pa job,84
2+ years supervisory experience,84
quality assurance/quality control (qa/qc),84
sage software,84
multispecialty medical group,84
cpr/aed/first aid,84
online job application,84
structural analysis software,84
quantities,84
experience in healthcare,84
ccnasecurity,84
security regulations,84
canalyzer,84
formal verification,84
maxim healthcare staffing policies,84
smt,84
1:1 candidate search support,84
friendly service,84
cqe,84
social media tools,84
acquisition management,84
equipment assembly,84
its,84
health care system,84
joy,84
neonatologist,84
yard maintenance,84
nonjudgemental attitude,84
harassment prevention,84
court of protection,84
cisco aci,84
delta lake,84
warehouse work,84
administering medication,84
p&l experience,84
new build,84
thermography,84
rescheduling,84
settlement agreements,84
automotive tech,84
collaborative working relationships,84
care.com membership,84
knowledge of policies and procedures,84
cost reductions,84
personalized attention,84
canadian securities course (csc),84
process improvement methodologies,84
numerical aptitude,84
ping,84
quality improvements,84
fisheries management,84
solution sales,84
full health benefits,84
professional education,84
community referrals,84
tn sponsorship,84
ehs programs,84
balance sheet account reconciliations,84
system security plan (ssp),84
accredited residency program,84
nfpa 70,84
discounts and savings,84
failure investigation,84
401(k) plan with employer match,84
field activities,84
bachelor's nursing,84
culturally competent care,84
safety certification,84
healthcare coordination,84
pediatric nursing experience,84
some college preferred,84
urine collection,84
ability to prioritize work,84
wastewater treatment plants,84
voluntary insurance,84
strategic growth,84
physical ability to perform tasks,84
wastewater collection,84
pesticide application,84
healthrelated field,83
dietician,83
tactfulness,83
renters insurance,83
as9100 or iso environment,83
project status updates,83
dcs systems,83
safety and security protocols,83
bachelor’s degree in civil engineering,83
military terminology,83
manufacturing instructions,83
dreamweaver,83
leasing agent,83
autopilot,83
organizational and communication skills,83
indemnity,83
human resources information systems,83
big 4,83
respirator fit testing,83
portfolio construction,83
portfolio optimization,83
bls healthcare provider certification,83
continuous professional development (cpd),83
medical diagnostics,83
energy work,83
color recognition,83
financial documents,83
isc2 certified in cybersecurity (cc),83
facility/hospital staff,83
osha 500,83
health care law,83
business process knowledge,83
assistants,83
policy evaluation,83
culinary/food and beverage industry,83
drainage engineering,83
labor estimation,83
02 years of experience,83
food safety management certification,83
asbestos awareness,83
ability to travel as required in support of district needs,83
oral health education,83
test driven development (tdd),83
sales data,83
blue prints,83
omron,83
inperson meetings,83
free training,83
multiple languages,83
longterm care (ltc),83
oncall status,83
glucometer,83
tax manager,83
nicet level ii certification,83
resolutions,83
smokefree environment,83
safety and quality,83
cost saving measures,83
team player mentality,83
ghidra,83
customer collaboration,83
company initiatives,83
permit compliance,83
project planning and scheduling,83
project processes,83
inventory management experience,83
strong cs fundamentals,83
ibm mq,83
hospice training,83
send,83
google platforms,83
handwriting,83
yearly performance appraisals,83
supervisory training,83
jd/llm,83
knowledge exchange,83
puget sound,83
calendar,83
storage experience,83
parttime study,83
facility policies and procedures,83
ability to lift up to 10 pounds,83
sales driver,83
piping engineering,83
clean room,83
segregation of duties,83
google sketchup,83
loan documents,83
chassis,83
service titan,83
o&m,83
learning new technologies,83
payroll regulations,83
condition assessments,83
handson leadership,83
safety oversight,83
fingerprints,83
microsoft office suite (excel),83
employee feedback,83
class actions,83
good work ethic,83
population management,83
standby generator,83
intravenous injections,83
final design,83
itero,83
liver transplant,83
automotive insurance,83
bachelor's in nursing (bsn),83
platform as a service (paas),83
strategic solutions,83
intelligence reporting,83
first responder,83
transplant options,83
administrative rules,83
food passion,83
ability to deescalate negative situations,83
oncall program,83
therapeutic nursing actions,83
clean mvr,83
efficient code,83
legal document review,83
clinical trial design,83
communication skills (written and oral),83
supply chain solutions,83
transportation logistics,83
vulnerable adults,83
architecting,83
shipping coordination,83
professional liability/malpractice insurance,83
hiring managers,83
cell phones,83
brim,83
communication and reporting,83
master's degree in social work psychology marriage and family therapy or mental health counseling,83
personal branding,83
simplicity,83
system development life cycle,83
table games,83
dependency injection,83
banking policies,83
income generation,83
ongoing training and education,83
section 508,83
banking applications,83
compass,83
followup visits,83
automatic raises,83
karma,83
lien waivers,83
virtual learning,83
oidc,83
ed experience,83
accreditations,83
retaliation,83
payments processing,83
veterinary science,83
psychosis,83
clinical decision support,83
clear vision,83
clinical certification,83
height,83
solution delivery,83
solr,83
ability to obtain sales related licensure or registration,83
drivers' license,83
child protective services,83
sap sd,83
subconsultant management,83
retail loss prevention,83
waived testing,83
patient medical record,83
acls (cardiovascular),83
systems evaluation,83
web conferencing,83
counseling center of excellence,83
microsoft dynamics ax,83
mutuality,83
work schedule creation,83
checkpoint,83
ability to reach for merchandise using a ladder step stool and pole,83
audit assistance,83
local area networks,83
clinical laboratory sciences,83
awardwinning recognition programs,83
laboratory investigations,83
interagency collaboration,83
aircraft structures,83
night audit,83
skills certification,83
policy research,83
marketing techniques,83
fuel management,83
inspection and testing,83
ability to work in a hot environment,83
rehab facilities,83
fertility and adoption assistance program,83
sap pp,83
invoice preparation,83
allen bradley plcs,83
dfma,83
clinical policies and procedures,83
supply inventory,83
fraud risk management,83
purchase,83
integrated health system,83
michigan rn license,83
fortune 500 companies,83
spa management,83
tertiary education,83
forensic science,83
cuttingedge technologies,83
windowsbased pc,83
mechanical services,83
field coordination,83
product development process,83
hand and arm movement,83
solid mechanics,83
associate's degree/technical degree,83
senior structural engineer,83
ability to work with teammates,83
cad standards,83
american heart association acls,83
jury selection,83
sre principles,83
i9 compliance,83
medication delivery,83
postgraduate degree,83
expectations,83
filing cabinets,83
patron assistance,83
rest assured,83
web browser,83
blue beam,83
wms systems,83
vw,83
fashion sense,83
critical care nursing experience,83
pq,83
custodian,83
geotechnical design,83
vehicle operator's license,83
safe and quality patient care,83
state laws and regulations,83
8d problem solving,83
iowa nursing license,83
rn (registered nurse) license,83
client discussions,83
pc experience,83
interim management,83
esrd,83
ability to make independent decisions,83
practice planning,83
masters in social work,83
failure mode and effects analysis (fmea),83
ability to work in stressful situations,83
automotive mechanics,83
cardiovascular operating room,83
infrastructure maintenance,83
relocating,83
fda qsr,83
cnm,83
materials knowledge,83
infrastructure as a service (iaas),83
written and verbal instructions,82
fault analysis,82
inflammatory bowel disease,82
reimbursement for license,82
commercial account management,82
tact and diplomacy,82
cdl a,82
operating room setup,82
safety processes,82
nurse friendly platform,82
market research and analysis,82
doe q clearance,82
jde sales,82
ability to lift 20 lbs,82
aeration,82
spraying,82
dryers,82
cpa licensure,82
positive patient outcomes,82
ability to stand during entire shift,82
python (programming language),82
psychologist license,82
occasional weekend work,82
strong teamwork skills,82
bachelor's,82
cme opportunities,82
cme funds,82
environmental sampling,82
bank statements,82
certification support,82
annual bonus program,82
pcdmis,82
management/supervisory experience,82
ipad proficiency,82
ability to bend at the waist with twisting,82
internal mobility,82
inservice meetings,82
precision instruments,82
data center infrastructure,82
process redesign,82
order verification,82
pediatric icu,82
infectious materials,82
design for assembly,82
lighting fixtures,82
nerc,82
cisco certified network associate (ccna),82
technology support,82
dish tv programming,82
laboratory methods,82
safety and wellbeing,82
certified athletic trainer,82
social work experience,82
backup dieselpowered generators,82
lookups,82
irs telework program,82
direct support,82
the joint commission (tjc),82
caregiver supervision,82
structural integrity,82
dhs,82
markdown management,82
creative services,82
investigative experience,82
department policies and procedures,82
m&e,82
spacecraft,82
emergency first aid,82
die casting,82
request for proposals,82
milestone anniversary awards,82
data platform,82
project team collaboration,82
loyalty bonus,82
certification maintenance,82
patient and familycentered care,82
morphology,82
electrical systems repair,82
flex holidays,82
technical strategy,82
flows,82
analytic tools,82
maintain a clean wellorganized store,82
executive communications,82
vault management,82
detailed oriented,82
m&a transactions,82
referral bonus rewards,82
travel required,82
receiving procedures,82
general conditions,82
patient care goals,82
backend systems,82
mental health professional,82
visionary,82
tax authorities,82
annual audits,82
intensive care unit (icu) experience,82
crc,82
mortgage underwriting,82
hci,82
excellent written and verbal skills,82
standing and walking for long periods,82
specialized knowledge,82
medical field experience,82
mckesson,82
cardiac rehab,82
registered nurse (rgn),82
exposure to blood,82
multidisciplinary team management,82
calculator skills,82
remedial design,82
high school diploma or equivalent experience,82
inhome nursing care,82
pharmacy technician experience,82
error identification,82
ability to successfully complete all required training,82
scrub role,82
communicable disease control,82
hcpc registered,82
operational compliance,82
arista,82
medical genetics,82
casino operations,82
ability to sit,82
claims settlement,82
reserves,82
emtala regulations,82
consent,82
bachelor of architecture,82
iq/oq/pq,82
general manager experience,82
treatment regimens,82
specialized food preparation,82
diligent,82
remote patient monitoring,82
nda,82
course curriculum in monro university,82
recognition and rewards,82
superior customer service leadership,82
error resolution,82
molecular techniques,82
state of arizona department of public safety level one fingerprint clearance card,82
valid state medical license,82
bills of lading,82
pet health,82
written expression,82
ability to lift/carry up to 30 pounds,82
paid pto,82
phlebotomy experience,82
computational skills,82
quarterly reviews,82
directing work,82
phr or sphr certification,82
clinical risk management,82
hbss,82
merchandise execution,82
cem,82
physician engagement,82
professional affiliations,82
followup appointments,82
optimization techniques,82
cycle time,82
admin,82
branch manager,82
yarn,82
teaching plans,82
spill response,82
resource scheduling,82
car parking,82
rock mechanics,82
servsafe certification (preferred),82
pc literate,82
certified registered nurse infusion (crni),82
union,82
labor hours,82
healthcare information systems,82
industrial maintenance experience,82
vaccination compliance,82
suction,82
customerfocused culture,82
j1 waiver,82
physician services,82
windows active directory,82
unitypoint health,82
adult nurse practitioner,82
power supply and distribution,82
manage,82
needsbased review process,82
california driver license,82
intermediate level,82
financial crime,82
ability to work in a fastpaced and dynamic environment,82
environmental analysis,82
loss analysis,82
music appreciation,82
product manager,82
seismic analysis,82
environmental procedures,82
reach truck operation,82
military law,82
diagnostic interpretation,82
alcoholic beverage service,82
nac,82
antibodies,82
collegial,82
eligibility requirements,82
fitness equipment,82
real time closedloopcontrol systems,82
lcms/ms,82
transformational leadership,82
ability to lift 50+ pounds,82
federal standards,82
quality indicators,82
patient care technician (pct),82
financial reporting software,82
lifting up to 10 pounds,82
child abuse and neglect reporting act,82
real estate investment,82
intubations,82
industry passion,82
budgeting and financial management,82
mortgage retail sales,82
large data sets,82
great benefits,82
deposition experience,82
clinical advice,82
permitting processes,82
system security plans,82
textura,82
retail policies,82
rancher,82
code,82
globalization,82
numerical modeling,82
account servicing,82
site remediation,82
health department compliance,82
computer system validation,82
labor relations concepts,82
5why,82
practice management system,82
current bls certification,82
exam rooms,82
loan products,82
workday hcm,82
practice nurse,82
tool operation,82
summarization,82
bending ability,82
ability to protect and secure company assets,82
consumer discounts,82
federal health/vision/dental/term life/longterm care,82
ethical considerations,82
ability to manage cashiering activities,82
issues management,82
burns,82
lpn experience,82
nonfunctional testing,82
pap smears,82
johnson controls,82
analyze,82
aspiration,82
pals pediatric adv life supt,82
tia portal,82
general contractors,82
rnnetwork,82
frequency drives,82
residential design,82
legal technology,81
residential development,81
end stage kidney disease,81
legislation knowledge,81
youth engagement,81
financial aid payments,81
treatment evaluation,81
circuit & load protection,81
it compliance,81
high motivation,81
hazmat certification,81
creativity and innovation,81
quality of patient care,81
outpatient consultation,81
world's most ethical companies,81
barista skills,81
communicating and influencing,81
epc projects,81
coso framework,81
recovery principles,81
safety promotion,81
cpa or cma certification,81
nursing assistants,81
nebosh certificate,81
rng,81
fmcg experience,81
valid medical license,81
healthcare staffing agency,81
case strategy development,81
clinical lab scientist,81
financial due diligence,81
loss,81
wetland delineations,81
analytical and problemsolving abilities,81
endpoint management,81
military ranks and insignia,81
key performance indicators (kpi),81
implementation planning,81
network communications,81
jee,81
continuous integration/continuous deployment (ci/cd),81
shift report,81
diverse and inclusive work environment,81
ability to lift 40lbs,81
transfusion,81
nursing home management,81
plant operation,81
physician job,81
grease,81
school environment,81
graduate of a school of professional nursing,81
state certifications and requirements,81
teleconsulting,81
cutoffs between family members,81
risk control consulting,81
ability to think critically,81
office practices,81
research and evaluation,81
dynamo,81
packages,81
license and certification reimbursements,81
coinstar,81
automotive technical school,81
psych rn,81
h.s. diploma,81
material movement,81
streamlined administration processes,81
aha advanced cardiac life support,81
inpatient unit,81
final quality assurance,81
top secret/sci security clearance,81
repair work,81
zbrush,81
arizona,81
rn in nm,81
business issues,81
volunteer engagement,81
basic military officer qualification,81
field operations management,81
seasonal areas management,81
multiple locations,81
techsavviness,81
sie,81
flexibility training,81
avma accredited college,81
cultural diversity and inclusion,81
distech,81
mobile equipment,81
timekeeping software,81
crossfunctional,81
crossdisciplinary collaboration,81
softwares:,81
midwife,81
operation management,81
geometric deep learning,81
pediatric anesthesia,81
care@work,81
solutionfocused,81
licensed clinical professional counselor (lcpc),81
secret level clearance,81
ability to lift and carry 50 pounds,81
audience targeting,81
team member bonus program,81
mail sorting,81
oral surgeon,81
design research,81
certified safety professional,81
internal advancement opportunities,81
laptop computers,81
kosher,81
lvad,81
farm management,81
rcvs registered,81
consumer protection,81
error prevention,81
delinquency management,81
head start,81
lifting and carrying objects,81
hospital rounds,81
basic set of automotive tools,81
claims evaluation,81
extensions,81
fitness sales,81
transportation operations,81
revenue integrity,81
strong communication and presentation skills,81
full and relevant early years qualification,81
molecular pathology,81
argus,81
paid community service day,81
team success,81
multidisciplinary engineering,81
bachelor's or master's degree in accounting,81
trusts and estates,81
line cooking,81
forklift training,81
discriminationfree workplace,81
selfpaced learning,81
exposure to weather,81
footwear and athletic apparel,81
network microsegmentation,81
building trades,81
ontario human rights code,81
family medicine residency,81
solutionbased therapy,81
debugging skills,81
network operating systems,81
child protective services act,81
lead auditor,81
care plan development and implementation,81
medical conferences,81
water analysis,81
relevant certifications,81
field surveying,81
aviation maintenance,81
ability to learn and adapt quickly,81
electronic assembly,81
yearend audit,81
inquisitive,81
multidisciplinary team experience,81
cpm certification,81
dependable attendance,81
radio frequency (rf),81
program operations,81
unitspecific competencies,81
annual paid time off,81
financial policies and procedures,81
nrfsp certification,81
annual audit,81
diverse and inclusive team,81
emotional care,81
process creation,81
electrical codes and standards,81
rights,81
reaction time,81
authentication technologies,81
adtech,81
pos (point of sale) system,81
sales and marketing strategies,81
3+ years sales experience,81
symptom control,81
dashboard design,81
back of house management,81
tasting and smelling,81
wellbeing resources,81
far/dfars,81
medicare and medicaid,81
breast ultrasound,81
satellite systems,81
powder coating,81
ability to work in adverse weather conditions,81
adaptable to fast paced environments,81
activity reports,81
perinatology,81
bachelor's degree in human resources or business administration,81
12+ years of experience,81
fda requirements,81
fund raising,81
ability to work in a hot and humid environment,81
salesforce service cloud,81
notices,81
manufacturing facilities,81
market pricing,81
rnregistered nurse,81
electroplating,81
ca/cpa,81
57 years experience,81
payroll giving,81
immunofluorescence,81
national account management,81
lead technician,81
medication labeling,81
inpatient hospital experience,81
carrier management,81
read and follow planogram,81
team award bonus,81
act 34 clearance,81
utility lines/poles,81
pct,81
nuclear imaging,81
covid19 vaccination or approved exemption,81
veterans affairs,81
bachelor's degree in pharmacy or pharmd degree,81
visual merchandising skills,81
bachelor's in architecture,81
arduino,81
reading drawings,81
college degree or equivalent,81
congestive heart failure,81
rtpcr,81
renal dialysis,81
gds,81
research documentation,81
seals,81
lab values,81
ammunition control,81
automotive service advisor,81
cloudbased software,81
administrative systems,81
1 year nursing experience,81
safe and stars programs,81
mas,81
california state bar membership,81
serviceoriented attitude,81
contract reviews,81
certified dietary manager,81
social skills training,81
* organizational skills,81
government affairs,81
student evaluations,81
nist 800171,81
data collection systems,81
crit careicu,81
rslogix,81
fit,81
patient support programs,81
steam turbines,81
incident command system (ics),81
client rapport,81
health insurance benefits,81
java ee,81
site security,81
regulatory law,81
clinical nurse manager,81
commercial & instrument rating,81
erosion,81
high pressure environment,81
cost and schedule management,81
critical care registered nurse,81
music production,81
policy communication,81
clinical work experience,81
clinical workflows,81
finance and accounting,81
layout drawings,81
metallurgical engineering,81
career fairs,81
cisco's unified computing system,81
osha certifications,81
nursing school graduate,81
twoway radio,81
clinical history,81
freezers,81
security risk management,81
authorized to work in the u.s.,81
cac,81
opensource,80
job stability,80
shell scripts,80
ceu/cme,80
new ideas,80
functional knowledge,80
tax liability,80
tool handling,80
american registry for diagnostic medical sonography (ardms),80
design transfer,80
shipment organization,80
medical residency,80
spreadsheet analysis,80
clinical quality improvement,80
retail or hospitality leadership,80
home hemodialysis,80
free crunch fitness membership,80
ability to grasp and manipulate objects with hands,80
qualified accountant,80
adobe captivate,80
nvq level 2,80
cost data,80
epic systems corporation  mychart,80
unsupervised learning,80
static strength,80
bachelor's degree in chemistry,80
high school diploma (or equivalent),80
offer letters,80
sap apo,80
automobile insurance coverage,80
oracle ebusiness suite,80
system performance monitoring,80
metric system,80
user story writing,80
system thinking,80
motorcycle endorsement,80
sitting viewing computer screen,80
401k plan with employer match,80
hydraulic design,80
proprietary platform,80
printed circuit boards,80
investment services,80
radiation detection,80
lifestyle changes,80
ability to use microsoft office suite,80
haircutting techniques,80
psychiatric nurse,80
statements,80
human capital,80
excepted service examining plan (esep),80
server operating systems,80
video creation,80
quantitative research methods,80
pipeline design,80
sd,80
plan of care revision,80
aws solution architect  professional,80
pc/crt/printer,80
operational reporting,80
pals certificate,80
paid days off,80
janitorial skills,80
household cleaners,80
black belt certification,80
household management,80
dental supplies,80
pediatric gastroenterology,80
cell and gene therapy,80
radiation therapist,80
offer negotiation,80
generous salary,80
field of vision,80
art education,80
employee records management,80
individualized patient care,80
paternity,80
digestive health,80
gas turbines,80
hospitality environment,80
indiana board of nursing,80
technology industry,80
weapons maintenance,80
ms office excel,80
respiratory distress,80
ability to work in a variety of environments,80
discrepancy reporting,80
product release,80
commitment to company values,80
business maturity,80
car leasing,80
dusting and mopping,80
child care experience,80
summaries,80
high school or ged equivalent,80
direct communication,80
aca or acca qualification,80
it risk management,80
janitorial duties,80
ability to lift and carry up to 50 lbs.,80
insurance company requirements,80
event sales,80
signal conditioning,80
welder,80
ideas,80
nist framework,80
coordination meetings,80
subspecialty support,80
system health check,80
hcss,80
explosives,80
demographics,80
verbal and written communications,80
change order requests,80
change order,80
risk selection,80
staffing agency,80
public service loan forgiveness (pslf) program,80
mechanical technician,80
downtime,80
fusion,80
orthopaedic,80
cat scan,80
medication handling,80
weekly direct deposits,80
hazard assessments,80
travel for training,80
welding knowledge,80
network monitoring tools,80
webservices,80
occasional climbing up to heights of six feet,80
eap counseling sessions,80
operational controls,80
loan portfolio management,80
wireless communications,80
upskill opportunities,80
gc/ms,80
temperature changes,80
site coordination,80
resultsdriven mindset,80
rn supervisor,80
proposal coordination,80
phr/sphr,80
channel partnerships,80
cpa (preferred),80
physical restraints,80
training curriculum,80
alcohol testing,80
questioning,80
technical school certificate,80
height gages,80
a&p mechanic,80
code blue,80
laboratory accreditation,80
employee performance reviews,80
ability to work with limited supervision,80
microsoft office 365 suite,80
confidentiality agreements,80
pennsylvania department of welfare child abuse criminal background clearance,80
vaccination (covid19),80
kidney disease,80
security reviews,80
effective verbal communication skills,80
quality checking,80
scap,80
plumbing knowledge,80
hospital orientation,80
ca medical license,80
junior coder,80
thrombectomy,80
trauma center experience,80
no holidays,80
charisma,80
trauma nurse core course (tnnc),80
internet connectivity,80
raid,80
ability to calculate figures and amounts,80
direct sales experience,80
basic arrythmia interpretation,80
401k contributions,80
cannabis knowledge,80
grabbing,80
organizational maintenance,80
grievance,80
hipaa standards,80
methodical,80
associate's degree or higher,80
injury evaluation,80
employee events,80
ability to adapt to a dynamic environment,80
technical performance,80
physician employment contract,80
voltage,80
integrity and trust,80
security supervision,80
menu presentation,80
vehicle sales,80
team leader experience,80
supply chain processes,80
partnership agreements,80
travel benefits,80
concerns,80
officebased work,80
power saws,80
compression,80
firearms proficiency,80
certification testing,80
piping and instrumentation diagrams (p&ids),80
sql server reporting services,80
product security,80
refraction,80
recipe knowledge,80
information requests,80
behavioral and mental health sessions,80
kitchen staff supervision,80
ability to learn and adapt to new technology,80
numerical methods,80
manufacturing technologies,80
reach truck,80
profit share,80
permitting requirements,80
cogs,80
sales and service,80
electronic circuits,80
course syllabi,80
cultural differences,80
legacy systems,80
wellness challenges,80
device physics,80
vehicle delivery,80
paid volunteer days,80
signage maintenance,80
paid paternity leave,80
global collaboration,80
business generation,80
flextime,80
paxton,80
risk management skills,80
project quality,80
bachelor's degree in nursing or related field,80
ability to work in wet and dry conditions,80
administrative coordination,80
lsdyna,80
customer solutions,80
sleep,80
dynamic team,80
flexible start dates,80
spring security,80
ballet,80
urs,80
monitor patients,80
expected outcomes,80
education reform,80
solid waste,80
innovative technology,80
senior,80
jde certified in manufacturing,80
soap ui,80
personal computer operation,80
equipment purchases,80
stock takes,80
technological skills,80
mortgage advice,80
school setting,80
flexible working opportunities,80
highspeed data acquisition,80
grading plans,80
relentlessness,80
av,80
ability to meet and exceed sales goals,80
cbct scanner,80
proven sales techniques,80
facility cleaning,80
intelligence analyst,80
credit risk analysis,80
working groups,80
legislative changes,80
cleaning schedules,80
state statutes,80
national incident management system (nims),80
coordinated care,80
asme b31.1,80
simple ira,80
sales volume,80
varied schedule,80
ability to work in a standing position,80
network defense,80
rn/lpn,80
processing orders,80
temporary staffing,80
ability to climb reach bend and lift,80
health insurance plans,80
medical scribe,80
tree pruning,80
material takeoff,80
investment products and services knowledge,80
curriculum knowledge,80
ability to work in outdoor weather conditions,80
outdoor work environment,79
concept of operations,79
critical path method,79
competitive salary and benefits package,79
academic skills,79
content calendar,79
information collection,79
gong,79
tpo,79
sap ewm,79
aconex,79
food display,79
passion for work,79
special offers,79
healthcare research,79
unlimited paid time off,79
vascular access board certified (vabc),79
office equipment maintenance,79
company tools,79
ability to use basic math skills,79
alcohol service permit,79
pc knowledge,79
administrative requirements,79
health care team collaboration,79
registration/license (if applicable),79
valid driving record,79
eye protection,79
statement of contributions to diversity,79
environmental site assessments,79
disclosures,79
electrical infrastructure,79
project closeouts,79
engineering qualification,79
glba,79
arrt registered technologist,79
privacy by design,79
travail d'équipe,79
soap apis,79
course coordination,79
invoice verification,79
retirement savings program,79
counselor portal,79
hedge fund,79
subacute,79
cardiac sonography,79
faithbased,79
presentation guidance,79
inpatient psychiatry,79
anaesthetics,79
recruiting skills,79
discounted stock options,79
paycom,79
power distribution units (pdus),79
professional nursing certification,79
technology services,79
product verification,79
policies and procedures compliance,79
equipment inventory management,79
ceridian dayforce,79
professional nursing registration,79
culture change,79
expensify,79
global mindset,79
statutory sick pay,79
heaters,79
archer,79
writing samples,79
distillation,79
strategy planning,79
harness,79
regulatory strategy,79
growth plan execution,79
budget compliance,79
work quality,79
personal injury defense,79
surgical dentistry,79
proficiency with microsoft office,79
personal organization,79
total compensation,79
sign language,79
cch axcess,79
slicing,79
professional licensure reimbursement,79
emergency service,79
multiplepath electrical distribution,79
project change management,79
master's degree in mental health,79
weights and measures regulations,79
renewal,79
customer requests,79
elevations,79
domain expertise,79
denials,79
ptab,79
physical requirements  medium work,79
ability to drive own vehicle,79
professional body membership,79
hipaa training,79
protocol implementation,79
netsuite erp,79
accounting controls,79
class b cdl,79
telecoms,79
master's degree in architecture,79
student progress tracking,79
intrusion,79
wellbeing initiatives,79
external partners,79
spring data,79
bachelor's degree or higher,79
open roads designer,79
junior engineers,79
medical licenses,79
lc/ms,79
presales support,79
mayo clinic care network,79
registered nursing program,79
leasing management,79
microsoft .net,79
physiological knowledge,79
clinical judgments,79
mobile services,79
point of sales systems,79
computer software programs,79
diversity equity inclusion,79
arthrography,79
syteline,79
field reviews,79
continuity,79
walmart policies and procedures,79
ability to bend and lift products,79
light plumbing,79
export administration regulations (ear),79
operational stability,79
personal selling,79
longterm care coverage,79
ability to lift load and deliver merchandise,79
deductibles,79
histotechnology,79
medhost,79
scissors,79
rota planning,79
document,79
safety plan,79
it auditing,79
pcb manufacturing,79
ability to lift or reach merchandise overhead,79
foodservice industry,79
construction equipment operation,79
* collaboration,79
physician governance,79
preproduction,79
passion for the beauty industry,79
career development programs,79
customer facing,79
iq,79
professional development training,79
resultdriven,79
travis ci,79
remote access vpn,79
ability to read and write english,79
ability to wear personal protective equipment (ppe),79
design meetings,79
media monitoring,79
overhead reaching,79
soilstructure interaction analysis,79
youth services,79
self service marketing,79
enrolled agent (ea),79
veteran support,79
advanced diagnostics,79
expert advice,79
temporary practice permit,79
cancellation protection,79
preconstruction planning,79
401k options,79
working around food and cleaning products,79
business mentality,79
team recruitment,79
surgical asepsis,79
labor efficiency,79
marketing collaboration,79
state licensing requirements,79
product implementation,79
engagement letter,79
longterm disability benefits,79
first do no harm,79
audit process,79
sales teams,79
technical software,79
supporting documents,79
security +,79
ct scanners,79
13 week contract,79
team training and development,79
playbooks,79
household chores,79
community partners,79
oltp,79
supportive housing,79
merchandise selection,79
reward and recognition programs,79
candidate selection,79
ccure,79
project inspections,79
own it,79
american heart association certifications,79
end users,79
accurate,79
salesforce experience,79
commissionbased sales,79
technical liaison,79
sql database,79
domaindriven design,79
payroll records,79
ddpcr,79
excellent written and oral communication,79
food hygiene certificate,79
national environmental policy act (nepa),79
lpn (licensed practical nurse),79
iia standards,79
professional subscriptions,79
pneumatic schematics,79
fact finding,79
network+ certification,79
inspiring,79
customer oriented,79
interdisciplinary team coordination,79
basic repairs,79
phtls,79
production requirements,79
photos,79
remarketing,79
skill enhancement,79
partner relationships,79
client consulting,79
fbi finger print based federal criminal records check,79
privileges,79
cisa certification,79
interface definition studies,79
operations excellence,79
delivery schedules,79
infusion pumps,79
cleaning validation,79
cycle2work scheme,79
suture,79
understanding of safety policies and practices,79
therapy dogs,79
fluid changes,79
gym membership reimbursement,79
legal and regulatory requirements,79
ecfmg,79
research and data analysis,79
cultural intelligence,79
network security groups,79
school safety,79
oral presentation skills,79
quota,79
sales aptitude,79
training methods,79
strategic sales planning,79
flexible work style,79
audio engineering,79
meals on wheels,79
proactive learning,79
adcs,79
leisure activities,78
care home,78
diversity and inclusiveness,78
individual and group interventions,78
business expertise,78
ancc or aanp certification,78
patient care locations,78
ability to work from home,78
technical competencies,78
electronic medical/health system,78
401k plus program,78
wan technologies,78
union environment experience,78
communication and decisionmaking skills,78
advance care planning,78
centres of influence (cois),78
senior buyer,78
professional engineer (p.e.),78
bilingual (english & spanish),78
innovative technologies,78
free dish tv programming,78
design strategy,78
dental xrays,78
command line,78
teaming agreements,78
keen eye for detail,78
5 whys,78
geosciences,78
validation plans,78
stig,78
computer proficient,78
graduate of a rn registered nurse education program,78
technical parameters,78
correlation,78
tradeoffs,78
search engines,78
computer documentation,78
virtual private network,78
scholarly work,78
file systems,78
syntax,78
state tax,78
wastewater engineering,78
pressure testing,78
bank operations,78
basic requirements,78
3d animation,78
providing customer service,78
blood/body fluids,78
random forest,78
desigo,78
rapid mental and muscular coordination,78
home building,78
ability to push,78
prioritization and time management,78
furniture merchandising,78
pediatrics nursing,78
auxiliary equipment,78
pharmacy sales,78
longterm commitment,78
booster,78
rehabilitative care,78
epic electronic medical record,78
business communications,78
high pressure cleaning,78
reading plans,78
proficient communication,78
apogee,78
team environment experience,78
workday studio,78
ils,78
adherence to regulations,78
ev charging,78
patient data entry,78
ability to work in a customer service environment,78
collibra,78
fastpaced experience,78
project records,78
veterinary nursing,78
educational program development,78
personnel issues,78
reverse osmosis,78
orphan drug designations,78
news reporting,78
financial counseling experience,78
program promotion,78
ability to verbally communicate with others,78
calpers,78
accounting system,78
casp,78
barbering license,78
401 (k),78
appointment confirmation,78
banquet service,78
work breakdown structure (wbs),78
real estate contracts,78
proficient in excel,78
master's degree in a related field,78
layout skill,78
sales driven,78
laboratory analyses,78
vr,78
ability to present information,78
green building,78
system one,78
retail stocking team supervisor,78
trial law,78
store signage,78
program scheduling,78
desktops,78
hammer,78
assist,78
strong decisionmaking skills,78
pds,78
competency validation,78
machine operating,78
ability to work in varying weather conditions,78
discounted health insurance,78
ul508a,78
workers compensation insurance,78
safety culture promotion,78
mac os x,78
conversational english,78
environmental investigation,78
tenant improvement,78
system implementations,78
operational readiness,78
civil engineering design,78
paid continuing education,78
spine care,78
pointofsale system (pos),78
resume screening,78
current bls card,78
shortterm disability (std),78
routing and switching,78
uptime,78
10 years experience,78
corrective action planning,78
dashboard reporting,78
compassionate environment,78
tonometry,78
strong management skills,78
s.t.a.b.l.e.,78
dicom,78
crm database,78
annual leave accrual,78
blshcp certification,78
powerschool,78
physical therapist assistant (pta),78
gutters,78
observation and assessment,78
first aid at work,78
ability to pass drug screen and background check,78
cts certification,78
working in various weather conditions,78
ase certified,78
astrophysics,78
nursys,78
glassdoor,78
defensive driving course,78
exposure to hazardous materials,78
court filings,78
bls acls or cpr certification,78
ability to write routine reports and correspondence,78
supported employment,78
adhere to company security practices,78
social sensitivity,78
damage control,78
remediation plans,78
agi32,78
gym access,78
it networking,78
current registered nurse license,78
ambulatory services,78
notary public commission,78
centers of excellence,78
longterm and temporary career options,78
premiumpriced products,78
medical support specialist,78
reach trucks,78
drug enforcement agency number,78
english usage,78
disability inclusion,78
product certification,78
laser treatments,78
patient retention,78
must be 18 years or older,78
foreign language skills,78
trusted advisor,78
marketing operations,78
trend monitoring,78
fraud investigations,78
myob,78
ethnic studies,78
atcn,78
emotional control under stress,78
stockroom upkeep,78
primary care provider,78
registered technologist,78
educational fee discounts,78
paid vacation and sick days,78
pediatric critical care,78
directory services,78
regular testing,78
supportability,78
bpo,78
women’s services,78
technology roadmap,78
conceptual designs,78
ability to handle a variety of substances,78
child protection screening,78
quality goals,78
background screen,78
personalized compensation packages,78
database integration,78
image editing,78
banquet,78
sports knowledge,78
ability to lead a team,78
indiana license,78
maintenance requirements,78
maintenance services,78
chart auditing,78
forensic engineering,78
duty to warn situations,78
sales and operations planning,78
maintenance software,78
culinary standards,78
student support services,78
general arrangements,78
security policy,78
ibm  initiate healthcare,78
mining industry,78
order maintenance,78
ability to follow vip and dsd policies and procedures,78
bachelors in accounting,78
technical applications,78
international collaboration,78
safety performance,78
t&m,78
lake tahoe,78
supplemental insurances,78
ear irrigation,78
rcpier,78
circuit board design,78
respectful workplace,78
college course work,78
working with diverse populations,78
federal background check,78
app development,78
paramedic certification,78
paramedicine,78
amazon live,78
video chat counseling,78
team player skills,78
care services,78
quality healthcare,78
schematics reading,78
family needs,78
lab equipment operation,78
wildlife biology,78
student progress,78
music technology,78
engine,78
strong academic record,78
economic trends,78
azure certification,78
haacp,78
blue yonder,78
sensory skills,78
investment research,78
water resource management,78
manufacturing process improvement,78
vulnerability,78
professional development activities,78
community connections,78
incident command system,78
agile processes,77
care assessment,77
content management system,77
routine tasks,77
museum studies,77
receipts,77
documentation development,77
color identification,77
pvsyst,77
recreation activities,77
loading and unloading parts,77
chemistry degree,77
patient flow coordination,77
office equipment skills,77
general ledger accounts,77
pediatric trauma center,77
requests for information (rfis),77
direction taking,77
corporate strategy,77
ground maintenance,77
affordability,77
bachelor's degree in accounting finance or business,77
food service regulations,77
cyme,77
mechanical equipment maintenance,77
ehs regulations,77
staff evaluations,77
ccnp certification,77
night weekend holiday availability,77
crm platform,77
ability to travel occasionally,77
pts,77
patient care outcomes,77
3 years of relevant experience,77
ethical companies,77
project strategy,77
engineering computations,77
formal education,77
technology research,77
production quality,77
current full and unrestricted license to practice medicine or surgery,77
enemas,77
iosh membership,77
elementary school,77
speech processing,77
allergen awareness,77
internal teams,77
purchase requests,77
healthcare recruitment,77
distributed control systems (dcs),77
reservations management,77
bridge design software,77
restaurant standards,77
stability healthcare,77
quality services,77
otdr,77
microsoft office outlook,77
cannabis,77
technical advising,77
icpr,77
psychiatry residency,77
manhattan,77
rdcs,77
technical architect,77
district manager,77
company matching,77
ability to work shifts and weekends,77
rms,77
lifting and moving patients,77
online,77
lpn or rn license,77
contract terms and conditions,77
ability to merchandise product,77
sparql,77
digging,77
receiving merchandise,77
fast food experience,77
60 mile radius rule,77
touch pad tablet,77
effective relationships,77
communication networks,77
evidencebased practice (ebp),77
ccsk,77
audit requirements,77
foundation,77
tailored solutions,77
automation controls,77
ticket sales,77
cpd (continuing professional development),77
liquidity,77
security analyst,77
nfpa70e,77
google reviews,77
analytical mind,77
complex software systems,77
bachelor's degree in business administration or related field,77
floor coverage,77
child advocacy,77
router,77
clear distinctive speech,77
compensation negotiation,77
staffing patterns,77
regional manager,77
ability to speak effectively,77
aab,77
medical surveillance,77
coronary care,77
pharmacological therapy review,77
funded first aid qualification,77
professional competence,77
operations (payroll reporting scheduling merchandising),77
computerbased systems,77
professional approach,77
trash collection,77
social environment,77
book of business management,77
regulatory support,77
pals/enpc,77
continuous improvement activities,77
pharmacologic agents,77
haccp (hazard analysis and critical control points),77
cleaning and organization,77
fillers,77
ability to work shift work,77
nde,77
induction training,77
access to care,77
cvicu rn,77
clinical technologies,77
disaster spiritual care,77
travel staffing,77
merchandise strategies,77
student attendance,77
acls instructor,77
sales quota achievement,77
shortterm and longterm disability coverage,77
recipe reading,77
environmental hazards,77
software development process,77
critical thinker,77
dental treatments,77
revenue reporting,77
paraplanning,77
icd10pcs,77
industry trends analysis,77
compliance focused execution,77
group homes,77
ctap,77
store receiver experience,77
cpe credits,77
environmental reports,77
financial programs,77
company bonus,77
solid,77
aks,77
universal protocol,77
financial applications,77
discrete manufacturing,77
healthy contributions,77
nurse practitioners license,77
construction degree,77
practical support,77
mui,77
personal care services,77
pointofsale (pos) computer system,77
women's care,77
benefits packages,77
subscriptions,77
fmla compliance,77
picc line,77
eye/hand/foot coordination,77
individualized care plans,77
state and local tax,77
cme allowances,77
hmi development,77
erp system experience,77
marketing strategy development,77
cpr (bls),77
store visits,77
holiday benefits,77
longterm relationship building,77
patient data collection,77
competency framework,77
enterprise technology,77
project resources,77
complex issue resolution,77
laboratory equipment calibration,77
knowledge of recruiting interviewing hiring counseling and termination practices,77
sales compensation,77
1+ years management experience,77
child & adolescent psychiatry,77
computer aptitude,77
water treatment systems,77
personal dedicated consultant,77
proficient in ms office suite,77
seeding,77
radiology experience,77
impressions,77
sensor systems,77
stressful environment management,77
cloudflare,77
bulletins,77
sustainability practices,77
evidence based practices,77
project logistics,77
payroll specialist,77
robust benefits package,77
medical advice,77
doctorpatient relationships,77
virginia licensure,77
breweries,77
institutional review board (irb),77
prioritysetting,77
cisco certifications,77
bone grafting,77
luxury,77
culturally congruent practice,77
pass background check,77
state tax requirements,77
straight pulling,77
oracle databases,77
rapid assessment,77
application management,77
retail security,77
cloudbased platforms,77
gym management,77
broking,77
sales process improvement,77
oral & written communication,77
kentucky,77
veterinary practice,77
fabricating,77
continuing education program,77
instrumentation systems,77
ccc one total repair platform,77
urban studies,77
personal protective equipment usage,77
working at height,77
graduate nurse,77
project progress reporting,77
experience in a fastpaced environment,77
fertilizers,77
oral health care,77
engineering technician,77
itemize and total customer's purchase,77
industry certification,77
productivity goals,77
qualitative methods,77
abnormal results,77
frames,77
assistant,77
master's degree in civil engineering,77
embedded processors,77
rtl design,77
culturally responsive teaching,77
tiktok shop,77
icar,77
musculoskeletal system,77
english language (verbal and written),77
software developer,77
heavy equipment maintenance,77
steel erection,77
investing,77
quality control systems,77
acute care facility experience,77
assembly operations,77
geographic expertise,77
positive work atmosphere,77
business challenges,77
incentives and recognition,77
curriculum delivery,77
communications planning,77
route sales,77
ptc creo,77
servo control,77
dental hygienist,77
budget maintenance,77
snow,77
prescription drug plan,77
commitment to providing highquality patient care,77
uneven surfaces,77
florida board of nursing,77
drive results,77
punctuality and reliability,77
production machinery,77
pharmacy software,77
medical care coordination,77
cesr,77
large language models (llms),77
meditech  meditechmagic,77
defect analysis,77
supervisory experience (or related experience/training),77
pic,77
high expectations,77
veterinary practice management,77
osha30 certification,76
business casual dress code,76
specific skills testing,76
ability to work flexible hours including nights weekends and holidays,76
reliability centered maintenance,76
arc flash studies,76
sage 50,76
gestion du temps,76
heavy equipment experience,76
voids,76
cardiac catheterization lab,76
ability to perform gross motor functions with frequent fine motor movements,76
np or pa license,76
quality controls,76
experience in related field,76
progress assessment,76
cardiac surgical technologist,76
applications development,76
prescription drug,76
generation,76
derms,76
fire and life safety,76
technician management,76
big query,76
room attendant,76
passion for success,76
production meetings,76
pet/equine,76
va policy,76
adolescent development,76
applications engineering,76
mentorship training,76
bachelor of nursing (bsn),76
sqoop,76
travel allied professionals,76
air travel,76
enterprise environment,76
waf,76
10+ years of relevant experience,76
solidworks cad,76
network fundamentals,76
prescription filling,76
proteins,76
global experience,76
egd,76
senior civil engineer,76
study coordination,76
equipment commissioning,76
medical transcription,76
cultural resources,76
fasttrack registration,76
capital budgets,76
mortgage banking,76
dfa,76
spiritual,76
security screening,76
paid experience,76
2 years related experience,76
sales performance metrics,76
hp alm,76
ott,76
food and drink knowledge,76
client standards,76
room for growth,76
k1s,76
aggregates,76
discounted personal training sessions,76
risk mitigation strategies,76
machine operations,76
neurodevelopmental disorders,76
acumatica,76
consolidated financial statements,76
radiology procedures,76
active state licensure,76
continued education opportunities,76
boiler operation,76
appointment coordination,76
minutes taking,76
credit risk assessment,76
work attitude,76
food preparation and presentation,76
multivariate testing,76
squarespace,76
billing and collection,76
board certification in family medicine,76
claim drafting,76
film production,76
college teaching experience,76
ibm cash registers,76
cancer screening,76
sanitation management,76
expression,76
test data preparation,76
federal service,76
measurement devices,76
process technology,76
film development,76
bilingual english and spanish,76
excellent guest service,76
arrt (ct) certification,76
functional behavior assessment,76
money laundering,76
wellness education,76
accounting & finance,76
ability to work in an office environment,76
guest service fundamentals,76
action item tracking,76
software house,76
project procedures,76
medical support assistant,76
valid us driver's license,76
knowledge of retail operations,76
crossfunctional environment,76
corporations,76
app support,76
warehousing experience,76
mental disorders,76
deficiencies,76
professional network,76
food service industry experience,76
life and health insurance license,76
complexity management,76
sponsored brand ads,76
boma,76
new business acquisition,76
resource sharing,76
aws cloud services,76
vocational school graduate,76
faithbased organization,76
talent pipeline,76
assertive,76
accredited occupational therapist program,76
mechanical engineering technology,76
permit management,76
radios,76
credentialing screen,76
cloud security engineering,76
customerfocused mindset,76
active nurse practitioner state license,76
orthopedic experience,76
month end closings,76
bilingualism (preferred),76
dialux,76
event driven architecture,76
sensitivity to diverse backgrounds,76
resets,76
specialty environment,76
msword,76
systems development life cycle,76
ability to solve practical problems,76
spc (statistical process control),76
financial monitoring,76
studio management,76
fresenius kidney care policy,76
degree in accounting,76
new graduate,76
agency systems,76
tele,76
ancc  adultgerontology acute care nurse practitioner certification (agacnp),76
special tests,76
clinical needs,76
collaboration software,76
maintenance strategies,76
process systems,76
adobe framemaker,76
speech language pathology assistants,76
recognition awards,76
sabre,76
design for manufacturability (dfm),76
internal/external audits,76
maintenance work,76
waterfall methodologies,76
marketing cloud,76
hiring and scheduling,76
preventive nursing actions,76
risk and opportunity management,76
batching,76
docker containers,76
bachelor’s degree in computer science,76
it applications,76
scanning and bagging,76
clinical review,76
red hat linux,76
state registered radiologic technician,76
operating budgets,76
imageright,76
infectious and contagious diseases/materials,76
smartview,76
equity research,76
consumer credit,76
geotechnical software,76
liquor management,76
executive management,76
group instruction,76
electronic warfare (ew),76
product returns,76
transportation worker identification credential (twic),76
ability to bend and reach,76
trash compactor,76
oauth2,76
nkba,76
beer,76
postgraduate qualifications,76
act 34 criminal clearance,76
ms office suite (word excel powerpoint outlook),76
401(k) retirement savings w/ company match,76
proprietary system,76
inhome care,76
poc,76
excellent work ethic,76
interdisciplinary coordination,76
interdisciplinary care plan,76
bachelor's degree in engineering or construction management,76
pipe sizing,76
lease renewal,76
application evaluation exam,76
tooth extraction,76
collaborative attitude,76
business performance analysis,76
s/4 hana,76
scss,76
mathematical calculations (addition subtraction multiplication division percentages),76
mathematical calculation,76
apprentice training,76
architectural history,76
onthejob instruction,76
low/no code applications,76
technical plans,76
tractor operation,76
spect,76
hemodialysis experience,76
hair extensions,76
conversions,76
chair,76
receiving goods,76
cda certification,76
multilingualism,76
lifting (50 pounds),76
ability to travel overnight,76
training techniques,76
electrical technology,76
telemetry systems,76
project timeline management,76
emi/emc,76
functional expertise,76
functional design documents,76
patient referral,76
general financial fitness,76
workers’ compensation,76
licensing agreements,76
robotic systems,76
government programs,76
individualized education program (iep),76
clinical data collection,76
asid,76
regulatory permitting,76
dba,76
prior teaching experience,76
analytical reports,76
analytical reporting,76
operational auditing,76
parts knowledge,76
medical assistant (ma),76
toxic substances,76
national curriculum,76
wages,76
1+ year of experience,76
every other weekend and holiday,76
duration,76
statistical methodology,76
variations,76
client deliverables,76
molecular testing,76
consumer loans,76
usi one academy,76
collating,76
salesforce (sfdc),76
programmable logic controller (plc),76
aashto standards,76
21 cfr 820,76
estate tax,76
retail operations supervisor,76
weekend,76
alcohol serving,76
electrical certification,76
anesthesia equipment,76
materials preparation,76
rehabilitation medicine,76
prioritize,76
factset,76
azure dev ops,76
paid maternity/paternity leave,76
message taking,76
2 years of supervisory experience,76
quality control experience,76
revisions,76
curriculum evaluation,76
chronic kidney disease (ckd),76
budgetary concepts,76
advocacy and moral agency,76
claims investigations,76
statistical sampling,76
cisco asa,76
medical claims,76
blazor,76
interviewing and hiring,76
health care and dependent care spending accounts,76
global mobility,76
biomedical equipment,76
information technologies,76
repair services,76
tax payments,76
espresso,76
evidencebased clinical practice,76
functionality testing,76
dietitians,76
drawing reading,76
advertising sales,76
noslip shoes,76
scheduling and coordination,76
electrical schematic reading,76
client facing role,75
dishsupplied van tools and uniforms,75
factchecking,75
health savings,75
hris software,75
paidtimeoff,75
network topology,75
financial disclosure,75
behavioral health records,75
bio hazardous materials,75
regulatory authorities,75
test automation tools,75
leap apprenticeship programmes,75
work culture,75
stem discipline,75
lean six sigma green belt,75
geotechnical investigations,75
epics,75
professional support,75
servsafe® certification,75
medication administration record,75
preventative action,75
ability to work flexible fulltime schedule including days evenings weekends and holidays,75
financial motivation,75
excellent organizational and time management skills,75
room,75
automation technologies,75
winigs,75
visual presentations,75
caa,75
nvivo,75
chilled water systems,75
capability,75
rota,75
data cleanup,75
exchange server,75
icc certification,75
teamhealth institute,75
ability to utilize strong written and verbal communication skills,75
paid professional fees,75
postdoctoral fellowship,75
regulatory reports,75
proficient communication skills,75
subnets,75
personal effectiveness,75
commission on accreditation of allied health education programs (caahep),75
construction blueprints,75
full time (45 hours) availability,75
ability to write simple correspondence,75
day and night shifts,75
backup architecture,75
pet boarding,75
myproject,75
collaborate with health team members,75
ability to use computer,75
scientific method,75
health/dental/vision benefits,75
audit standards,75
financial clearance,75
corrosion,75
surgical technician certification,75
construction tools,75
verniers,75
expert testimony,75
safety enforcement,75
cos,75
investment strategy,75
supportive working environment,75
customerfocused approach,75
effective communicator,75
order pick up (opu),75
laminating,75
cath labs,75
internist,75
nutritional support,75
machine shop experience,75
ordering merchandise,75
invoice coding,75
chauffeur's license,75
courteous,75
mechanical assemblies,75
preconstruction services,75
focused,75
reaching and grasping,75
michigan driver's license,75
online presence,75
promotional opportunities,75
aws cloudformation,75
courteousness,75
clinical nurse educator,75
tuition program,75
machined parts,75
us person,75
nextjs,75
digital channels,75
pfd,75
safety management system (sms),75
sales productivity,75
supplemental health protection plans,75
janitorial work,75
electrical power,75
international taxation,75
function generators,75
fasttrack,75
amazon aws,75
notion,75
feedback implementation,75
oasis certification,75
digital experience,75
master's or doctoral degree in nursing,75
securities industry essentials,75
wayfinding,75
adult learning methodologies,75
related discipline,75
julia,75
perks at work,75
sap systems,75
commercial cookery,75
soc2,75
practical solutions,75
healthcare costs,75
case presentations,75
verbal communications,75
prep lists,75
historic site interpretation,75
shelter operations,75
helpdesk support,75
pytest,75
gifts,75
professional growth and development opportunities,75
corporate restructuring,75
cca,75
traumainformed practices,75
state inspector license,75
data delivery,75
renderings,75
modelbased engineering,75
modelbased digital delivery,75
los angeles,75
lopa,75
store management experience,75
banking solutions,75
handouts,75
master's degree in stem,75
food allergens,75
ana nursing: scope and standards of practice,75
medical teamwork,75
a3,75
health history review,75
scientific skills,75
rheology,75
plate presentations,75
health advocates network,75
licensed marriage & family therapist (lmft),75
nutrition services,75
user engagement,75
professional environment,75
panels,75
individualized treatment plan,75
scrum master certification,75
mediation skills,75
1+ year management experience,75
suspicious activity reporting,75
thoughtfulness,75
product engineer,75
apartment leasing,75
manufacturer training,75
board layout,75
price management,75
payment plans,75
electrical specifications,75
ability to work in a hazardous environment,75
service desk management,75
contact center experience,75
respectful communication,75
hygiene assistance,75
confidence building,75
digital platform,75
paid time away,75
rfp process,75
escalation point,75
restraint care,75
music reading,75
ostomy,75
school counselor,75
facilities planning,75
trade coordination,75
physical disability,75
hand tool usage,75
security documentation,75
medical assistant training,75
reserving,75
spa membership,75
holter monitoring,75
discharging,75
guardrails,75
insurance exams,75
quality specifications,75
bereavement counseling,75
production equipment operation,75
practice experience,75
retrocommissioning,75
quality control processes,75
tax preparation benefits,75
sage 100,75
academic counseling,75
food engineering,75
ship repair,75
diversity equity and inclusion (dei) initiatives,75
serverless architecture,75
serverless applications,75
cda credential,75
denver,75
quality culture,75
lifting 50 lbs.,75
raking,75
cr,75
professional competencies,75
rural communities,75
diversity commitment,75
cladding,75
reliability and resiliency,75
certified professional coder (cpc),75
health and wellbeing programs,75
masks,75
business relationship building,75
witness statements,75
seizures,75
continuous renal replacement therapies,75
community representation,75
automotive mechanical experience,75
home maintenance,75
estimating experience,75
nurturing culture,75
technical instruction,75
current trends,75
working with chemicals,75
strategic alliances,75
maryland rn license,75
health and wellness package,75
education degree,75
eap services,75
energy law,75
medical reports,75
xtract,75
articulate 360,75
tagalog,75
accounting or finance degree,75
emergency response skills,75
drafting motions,75
marketplace,75
decisionmaking abilities,75
liaison services,75
care team collaboration,75
indirect rate structures,75
faa atp,75
continual learning,75
food plating,75
uv/vis,75
level 4 diploma in procurement and supply,75
physician supervision agreement,75
distributed storage,75
health code compliance,75
distributing,75
lifting up to 15 pounds,75
business problem solving,75
advanced clinical skills,75
roadmap development,75
inhouse labs,75
ent surgery,75
adverse drug reactions,75
property taxes,75
enterprise environments,75
recruitment or relocation incentives,75
google data studio,75
college degree or equivalent experience,75
reengineering,75
resolving problems,75
integrated business planning,75
peer mentoring,75
radioisotopes,75
velocity,75
oq,75
local language,75
telework eligibility,75
shop floor,75
technical product knowledge,75
local government experience,75
lexis,75
imaging technology,75
ability to work in various climates,75
acute care hospital setting,75
stream processing,75
hybrid position,75
dynamic personality,75
labor regulations,75
redis cache,75
redhat openshift,75
clean dmv record,75
total joints,75
presentation tools,75
business proposals,75
hospitalist experience,75
immediate start,75
enrollment management,75
technical projects,75
mri safety,75
local coverage determination,75
hospitalist acuity,75
grief & loss,75
technical sales experience,75
global teams,75
technical school degree,75
free eyewear,75
cooking procedures,75
ability to stand or walk for extended periods,75
structural stability,75
specialized software,75
vaccination policy,75
hospital pharmacy experience,75
arterial line placement,75
energetic and friendly attitude,75
pathways,75
hospital sales,75
supervision of staff,75
vmware vsphere 5.0,75
act 73 fbi clearance with renewal,75
life accident and critical illness insurance,75
neurological surgery,75
electrical concepts,75
document formatting,75
equal employment opportunity/affirmative action,75
construction meetings,75
notary signing agent,75
stent implantation,74
ability to sit for long periods of time,74
operations playbook,74
engineering coordination,74
tpn,74
projection,74
disease states,74
product portfolio,74
work distribution,74
ability to work weekends evenings and holidays,74
ability to work in noisy environments,74
science education,74
resident care plans,74
energetic attitude,74
medical office setting,74
sedation dentistry,74
expense report processing,74
symptom monitoring,74
spare parts inventory management,74
isometric drawings,74
computerbased data management,74
pos (point of sale) systems,74
presentation design,74
experience as a registered nurse,74
health care savings account,74
communitybased care,74
administering,74
mitre att&ck,74
floor planning,74
bs in electrical engineering,74
leap bridge enterprise,74
database tools,74
ability to distinguish basic colors,74
microsoft azure devops,74
microsoft d365,74
full caseload,74
quick decisionmaking,74
face to face communication,74
emergency action plan,74
integration architecture,74
syllabi,74
center to advance palliative care (capc),74
thermal hydrolysis,74
sensitivity training,74
nunit,74
sanitary sewer,74
emergency coverage,74
guestfirst attitude,74
ms office (excel word powerpoint),74
webbased training,74
process and instrumentation diagrams,74
test drive,74
clinical support team,74
backroom organization,74
bill payment,74
data gathering and analysis,74
schneider,74
scheduling meetings,74
market understanding,74
standardized policies,74
local candidates,74
vehicle tracking,74
po,74
rest services,74
outpatient facilities,74
employee relations management,74
operational oversight,74
educational skills,74
bilingualism (french/english),74
discovery responses,74
prayer,74
ace certification,74
airline transport pilot certificate,74
maintenance practices,74
sensory abilities,74
loan payments,74
aia billing,74
icd coding,74
problemsolving and analytical skills,74
planning studies,74
speech therapist,74
online portal access,74
multidisciplinary care team,74
pp,74
inclusion & diversity,74
bcls (aha),74
extension,74
portfolio development,74
education program,74
diplomacy skills,74
cnn,74
revision control,74
gangways,74
prescription plan,74
therapeutic rapport,74
traveler,74
work hours,74
industrial processes,74
flight safety,74
md/phd,74
operational metrics,74
test frameworks,74
scaffolds,74
vendor agreements,74
target audience,74
accredited physician assistant program,74
property & casualty insurance license,74
51 hospitals,74
intakes,74
practice operations,74
peer collaboration,74
meal and break coordination,74
car ownership,74
teamoriented culture,74
patient liaison,74
kitchen hygiene,74
equipment planning,74
persuasive skills,74
unrestricted medical license,74
chmm,74
serialization,74
diverse groups,74
food orders,74
drainage devices,74
bsee degree,74
45 hours per week,74
vitals,74
eu mdr,74
ability to handle sensitive information,74
nationwide coverage,74
hardware systems,74
prelitigation,74
federal guidelines,74
boom lifts,74
learning needs assessment,74
liaising with clients,74
road maintenance,74
plumbing skills,74
mps,74
mr,74
food lion togo,74
supply chain strategy,74
cycletowork scheme,74
balanced diets,74
safe handling,74
machine control,74
ability to perform routine repetitive tasks continuously,74
highvolume,74
aptitude building,74
parttime positions,74
best of staffing awards,74
overhead crane,74
paid volunteer time off,74
dental appliances,74
scheduling and payroll systems,74
student affairs,74
logic diagrams,74
prior retail experience,74
lifting and pushing,74
brass,74
workflow processes,74
recruiter contact,74
common retail technology,74
certified fraud examiner (cfe),74
complex cases,74
lcmft,74
creative problemsolving skills,74
controlm,74
multidisciplinary healthcare team,74
nashville,74
blast resistant structures,74
multispecialty collaboration,74
transportation management systems,74
process definition,74
stocking and merchandising,74
measurement system analysis,74
aws cloud infrastructure,74
head and neck surgery,74
process driven,74
kitchen utensils,74
pda,74
delegating tasks,74
401k with employer matching,74
improvement plans,74
tracking systems,74
oncall rota,74
midas civil,74
microtome,74
design of experiment,74
hydraulic repair,74
ethercat,74
prosal,74
merchandising strategies,74
utensils,74
opioid use disorder,74
running errands,74
tax concepts,74
jde oracle support,74
malpractice protection,74
stroke certification,74
latest technologies,74
laser welding,74
organize,74
cold calls,74
neuropsychological assessment,74
hikvision,74
nbcrna certification,74
ebs,74
chatgpt,74
fully furnished housing,74
emi,74
solenoids,74
campaign reporting,74
1 year of rn experience,74
cme cost reimbursement program,74
patient base,74
image management,74
material and equipment management,74
edd,74
post mortem care,74
volunteer support,74
sales projections,74
financial assessment,74
inclusive teaching,74
nmc guidelines,74
nursing qualification,74
strong documentation skills,74
acuity  far,74
originality,74
insurance programs,74
acquisition planning,74
college admissions,74
architecture development,74
ind,74
weekly pay via direct deposit,74
outpatient programs,74
hire,74
professional meetings,74
asq,74
fault isolation,74
digital content,74
equity grants,74
function,74
occasionally exposed to outside weather conditions,74
design teams,74
entrepreneurial attitude,74
fashion merchandising,74
static timing analysis,74
optional form 306,74
salary commensurate with experience,74
home care services,74
storage procedures,74
studio 5000,74
groundup,74
nursing history,74
adult learning theories,74
quality assurance activities,74
network access control,74
environmental project management,74
motor vehicle record (mvr),74
eligible to work in the united states,74
stormwater drainage design,74
fitgap analysis,74
usi one advantage,74
emotional disorders,74
ontology,74
paid uniforms,74
lightning components,74
manual machining,74
physical intervention,74
drug enforcement agency (dea) registration,74
comptia security+ certification,74
assys,74
professional liability insurance coverage,74
medical technology degree,74
work order creation,74
agile process,74
experience operating tinting and mixing equipment,74
fiber optic cabling,74
safetyconscious,74
environment management,74
rx,74
fundamentals of engineering (fe) exam,74
protected veteran,74
disciplinary,74
family benefits,74
nec3,74
electrical qualifications,74
restock supplies,74
process integration,74
cpa far,74
rbt certification,74
business stakeholders,74
traumafocused therapy,74
inquisitive mind,74
time away from work program,74
lmhc license,74
holiday schedule,74
obiee,74
advanced life support certifications,74
escrow,74
ability to successfully complete training and certification to dispense propane,74
dental treatment planning,74
js,74
technical communication skills,74
cable routing,74
fencing,74
control inventory,74
drug dosage calculation,74
perinatal care,74
emtp,74
professional engineering,74
cpp certification,74
cpq,74
ssc corporate directives,74
computer and information science,74
board eligibility/certification,74
gtube feeding,74
business mentoring,74
renal replacement therapy,74
ultrafiltration,74
management analysis,74
disclosure and barring service (dbs) check,74
product fulfillment,74
case management skills,74
computer aided design,74
hmi design,74
adhering to security practices,74
private medical,74
safety sensitive,74
extroversion,74
3 years of related experience,74
data reports,74
arc welding,74
ncarb,74
sales team,74
group meetings,74
communicative skills,74
exception handling,74
multistate nursing license,74
ability to meet customer expectations,74
papers,74
delivery planning,74
nursing professional development,74
technology innovation,74
network switching,74
scientific analysis,74
analytical models,74
nuclear industry,74
cost models,73
eeoc compliance,73
organizational efficiency,73
hazardous drug handling,73
nursing certifications,73
cooperative,73
milestone cctv,73
labor estimates,73
2+ years of relevant experience,73
labor laws compliance,73
business recommendations,73
group income protection,73
adaptability/flexibility,73
software utilization,73
licensure maintenance,73
diagramming,73
microsoft crm,73
key stakeholders,73
travel for work,73
evening and weekend hours,73
emergency drills,73
crna certification,73
physician health & wellness program,73
business sales,73
case file management,73
outpatient treatment,73
avaya,73
business mathematics,73
service documentation,73
family assessment,73
client relations management,73
contract creation,73
gtaw,73
sales negotiations,73
403(b) retirement,73
licensed driver with valid automobile insurance,73
taxonomies,73
early morning shifts,73
internal and external customer service,73
motor starters,73
human service,73
pas,73
ihs,73
dms system,73
information organization,73
strong verbal skills,73
cognitive psychology,73
solutionoriented approach,73
drug effects,73
medallia,73
detail drawings,73
error detection,73
security certification,73
joint review committee on education in radiologic technology (jrcert),73
ability to handle cash,73
night flying,73
inservice,73
odata,73
changing environment,73
fringe benefits,73
grounding systems,73
soc 2,73
laborist,73
renewable energy technologies,73
policy advocacy,73
dental records,73
culinary instruction,73
executive summaries,73
user needs analysis,73
asbuilt surveys,73
northern california,73
new processes,73
average cost inventory system (acis),73
advanced degree (preferred),73
electronic health records (ehrs),73
healthcare consulting,73
graduate transcripts,73
trial practice,73
patient records maintenance,73
hypervisors,73
rcis certification,73
associate's degree or bachelor's degree,73
store conditions,73
titrations,73
can do attitude,73
comptia a+ certification,73
lacerte,73
excel modeling,73
feedback sessions,73
hiring and selection,73
covid19 compliance,73
hiring decisions,73
licensed professional engineer (pe),73
extra work hours,73
tennessee board of nursing,73
usacs orientation and assemblies,73
usaf,73
patient care supervision,73
eia,73
individuality,73
website optimization,73
tax liabilities,73
weight loss surgery,73
sole traders,73
recovery model,73
rf test equipment,73
iras,73
food handler’s certification,73
bls (american heart association),73
excel formulas,73
system hardening,73
vbent,73
engineering requirements,73
supplemental life,73
income,73
sales process optimization,73
ability to process customer transactions,73
student experience,73
computer keyboarding,73
shortterm/longterm disability,73
signs,73
manufacturing excellence,73
critical path management,73
driveup (du),73
employee files,73
patient rapport,73
c5isr,73
msce,73
verbal/written communication skills,73
anti money laundering,73
internet searches,73
testimony,73
retrieval,73
blood pressure measurement,73
warranty processing,73
furniture assembly,73
resources management,73
success profiles,73
clinical effectiveness,73
design packages,73
acuity  near,73
no cold calling,73
plant safety,73
charity,73
broker relationships,73
motion,73
paid vacation leave,73
general accounting principles,73
ncees registration,73
rumble strips,73
net promoter score,73
grocery operations,73
lasting powers of attorney,73
agricultural equipment,73
shortterm incentives,73
reference verification,73
instrument sterilization,73
caseloads,73
cold laser therapy,73
hiit,73
training and assessment,73
bilingual (english and french),73
petfriendly,73
material delivery,73
leading a team,73
fca regulations,73
surgical technologist experience,73
wset,73
learning programs,73
ecw,73
notarization,73
improvement projects,73
gnss,73
insurance solutions,73
farming ranching pet/equine or welding knowledge,73
supply chain risk management,73
endocrinologist,73
endangered species act,73
dph,73
hair treatments,73
dimensional data modeling,73
therapeutic areas,73
accredited surgical technology program,73
billing and invoicing,73
walkthroughs,73
energy from waste,73
embedded firmware,73
multi tasking,73
excellent driving record,73
social media content,73
safe food handling procedures,73
building code compliance,73
msexcel,73
sections,73
provider education,73
employee investigations,73
safe exercise techniques,73
claims reporting,73
ability to anticipate customer needs,73
machine controls,73
graduate degree in nursing,73
lpca,73
safety education,73
braking systems,73
product lines,73
cymcap,73
logility,73
merchandise recovery,73
treat,73
intercompany transfer opportunities,73
debt recovery,73
infusion services,73
current literature,73
smart,73
your loyalty rewards,73
ct exams,73
quantitative modeling,73
dental & vision insurance,73
doctor of osteopathy (d.o.),73
seasonal areas,73
cosmetic procedures,73
constructability issues,73
checks,73
written/verbal communication,73
multidisciplinary research,73
maintenance management software,73
shipping management,73
quality guidelines,73
decimals,73
parkinson's disease,73
eviction procedures,73
it controls,73
stock grants,73
planogram compliance,73
tsca,73
export,73
hdhp,73
24 years experience,73
category strategy,73
remote opportunities,73
driver's license or state id,73
diploma in children's services,73
statement of research interests,73
cystoscopy,73
basic military qualification,73
lgbtq+ equality,73
psychiatric medications,73
water distribution systems,73
patient interview,73
counseling license,73
capital projects management,73
staff oversight,73
staff performance,73
safety and sanitation standards,73
commercial negotiations,73
chemical management,73
transit benefits,73
dynamics crm,73
intellectually curious,73
certificate iii or diploma in children's services,73
computer resources,73
hustle,73
social work license,73
source code management,73
makeup artistry,73
body language,73
repair estimates,73
policy renewals,73
mandated reporter,73
mandatory reporter abuse training,73
data centre servers,73
pull thaw,73
weapon maintenance,73
ptoe,73
diplomatic skills,73
dedicated loan officer,73
tape measures,73
complex problems,73
marketing and promotions,73
missile systems,73
motor vehicles,73
materials ordering,73
american board of radiology,73
patient enrollment,73
skill assessment,73
legal studies,73
rental agent,73
financial needs,73
life cycle cost analysis,73
radiologic,73
1099 independent contractor,73
radiation safety officer,73
carrier relationships,73
smaw,73
smb,73
huddles,73
participation in seasonal influenza vaccination program,73
intuition,73
ability to prioritize and multitask,73
problemsolving tools,73
safety and quality control,73
risk identification and mitigation,73
hcd,73
optical comparators,73
retail floor generalist experience,73
family members,73
mental health research,73
complex transactions,73
nurse recruitment,73
bs in computer science,73
financial management software,73
query resolution,73
contract/travel,73
room setup,73
stat,73
factorytalk,73
ivf,73
construction means and methods,73
short and long term disability insurance,73
family practice physician,73
primary nursing,73
mentor program,73
general psychiatry,73
general public,73
technical resources,73
information services,73
employee assistant program,73
clinical laboratory technology,73
bioburden,73
six months supervisory experience,73
nationwide travel assignments,73
ability to perform and execute principle responsibilities of team members,73
compensation administration,73
industry engagement,73
preventive health care,73
aws solution architect  associate,73
composite bonding,73
client consultations,73
uk building regulations,73
accreditation commission for midwifery education,73
professional work environment,73
client evaluations,72
age between 17 and 35,72
campaign creation,72
union membership,72
concrete variables,72
salary reviews,72
creative briefs,72
aanp certification,72
debt financing,72
capillary electrophoresis,72
health spending account,72
sales target setting,72
sales tax returns,72
traffic cones,72
patient and family support,72
ncma,72
certified financial planner (cfp®),72
progressive care nursing,72
company credit card,72
decarbonisation,72
minimum 18 years of age,72
health plan options,72
adf,72
as degree,72
questionnaire completion,72
childcare fees,72
401(k) retirement savings program,72
homecare experience,72
concierge support,72
student advisement,72
sales and customer service,72
logistics software,72
strata,72
field engineer,72
work performance,72
azure storage,72
firebase,72
vascular procedures,72
client management skills,72
industrial security,72
asrt,72
submittal creation,72
lusas,72
inventory adjustments,72
das,72
foresight,72
data centre cooling,72
inhospital cash plans,72
certification in specialty,72
printer support,72
reservoirs,72
contamination control,72
irm,72
death in service,72
ehs management systems,72
two years of related experience,72
collocation,72
vendor compliance,72
nursing competencies,72
child and adolescent mental health,72
costeffective,72
ability to manage rest,72
payroll reconciliation,72
occurrencebased malpractice,72
medical gases,72
sales and promotions,72
strategic projects,72
the cooper institute,72
net promoter score (nps),72
field,72
cornerstone,72
fire life safety training,72
benefits enrollment,72
401(k) savings plan with employer matching,72
lab operations,72
learning and growth mindset,72
submittal process,72
clinical rehabilitation counseling,72
bones,72
documentation accuracy,72
open source software,72
employee resource groups (ergs),72
alabama rn license,72
basic life and ad&d insurance,72
instrument,72
alevels,72
intravenous,72
intravenous access,72
commercial plumbing,72
improvisation,72
human growth and development,72
negative tb test,72
ability to stoop,72
plc (programmable logic controller),72
club operations,72
vxlan,72
cam reconciliations,72
compact licensure,72
intelligence operations,72
patientcentered healthcare,72
emergency medicine experience,72
payroll experience,72
best practice sharing,72
client portfolio,72
engineer in training (eit),72
staff planning,72
customer portals,72
vetting,72
high quality care,72
oral healthcare,72
imaging protocols,72
credit terms,72
preparing reports,72
aws developer  associate,72
nih funding,72
midwives,72
garde manger,72
centrifugal pumps,72
evaluation methods,72
reverse logistics,72
secretarial duties,72
inclusive excellence activities statement,72
dart,72
refinitiv,72
worklife integration,72
transportation industry experience,72
enablement,72
air emissions,72
tanning,72
timeingrade requirement,72
mobile device support,72
depositing money,72
revenue tracking,72
hr generalist experience,72
execution plans,72
system issues,72
adobe audition,72
signal interface,72
aviation medicine,72
spanish language (optional),72
subcontract agreements,72
counselling psychology,72
geropsychology,72
software usage,72
bs in nursing,72
scheduling management,72
journal club,72
performancebased rewards,72
cfrn,72
kitchen environment,72
advanced provider,72
network cabling,72
investment industry experience,72
investment operations,72
ability to write legibly,72
kansas registered nurse license,72
whitewater rafting,72
business studies,72
sap implementation,72
bid solicitation,72
obesity,72
professional engineer (p.eng or pe),72
nsf,72
finra series 63,72
north america,72
free services,72
market opportunities,72
photographs,72
shopper marketing,72
fluorescence microscopy,72
pesticide license/certification,72
skillbuilding,72
research and development (r&d),72
section 504,72
business financials,72
good handeye coordination,72
aws security  specialty,72
social media monitoring,72
manual transmission,72
project review,72
quality workmanship,72
seasonal employment,72
geospatial,72
multiline phone system,72
education skills,72
fabric,72
general service technician,72
xray machines,72
sap knowledge,72
web proxy,72
mt (ascp),72
assistant project manager,72
operational testing,72
technical queries,72
education technology,72
sick,72
azure logic apps,72
control circuits,72
business casual,72
investment sales experience,72
healthcare design,72
organizing merchandise,72
platform development,72
older adults,72
information security practices,72
site inductions,72
standard,72
facades,72
clean air act,72
talent management systems,72
pelco cctv,72
hmh pct apprenticeship program,72
private medical care,72
weight training,72
individualized support,72
background,72
salon maintenance,72
computational chemistry,72
excavator,72
subspecialists,72
activemq,72
patient motivation,72
closed icu,72
equipment rental,72
hvac knowledge,72
scrum methodology,72
ward manager,72
detailorientedness,72
medical problems,72
1099s,72
roles,72
nrc,72
fulltime and salaried career opportunities,72
michigan state license,72
hhs workplace flexibilities policy,72
communication with clients,72
displaying,72
ability to adhere to policies and procedures,72
property claims,72
fastfood restaurant experience,72
knowledge of growth and development,72
relational database management systems,72
401(k) and esop,72
carpet care,72
ms power point,72
staff augmentation,72
licensed to cut hair,72
legal project management,72
largescale projects,72
spin selling,72
physician billing,72
general pediatrics,72
crisis intervention techniques,72
arthritis,72
valid auto insurance,72
gauging,72
tumor boards,72
earned media,72
protocol design,72
cisco certified network professional (ccnp),72
it service management (itsm),72
yieldstar,72
10 hours days,72
laboratory supervisor,72
legal processes,72
clinical observations,72
one year of specialized experience,72
government clearance,72
commitment to excellence and safety,72
operational systems,72
continuous integration (ci),72
efficiency analysis,72
healthcare provider certification,72
multisite management,72
american psychological association (apa),72
agricultural,72
teleneurology,72
patent portfolio management,72
magnet hospital,72
ability to carry out instructions,72
or tech,72
gcse english,72
human subjects research,72
proven techniques,72
specialty retail experience,72
autozone policies and procedures,72
armadacare plan,72
service offerings,72
survey software,72
permanency planning,72
food shopping,72
embedded programming,72
department goals,72
activation,72
mobile phones,72
brand knowledge,72
oral and written communications,72
fee for service,72
weekend hours,72
telecommunications systems,72
household maintenance,72
pokayoke,72
mammograms,72
geographical knowledge,72
experience working with diverse populations,72
access points,72
avid,72
ability to read write comprehend and communicate in more than one language,72
operations knowledge,72
tac,72
pacs (picture archiving and communication system),72
business reports,72
bsa/aml,72
p2p,72
autism spectrum,72
financial tools,72
ability to work in a changing environment,72
retail key holder experience,72
pediatric psychology,72
referral bonus $$ program,72
ph meter,72
legally authorized to work in the u.s.,72
linux kernel,72
health reimbursement arrangement,72
client inquiries,72
strong mechanical aptitude,72
hspice,72
ongoing development,72
inventory records,72
2d drafting,72
sewercad,72
exposure to outdoor elements,72
clinical resources,72
ability to perform repetitive tasks,72
client facing skills,72
job searching,71
data analytics software,71
drums,71
financial institution,71
hrms,71
preventative maintenance program,71
vip policies,71
design for reliability,71
softball,71
resultsfocused,71
diverse student population,71
end user factories,71
air brakes,71
clinical coverage,71
complex data analysis,71
system performance analysis,71
extended health care,71
anesthesia monitoring,71
dairy,71
sharing oncall responsibilities,71
msdrg,71
willingness to educate guests and sell products and services,71
safe agile,71
sharps,71
college courses,71
azure policies,71
patient care requirements,71
pgmp,71
proactive planning,71
development management,71
covert camera,71
electrical panels,71
z/os,71
it policies,71
sharp objects,71
substance abuse screening,71
public housing,71
dental suite,71
wireless industry,71
order preparation,71
nursing home care,71
online application  questionnaire responses,71
circleci/github actions,71
written and verbal communications,71
general office skills,71
odp,71
beauty industry experience,71
guest and team focus,71
occupancy management,71
frame shop,71
project planning and execution,71
board eligible/board certified,71
public law 101630,71
english proficiency (speaking reading writing),71
following direction,71
stakeholder management skills,71
agile certification,71
handson management,71
airport security badge,71
adolescent psychology,71
sil,71
brand positioning,71
ability to stand and walk for up to 8 hours,71
work supervision,71
studio software,71
knowledge base management,71
ability to work in the u.s.,71
solution provision,71
domain knowledge,71
stakeholder meetings,71
supporting colleagues,71
making recommendations,71
cultural change,71
social service agencies,71
spinning,71
material availability,71
machine troubleshooting,71
5s activities,71
aprn licensure,71
2 years relevant experience,71
development teams,71
cloud computing (aws microsoft azure google cloud),71
social psychology,71
laboratory supplies,71
consultant management,71
fee collection,71
permit to work,71
low voltage electrical systems,71
pet nutrition,71
protocol management,71
metrc,71
missions,71
ability to work in a climatecontrolled environment,71
partner relationship management,71
automotive inspection tools,71
occasional outdoor exposure,71
oncology nursing certification,71
food service coordination,71
supportive leadership,71
bs degree in engineering,71
afterhours work,71
24x7 concierge service,71
validation activities,71
management experience (preferred),71
mental health programs,71
information management systems,71
ana standards of practice,71
video management,71
health & safety legislation,71
cpa bec,71
ddr,71
building physics,71
weekend flexibility,71
ms office programs,71
machine set up,71
mips,71
star schema,71
structural inspection,71
building management systems (bms),71
free employee meals,71
goodrx,71
ability to travel as required,71
digital manager logbook,71
title v,71
prepaid expenses,71
technical coordination,71
nuclear power,71
providence family,71
accounts management,71
tenuretrack,71
policy application,71
light carrying,71
culturally sensitive care,71
space allocation,71
agency meetings,71
cisco firewalls,71
fixturing,71
early years foundation stage (eyfs),71
computer terminal,71
general pharmaceutical council (gphc) membership,71
specials,71
michigan state board of nursing licensure,71
stocking and recovery,71
fulltime commitment,71
plant design,71
microsoft office suite (excel powerpoint),71
occasional activity: sitting viewing computer screen,71
robotic process automation (rpa),71
metasploit,71
8 hours,71
journeylevel mechanic experience,71
clinical lab science,71
redeployment interview scheme,71
cell phone stipend,71
ports,71
traumainformed,71
investor reporting,71
ach payments,71
software optimization,71
problem anticipation,71
vocational services,71
retail or hospitality experience,71
supervise,71
california community college instructor credential,71
chronic health conditions,71
infection control measures,71
day care services,71
acls (aha) certificate,71
rehabilitation experience,71
rehabilitation center,71
nurse practitioner licensure,71
report review,71
ability to use hands to finger handle or feel objects tools or controls,71
physical abilities testing,71
mailings,71
x86,71
leadership and mentoring,71
virtual healthcare,71
texecom,71
perfusion,71
record review,71
master's degree in marriage and family therapy or related field,71
hedis measures,71
cpoe,71
deadline oriented,71
office cleaning,71
leadership and direction,71
patient safety initiatives,71
cardiovascular diseases,71
robot,71
visual and auditory acuity,71
phototherapy,71
contract drafting and negotiation,71
healthcare data analysis,71
rotational shifts,71
material safety data sheets (msds),71
welding processes,71
predictive analysis,71
vfx,71
search warrants,71
commercial knowledge,71
wellness activities,71
data warehouse design,71
commuter discounts,71
clinical administration,71
distributor management,71
lifting/pushing/pulling,71
special programs,71
early pay,71
open icu,71
vessels,71
christianity,71
flume,71
sensor integration,71
network operation,71
microsoft suite proficiency,71
deployment processes,71
talking points,71
fsa/hsa,71
counter intelligence,71
hardware upgrades,71
supervising associates,71
pop culture knowledge,71
linear regression,71
50 lbs lifting,71
grounds,71
labor agreements,71
sports psychology,71
education support,71
hygiene maintenance,71
digital savvy,71
master technician,71
rslogix 5000,71
healthwatch,71
palo alto prisma,71
property services,71
drill presses,71
hospital information system,71
case strategies,71
member relations,71
acceptance and commitment therapy (act),71
winseisab,71
lactation,71
401k with matching contribution,71
cash applications,71
master's degree in counseling or related field,71
cfo services,71
private,71
fitness consultation,71
wellness spending accounts,71
cpr/emergency care,71
joint commission requirements,71
aicpa,71
tank cleaning,71
linen,71
tele interpretation,71
microsoft office (word excel power point),71
warehouse supervisor,71
team leadership and management,71
tso,71
commercial vehicles,71
ability to use ladders,71
security risk assessment,71
sales campaigns,71
frequent kneeling,71
registered nurse practitioner,71
fiori,71
affirmative action plan,71
kitchen appliances,71
patient implementation,71
ability to lift/carry,71
optical education reimbursement,71
cli,71
brake services,71
electrical distribution equipment,71
salesforce platform,71
sidra,71
state certifications,71
arcpa,71
endoscopic procedures,71
using hands,71
american heart association healthcare provider bls,71
experience in sales,71
microsoft windows 10,71
freertos,71
workplace,71
401k package,71
inspection experience,71
sales records,71
tekla structures,71
valuesdriven,71
vendor engagement,71
sales and promotion,71
medical condition,71
emergency oxygen,71
workpapers,71
pace,71
associates of nursing (asn),71
costeffective services,71
residential services,71
educational programming,71
nurse education,71
employer contributions,71
high reliability,71
grade determinations,71
ecm,71
surgical interventions,71
ics,71
singlecare,71
frequent handling of merchandise,71
home inspection,71
food handling practices,71
cycle to work schemes,71
comprehensive plan of care,71
commercial property law,71
life and disability coverage,71
buildertrend,71
webbased system,71
m5 planner,71
microsoft o365,71
policy processing,71
systems biology,71
ability to pack and unpack boxes,71
test case writing,71
safety and environmental regulations,71
parttime availability,71
mitre att&ck framework,71
ability to perform repetitive motions,71
tolerancing,71
onsite visits,71
registered practical nurse,71
opensource languages,71
legal authorization to work in the u.s.,71
lifting moderately heavy items,71
responsible beverage service certification,71
flu,71
employeeowned company,71
safety and health compliance,71
p.eng.,71
merchandising decisions,71
home safety,71
amputation,71
budgetary planning,71
maintenance documentation,71
rnregistered nurse of california,71
communicable disease,71
capital gains tax,71
full clean driving license,71
work rules,71
professional work experience,71
bar exam,71
ecommerce strategy,71
physical standards,71
electronic security systems,71
ability to work weekends holidays and evenings,71
product owners,71
group health plan,71
pc operation,71
medicationassisted treatment (mat),71
oh&s,71
walkie talkie,71
electronic state employment application,71
avmaaccredited veterinary school,71
quarterly reports,71
procedure documentation,71
icu/ccu,71
occupational therapy license,71
medication profiles,71
social engagement,71
root cause corrective action,71
bilingualism (french english),70
building standards,70
technology systems,70
construction packages,70
personas,70
exceptional patient care,70
compensation and benefits administration,70
home visit experience,70
home therapies program,70
pure storage,70
standard operating procedures (sop's),70
rules of civil procedure,70
isa certified tree worker,70
mars veterinary health,70
care plan management,70
care plan evaluation,70
modules,70
bags,70
design leadership,70
salary sacrifice schemes,70
camera operation,70
emergency support,70
futures,70
patient volume,70
sql developer,70
furniture polishing,70
rnbc,70
ability to greet and answer customer questions,70
colorectal,70
federal and state employment laws,70
anesthesiologists,70
inventory counting,70
test case creation,70
apaaccredited program,70
supervisory leadership,70
collaboration with other departments,70
collaboration with colleagues,70
therapeutic exercises,70
plumbing engineering,70
medical disorders,70
cmos,70
google mail,70
residency trained,70
cycle time reduction,70
pcba,70
cash policies,70
project success,70
ability to work varying hours,70
medsurg nursing,70
client objectives,70
building repairs,70
other duties,70
image quality assessment,70
national police certificate,70
ncidq certification,70
patient training,70
graphic communication,70
design practices,70
recreation management,70
procurement planning,70
log keeping,70
modular data centre,70
subcontracts management,70
psychiatric assessments,70
forensic investigations,70
work inspection,70
management qualification,70
collaborative problemsolving,70
trauma informed practice,70
patient assessment and evaluation,70
lead development,70
hearing screening,70
marketing technology,70
water/wastewater treatment,70
vrrp,70
catering coordination,70
crossfunctional team environment,70
participant recruitment,70
nurse first,70
ct (computed tomography),70
formulations,70
management plans,70
manifests,70
sales representatives,70
financial performance monitoring,70
network solutions,70
forward planning,70
industry standards and regulations,70
long term care insurance,70
containerization technologies,70
ability to push or pull with arms up to 20 pounds,70
imaging center,70
cytopathology,70
steel truss catwalks,70
stick welding,70
watershed management,70
couchbase,70
noise barriers,70
abem,70
healthcare analytics,70
forensic,70
partial hospitalization,70
financial plans,70
bid review,70
fish,70
enterprise data warehouse,70
active dental license,70
gamification,70
field research,70
sequence diagrams,70
additional leave,70
performance management skills,70
emerson deltav,70
retail products,70
social media recruiting,70
physical medicine & rehabilitation,70
choppers,70
23 years work experience,70
pacer,70
responsespectrum analysis,70
direct care experience,70
healthy living,70
separation,70
credit memos,70
pandemic coordinator,70
dealership management,70
regulatory processes,70
fcra,70
materials characterization,70
epcm,70
california bar license,70
trauma treatment,70
corporate banking,70
monthend reporting,70
complex medical comorbidities,70
hospital billing,70
local store marketing,70
local restaurant marketing,70
advanced knowledge of medical terminology,70
outdoor hiking excursions,70
continuing education and licensing reimbursement,70
paper,70
machine assembly,70
competency training,70
qualys,70
analytical thinking skills,70
sound decisionmaking,70
proficient in technology,70
stock organization,70
satisfactory background check,70
intermediate level experience,70
health and safety codes,70
advanced life support certification,70
general ultrasound,70
women owned and operated,70
ndis worker screening clearance,70
supply chain analysis,70
basic english literacy,70
lead or supervisory experience,70
patient specimens,70
air temperature control,70
constant walking/standing,70
vfd's,70
bcls instructor,70
japanese language,70
ai algorithms,70
can bus,70
hand truck,70
compiling information,70
sustainable energy,70
air force,70
administrative assistant experience,70
asam criteria,70
tutorials,70
written/verbal communication skills,70
rl cares program,70
android sdk,70
rl shares program,70
tours,70
chronic pain management,70
doctor of medicine or doctor of osteopathic medicine,70
proficient with microsoft office suite,70
oncall service,70
colleagues,70
new graduates welcome,70
organizational and analytical skills,70
minutetaking,70
fast casual,70
assembly procedures,70
hospital environment knowledge,70
blockchain technology,70
deposit products,70
integration patterns,70
acquired brain injury,70
clinical nursing practice,70
ability to maintain a positive attitude,70
profit analysis,70
automation tools (ansible),70
foundation springs,70
technician supervision,70
line clearance,70
state license board,70
supplier assessment,70
process execution,70
mechanical analysis,70
life support certification,70
labor cost,70
paid time off program,70
ability to perform other duties as assigned,70
syllabus development,70
pennsylvania registered nurse license,70
tenable,70
actuarial analysis,70
ipos,70
pushover analysis,70
record drawings,70
bid process,70
cardiovascular technologist,70
cpr & first aid certification,70
cpr & first aid,70
ad&d coverage,70
talent selection,70
clothing,70
pet perks,70
hhcventilator management,70
hhcpediatric ventilator,70
shares oncall responsibilities,70
ability to respond to attempts at contact,70
study skills,70
roi measurement,70
yard management,70
soap format,70
environmental controls,70
professional engineer licensure,70
electrical studies,70
internal control systems,70
cloud systems,70
patterns,70
virtual communication channels,70
public agencies,70
cooperative learning,70
food safety certificate,70
memo writing,70
state licensing exam,70
communication studies,70
ability to use a cash register,70
beverages,70
evidencebased psychotherapy,70
medical staff meetings,70
active nurse practitioner board certification,70
charity events,70
hmi systems,70
ability to lift 15 pounds,70
oral advocacy skills,70
osint,70
trade skills,70
food safety policies,70
patient populations,70
behaviors,70
developmental biology,70
profitability improvement,70
windowsbased systems,70
account administration,70
limited companies,70
nurse assistant,70
facilities operations,70
data engineer,70
mrt,70
ancillary testing,70
commercial accounts,70
internal procedures,70
private services,70
nutritional advice,70
statistical information,70
near miss reporting,70
blenders,70
gates,70
climb ladders,70
working rights in australia,70
assembly language,70
indoor air quality,70
simplification,70
state of the art technology,70
marine biology,70
pay negotiation,70
trend forecasting,70
cpd funding,70
data stores,70
professional membership,70
lifeguard training,70
rdf,70
profitsharing program,70
spirits,70
portable business,70
coding languages,70
community policing,70
multicultural,70
flash,70
prep work,70
new staff orientation,70
guest teaching,70
budget reporting,70
grievance procedures,70
administrative ability,70
q clearance,70
electrical motors,70
permanent staffing,70
professional nursing board certification,70
effective presentation skills,70
manufacturing efficiency,70
blackjack,70
basic math calculations,70
disability claims,70
short term and longterm disability,70
referafriend bonus,70
report building,70
college education (preferred),70
jsa,70
weekly payments,70
louisiana,70
doh,70
reinforced concrete design,70
video equipment,70
family developmental issues,70
educational groups,70
fastpaced environment adaptation,70
induction program,70
magnet recognition program,70
functional decomposition,70
service manuals,70
hypothesis development,70
sap software,70
accredited schools,70
office work environment,70
mapping software,70
physician satisfaction,70
emergence from anesthesia,70
financial terms,70
403b retirement,70
nurse practitioner (np) license,70
solution preparation,70
customer data,70
permanent employment,70
physical and mental requirements,70
facilitate a safe and secure working and shopping environment,70
seismic,70
impala,70
store administration,70
graduate students,70
international shipping,70
mondayfriday work schedule,70
production issues,70
distributed data/computing tools,70
cloud hosting,70
onboarding and training,70
business technology,70
group interventions,70
autopsy,70
lyophilization,70
patient files,70
step stool,70
hair design,70
solid edge,70
politeness,70
meditech expanse,70
engineering change requests,70
forklift operations,70
cscs certification,70
document editing,69
ability to bend at the waist with some twisting up to one hour a shift,69
landscape/grounds,69
furniture repair,69
interdisciplinary patient care,69
purposedriven culture,69
cmmc,69
generous annual leave,69
assess,69
osha 30 hour certification,69
personnel evaluation,69
updated cv,69
paid personal time off,69
automation scripting,69
fair chance initiative for hiring ordinance,69
audit testing,69
strong leadership and communication skills,69
bachelor of arts,69
creative work,69
p&l reporting,69
analytics software,69
valid driver's license and clean driving record,69
vehicle cleaning,69
2+ years of supervisory experience,69
aed/cpr certification,69
loadrunner,69
canadian utility standards,69
following verbal instructions,69
earthworks design,69
bls (aha) certification,69
pumping,69
return to vendor,69
wastewater systems,69
breakers,69
service oriented architecture (soa),69
asta powerproject,69
intake screening,69
accountbased marketing,69
exercise technique,69
compliance experience,69
insurance products knowledge,69
ai safety,69
driving ability,69
retail hiring practices,69
valid driver's license with a clean driving record,69
healthcare marketing,69
independent contractor agreement,69
zoo,69
tennessee rn license,69
program coordinator,69
store associate,69
ria,69
survey123,69
cpa aud,69
related field degree,69
naci clearance,69
manufacturing maintenance,69
aerospace systems,69
parts identification,69
psychological intervention,69
win together,69
incubators,69
supplier identification,69
police,69
guest carryout service,69
psychological therapies,69
commitment to continuous learning,69
shell/bash,69
transitions,69
vehicle management,69
24hour call,69
follow instructions,69
feedback gathering,69
charging,69
assurance services,69
knowledge development,69
clinical monitoring,69
abstracts,69
web application,69
margin improvement,69
billing codes,69
production part approval process (ppap),69
carrier,69
statistical principles,69
national service programs,69
underground mining,69
specialized tools,69
correctional facilities,69
experienced team,69
case disposition,69
selection process,69
email software,69
foodservice experience,69
monday through friday work schedule,69
med surg / telemetry,69
survival analysis,69
store discounts,69
magicdraw,69
technical assessment,69
short & longterm disability insurance,69
legal due diligence,69
external relationships,69
drp compliance,69
scissor lift operation,69
no nights,69
veradigm inc,69
grief and loss,69
integrated master schedule (ims),69
revenue collection,69
gathering information,69
vacuum pumps,69
auditing skills,69
technical risk management,69
corporate partnerships,69
leadership and teamwork,69
requests for proposals,69
it service desk,69
control panel design,69
housing available,69
cognition,69
bi reporting,69
strong working relationships,69
sales methods,69
emr: epic,69
scrum framework,69
environmental demands,69
information resources,69
distribution channels,69
synchronization,69
mentor graphics,69
enjoyment,69
401(k) company match,69
netflow,69
continuous diagnostic mitigation,69
simulation testing,69
penndot,69
government policies,69
company sick pay,69
hhcmedication,69
23 years of experience,69
developmental screenings,69
material estimates,69
workplace organization,69
taxonomy,69
alcohol server's permit,69
mentoring programs,69
errors,69
cyber threats,69
mongo db,69
executive reporting,69
process engineer,69
process efficiency & improvement,69
new business sales,69
dependent scholarships,69
levels,69
food safety and sanitation knowledge,69
cure selling model,69
lawn and garden,69
schedule monitoring,69
ability to carry up to 20 pounds,69
rare disease,69
employee appreciation,69
texas state medical licensure,69
check requests,69
toad,69
antibiotics,69
iecc,69
open,69
ability to work under supervision,69
environmentalism,69
pivottables,69
rapid response team,69
slicer operation,69
crew recognition,69
dressing application,69
direct deposits,69
continuing legal education,69
recovering,69
citrix netscaler,69
emergency evacuation,69
3x12 hr nights,69
intermediate excel,69
dot certification potential,69
performancebased incentive awards,69
computation,69
renewable technologies,69
microdermabrasion,69
safety critical systems,69
data translation,69
licensing fees,69
public practice,69
3d visualization,69
dental examinations,69
cuisine,69
ground systems,69
technical problems,69
orlando sentinel,69
quality control plans,69
equipment needs,69
construction site management,69
checkups,69
company vehicles,69
chronic and urgent episodic illnesses,69
clery act,69
self development,69
degree in relevant field,69
dental diagnosis,69
crossdepartment collaboration,69
rfp response,69
technical debt,69
iso9001:2015,69
master schedule,69
ability to lift and carry up to 50 lbs,69
scrub allowance,69
professional development reimbursement,69
weight measurement,69
hospice rn,69
case records,69
advanced providers,69
spill prevention,69
passion for working with children,69
roth ira,69
physical job duties,69
interqual experience,69
emergency generators,69
electromechanical aptitude,69
iso requirements,69
cam software,69
cam reconciliation,69
technical memoranda,69
bilingual english/spanish (preferred),69
diversity equity and inclusion initiatives,69
ltc experience,69
build systems,69
datastage,69
chemical solutions,69
proficiency with technology,69
persuasive,69
advanced,69
inspection coordination,69
whitepapers,69
financial ratios,69
home dialysis therapy,69
intelligence systems,69
bending at the waist,69
delegation and supervision,69
payroll preparation,69
cash bonus,69
system knowledge,69
annual operating plan,69
instrumentation and control,69
notary public certification,69
os support,69
3+ years of related experience,69
pto policy,69
eu,69
bilingual english/spanish speaking and writing skills (preferred),69
tradeshows,69
midwest,69
committee meetings,69
struts,69
current good manufacturing practices (cgmp),69
game engines,69
locumtenens.com,69
ability to create a positive work environment,69
cost and risk analysis,69
clinical professionals,69
teamoriented attitude,69
problemsolving and conflict resolution,69
geostudio,69
uk security clearance,69
programming experience,69
privacy best practices,69
marketing events,69
technical mentorship,69
* flexibility,69
anesthesia induction,69
gowning,69
economic factors,69
ability to climb stairs and ladders,69
medicare conditions of participation,69
catering operations,69
exclusions,69
bonuses/incentives,69
patient encounters,69
fta regulations,69
sql server reporting services (ssrs),69
@risk,69
wbs,69
accounting principles (gaap),69
slippery surfaces,69
merger integration,69
rn/lpn/lvn license,69
staterequired criminal background check,69
coproduction,69
ethnicity,69
biomaterials,69
annual budgeting,69
water/wastewater engineering,69
monthly bonus share,69
gr&r,69
exposure to fumes,69
staff rostering,69
project stakeholders,69
data centre health and safety,69
kickboxing,69
warehouses,69
outdoor work experience,69
mass production,69
heart care,69
enterprise password vaults,69
maintenance management systems,69
veterinary assistant,69
safety and hygiene,69
child and adolescent therapy,69
nursing program graduate,69
rental,69
meeting agendas,69
instructor certification,69
welding procedures,69
diagnostic radiography license,69
board certification in dermatology,69
access to vehicle,69
credential reimbursement,69
medical directors,69
debugging tools,69
colorado driver's license,69
sales accountability,69
screens,69
iscsi,69
list of references,69
band saw,69
medication aide,69
drug/alcohol testing,69
new jersey nursing license,69
group rrsp,69
other duties as assigned,69
track record of success,69
patient appointments,69
faculty position,69
electronics technology,69
preventive care coverage,69
group life assurance,69
demographic information,69
general gi,69
paid volunteer hours,69
epidural injections,69
cost reduction initiatives,69
gpr,69
personalized service,69
realtime pcr,69
scheduling and planning,69
technical judgment,69
allergens,69
home nursing care,69
stability analysis,69
gold seal of approval,69
supervisory functions,69
communicator,69
cafm system,69
product quality improvement,69
wisconsin medical license,69
beverage cost,69
participation in coronavirus disease 2019 (covid19) vaccination program,69
veterinary degree,69
resultsdriven approach,69
job site management,69
medication storage,69
strong organizational and communication skills,69
social issues,69
technology law,69
perming,68
business intelligence software,68
american registry of radiologic technology (arrt),68
bachelors of nursing (bsn),68
public trust security clearance,68
hilton,68
profitsharing plan,68
wip management,68
reinforcement,68
international teams,68
optical theory,68
service sales,68
court,68
training plan,68
proactive management,68
closed loop control system,68
program development and implementation,68
general educational development (ged),68
room inspections,68
varied temperatures,68
multifunctional teams,68
positive youth development,68
chef management,68
student teaching,68
fleet operations,68
software development practices,68
competitive pension scheme,68
lpn licensure,68
dod 8570.01m,68
team center,68
changeovers,68
information interpretation,68
flac 3d,68
installation sales,68
annual raises,68
volunteer leave,68
cpa or member of the bar,68
med surg experience,68
test plan creation,68
bls for healthcare providers certification,68
big box,68
monitor dynamics access control/ids,68
ability to supervise and train,68
dea reimbursement,68
troubleshooting techniques,68
mvp savings center kiosk,68
outpatient medicine,68
equipment loading and unloading,68
reading comprehension skills,68
composite structures,68
national center for competency testing (ncct),68
school operations,68
safety assurance,68
stk,68
safety rules and procedures,68
patient interviewing,68
competency evaluation,68
electrical equipment repair,68
hyperion planning,68
erp systems knowledge,68
team huddles,68
commercial multiline underwriting,68
user interface development,68
medical aesthetics,68
five years of experience,68
student performance evaluation,68
business tax returns,68
client monitoring,68
ability to incorporate new clinical procedures,68
holiday closures,68
documentation assistant,68
microsoft 365 suite,68
equipment availability,68
exposure to extreme temperatures,68
full cycle recruiting,68
medical attention,68
35 years of relevant experience,68
operational policies and procedures,68
release planning,68
blood specimen collection,68
employee share ownership plan,68
afterschool programs,68
data centre m&e cyber security,68
signal analysis,68
adaptation to change,68
child growth and development,68
monitoring patients,68
monitoring patient responses,68
inventory procedures,68
funding sources,68
quality control programs,68
hydrologic analysis,68
database performance tuning,68
patient focused,68
prospecting skills,68
document filing,68
express.js,68
selfsufficient,68
instructional planning,68
state driver’s license,68
ordertocash,68
uspto bar,68
flow meters,68
clinical research opportunities,68
electrical/electronic engineering,68
database management software,68
microsoft edge,68
performance improvement projects,68
safe workplace,68
behavioral health assessments,68
small animal care,68
newborn nursery,68
plan of treatment,68
identifying customer needs,68
gp online,68
stem cell transplant,68
selfhelp skills,68
ability to sit for extended periods of time,68
preventative health,68
parental benefits,68
staffing industry analysts,68
keen attention to detail,68
patient eligibility,68
timers,68
research integration,68
performance competencies,68
orientation training,68
cme requirements,68
bachelor's degree in engineering or science,68
safe medication administration,68
customerfacing roles,68
customer understanding,68
instructional technologies,68
appliance operation,68
xhtml,68
reliable car,68
hydraulic modeling software,68
aeronautics,68
unofficial transcript,68
cmm inspection,68
suretrak,68
corrosion control,68
investment solutions,68
plumber,68
oxygen cages,68
candidate search support,68
pet insurance discount program,68
doctor of medicine (md) or doctor of osteopathy (do),68
built environment,68
daq access control/ids,68
networking equipment,68
digesters,68
blue print reading,68
material inventory,68
doctor of dental medicine,68
reception management,68
substance abuse experience,68
learning new skills,68
cmrp certification,68
credentialing and privileging,68
just culture,68
audit readiness,68
valuing diversity,68
speeches,68
engaging customers,68
product integrity,68
age: 18+,68
new accounts,68
lifting heavy weights,68
respiratory equipment,68
"""smart"" cell phone",68
zephyr,68
toolbox meetings,68
therapeutic programs,68
spring batch,68
bottlenecks,68
galaxy,68
consultative advertising,68
trainees,68
asme standards,68
client safety,68
repair management,68
financial outcomes,68
itam,68
absenteeism,68
medical facility experience,68
galleries,68
hybrid workplace,68
petroleum inspection,68
external vendors,68
learning theory,68
horizon,68
notifications,68
multispecialty group practice,68
afterhours support,68
authorize refunds and overrides,68
bulk billing,68
amniocentesis,68
active dea license or dea licensure eligible,68
bachelor's degree in construction management or related field,68
specialized certifications,68
hoses,68
lease negotiations,68
great place to work,68
stakeholder needs,68
spousal support,68
switchgear installations,68
organs,68
company policy adherence,68
litigation paralegal,68
master's degree in taxation,68
clinical laboratory technician,68
cwa,68
dmv check,68
injection,68
dynamic team environment,68
aseptic,68
hy8,68
automated external defibrillator (aed),68
north carolina license,68
pvg scheme membership,68
corporate performance management (cpm),68
2 years of nursing experience,68
hospital employment,68
finra series 66,68
waterfall development,68
litigation skills,68
manufacturing documentation,68
control strategies,68
aab certification,68
sports marketing,68
field tests,68
1099 options,68
substitute paraprofessional,68
substation construction,68
mt(ascp),68
hospital nursing experience,68
heavyduty trucks,68
greenhouse gas emissions,68
motor trade,68
individualized education plan (iep),68
analytics and reporting,68
osteopathy,68
block schedule,68
talent solutions,68
specialized skills,68
cybercrime,68
education administration,68
tv installation,68
tv and smart home solutions,68
precedents,68
401(k)/retirement options,68
ms power bi,68
food experience,68
site architecture,68
pile driving,68
ledgers,68
aseptic injection technique,68
academic background,68
pay package based on 12hour shifts and 36 hours per week,68
pijac certification (california only),68
cybersecurity principles,68
drug knowledge,68
acting,68
managed care contracts,68
dignity and respect,68
cefm,68
valid automobile insurance,68
residencies,68
smoke testing,68
primary care medicine,68
quality plan,68
blended families – remarriage,68
temperature variations,68
google office suite,68
aviation management,68
linear programming,68
excel macros,68
moderate noise level work environment,68
legal advisory,68
maintenance data collection,68
wide orbit,68
bi publisher,68
ise,68
heart transplant,68
nursing theory and practice,68
online design appointment scheduler,68
ability to stand bend walk for long periods of time,68
guest loyalty,68
tactile sensory functions,68
food merchandising,68
basic arrhythmia course,68
registered midwife,68
technical terminology,68
ms office word,68
food organization,68
loading tickets,68
faa first class medical certificate,68
freelance,68
producibility,68
remote telemetry,68
transmission systems,68
nursing patient assessment & evaluation,68
standardized assessments,68
continuing education days,68
clinical care delivery,68
pia,68
napa,68
technical systems,68
financial advisors,68
salon growth,68
vcs,68
previous work experience,68
travel allied health,68
food replenishment,68
exercise routines,68
txdot,68
data management skills,68
legal communication,68
medical spanish,68
medical sonographer,68
financial strength,68
snapchat,68
thirdparty risk management,68
billing practices,68
jde edwards,68
excavator operation,68
new hampshire license,68
neonatal resuscitation certification,68
specialty specific skills,68
travel (up to 25%),68
driving requirements,68
ability to lift and move up to 40 pounds,68
orbital mechanics,68
enrolled agent certification,68
public benefits,68
coffee knowledge,68
aec,68
proof of right to work in the uk,68
telephone operation,68
dental health,68
abuse prevention,68
financial statement audit,68
travel (10%),68
financial standards,68
housing accommodations,68
valid nys driver's license,68
403(b) savings plan,68
continuous improvement processes,68
ad set processes,68
gemba,68
ability to work under minimal supervision,68
redlining,68
healthcare reimbursement,68
military friendly,68
memberships,68
free car parking,68
physical and mental demands,68
laboratory setting,68
cognitive,68
witness interviewing,68
clean up,68
short term and long term disability,68
mar,68
crop production,68
overall equipment effectiveness (oee),68
knitting,68
hipaa knowledge,68
low voltage wiring,68
system solutions,68
management team,68
incentive plan,68
zscaler,68
data bricks,67
flexible personal/vacation time off,67
medicationassisted treatment,67
failure mode analysis,67
incident prevention,67
cognitive screening,67
physician wellness,67
profit monitoring,67
persistent,67
influencing others,67
ability to communicate effectively in english,67
restaurant manager,67
advanced skills,67
electrical prints,67
cardiac arrhythmias,67
parallel programming,67
check runs,67
requirements gathering and analysis,67
lottery machine,67
permanent positions,67
one year prior registered nurse (rn) experience,67
covid19 guidelines,67
interpersonal and organizational skills,67
device management,67
power systems design,67
social network analysis,67
community resources knowledge,67
zoho,67
bachelor's degree in business or engineering,67
nurse navigator,67
antibiotic stewardship,67
flexible thinking,67
read and follow planogram and merchandise presentation guidance,67
boomi,67
prototype testing,67
nursing staff supervision,67
margins,67
power systems engineering,67
patient record documentation,67
day one health coverage,67
sales territory management,67
exceptional attention to detail,67
auditing experience,67
25 years experience,67
attribution,67
title vii,67
software engineering experience,67
graduate degree in physical therapy,67
customer centric,67
constraints,67
behavioral standards,67
equipment optimization,67
patient journey,67
tcp/udp,67
collect payment and make change,67
conventional loans,67
controls engineer,67
histotechnician,67
contract renewals,67
cpa preferred,67
stock levels,67
ssms,67
appellate advocacy,67
personal financial planning (pfp®),67
technology/computer,67
roofs,67
engineering lifecycle,67
financial statements analysis,67
table clearing,67
technical school certification,67
argumentation,67
cognex,67
general education development (ged),67
sleep center,67
sleep lab,67
construction design,67
detailed engineering,67
private homes,67
competitor activities,67
grant development,67
industry training,67
dataops,67
higher education administration,67
diagnostic ct exams,67
user interviews,67
challenge,67
public finance,67
total solutions,67
brightspace,67
systems support,67
production line,67
transaction status updates,67
intravenous fluids,67
excellent written and spoken english,67
hrsa,67
weekend requirements,67
rate negotiation,67
chief technologist,67
chest pain,67
truck orders,67
ability to walk for long periods of time,67
free meal,67
direct service,67
virtual events,67
student management systems,67
team member discounts,67
exposure to dust/fumes,67
federal background investigation,67
compensation practices,67
working on a computer,67
vray,67
high volume manufacturing,67
rfp development,67
exposure to fumes and particles,67
procedural documentation,67
procedural compliance,67
finance transformation,67
associate management,67
insurance eligibility,67
pediatric healthcare,67
pediatric hospital medicine,67
hand tools usage,67
customer relationship management systems,67
cost standards,67
training assistance,67
longrange master planning,67
longevity bonus,67
child development associate (cda) credential,67
test case design,67
community health services,67
hubs,67
electronic schematics,67
effective collaboration,67
oracle cloud applications,67
membership systems,67
manipulating objects,67
luxury hotel experience,67
team projects,67
responsive,67
medical center's organizational competencies,67
ncct certification,67
relevant degree,67
industry certifications (csw css wset court of master sommeliers sake specialist),67
life & ad&d insurance,67
restructurings,67
plc logic,67
same day pay,67
laboratory notebooks,67
policies and procedures adherence,67
health care instructions,67
analytical and problem solving skills,67
construction methodology,67
traction,67
abs,67
group presentation skills,67
wound vac,67
acute medicine,67
exposure to radiation,67
sap bw,67
ear infections,67
hazid,67
fe exam,67
treatment plan adjustment,67
brokers,67
evidencebased knowledge,67
ability to meet performance expectations,67
salary negotiation assistance,67
lifting and carrying ability,67
risk tolerance,67
economic research,67
audio systems,67
installation details,67
group fitness classes,67
foreign language proficiency,67
network security principles,67
audit requests,67
children's health,67
small business,67
outcomes research,67
supplier onboarding,67
level 2 trauma center,67
power transformers,67
repairs and maintenance,67
pe (professional engineer),67
clinical psychiatry,67
seasoning,67
tool control,67
perspectives,67
diet office systems,67
agenda development,67
xen,67
fda approvals,67
reassembly,67
christian values,67
unpacking cartons,67
evidencebased,67
pediatric radiology,67
asset control,67
food procurement,67
marketing assistance,67
phone usage,67
ability to remain standing for long periods of time,67
systems administrator,67
group registered retirement savings plan (rrsp),67
401k with a company match,67
aha acls certification,67
passion for the brand,67
facility control policies and practices,67
clevel relationships,67
fca,67
hdl,67
performance assessments,67
telework options,67
carveouts,67
phoenix,67
maintenance projects,67
iso 9001 standards,67
prescribe medications,67
doctor of nursing practice (dnp),67
building client relationships,67
certified coding specialist (ccs),67
sales and business development,67
repair coordination,67
buildpro,67
airworthiness directives,67
client proposals,67
laboratory director,67
enterprise it,67
vital statistics,67
therapeutic measures,67
small hand tools,67
ci/cd processes,67
site survey,67
gmp's,67
pcp,67
model based system engineering,67
traveling superintendent,67
cmsrn,67
audiologist,67
reporting procedures,67
sts,67
recipe compliance,67
transfusions,67
smart contracts,67
peoplesoft financials,67
blasting,67
applied/epic agency management software,67
medical requirements,67
supply chain logistics,67
xrd,67
annual cash bonus,67
external training,67
fatigue,67
learning theories,67
training activities,67
partnership tax forms,67
scenarios,67
payroll procedures,67
ability to reach and manipulate objects,67
specification preparation,67
technician scheduling,67
energy optimization,67
palantir,67
accrediting bodies,67
project construction,67
accounting functions,67
office products,67
medical industry,67
master's in mental health counseling,67
american mental health counselors association (amhca),67
process improvement skills,67
assistant management,67
sales collateral,67
site operations,67
pos system experience,67
timeingrade,67
patient and family communication,67
ism,67
financing options,67
rule enforcement,67
quantitative discipline,67
it staffing,67
effective leadership,67
statistical methodologies,67
food & beverage operations,67
deposition preparation,67
cyber defense,67
eit license,67
vehicle technician,67
1 year paid experience,67
ipad/laptop,67
turf management,67
tenant management,67
ability to lift 30 lbs,67
fanuc robots,67
driver's license check,67
patient care issues,67
company paid short and long term disability,67
california nursing license,67
renewal process,67
payroll deductions,67
organizational and multitasking skills,67
disciplinary process,67
criminal background clearance,67
revenue operations,67
hospital insurance,67
company paid training,67
building customer relationships,67
registered professional nurse (rn),67
screwdrivers,67
walking/standing,67
illinois state license,67
support equipment,67
panel layouts,67
written & verbal communication,67
cold exposure,67
general accounting experience,67
physician job search,67
family conferences,67
master's degree in business administration,67
dependent care reimbursement account,67
event management software,67
dependent care account,67
project issues,67
glassware,67
shipments,67
job sharing,67
maryland license,67
code documentation,67
mrp (material requirements planning),67
scrub technician,67
academic degree in nursing,67
camt,67
quality objectives,67
ability to work independently and in a team environment,67
professional designation,67
cellphone,67
criminal justice degree,67
education assistance/continuing education,67
openheart surgery,67
digitization tools,67
f&b,67
aspen plus,67
atlanta,67
irc,67
recovery support,67
massachusetts state license,67
frequent hand washing,67
temporary employment,67
eyehandfoot coordination,67
cori review,67
accredited medical school,67
neurobiology,67
gmaw,67
sows,67
disease control,67
health safety and environment (hse),67
dbms,67
mi,67
dog handling,67
chart documentation,67
cashflow,67
siemens plc,67
onsite inspections,66
eeo policy,66
specsintact,66
equity and diversity,66
sop creation,66
patient panel,66
delays,66
transportation benefits,66
mental health screening,66
hiring and development,66
experiential marketing,66
verint,66
arrests,66
cardiac monitors,66
sar,66
knowledge of anatomy and physiology,66
oneonone tutoring,66
profit & loss,66
orthopedic services,66
peers,66
cleanroom experience,66
program and project management,66
patient orientation,66
rehabilitation programs,66
carbon reduction,66
dod programs,66
hiring management,66
customer database management,66
development experience,66
stock room organization,66
team activities,66
best companies lists,66
sales orientation,66
aptitude for building rapport,66
disability confident,66
product commercialization,66
bachelor's in information technology,66
emergency action plans,66
pay packages,66
vineland,66
data processing pipelines,66
valid state license,66
business restructuring,66
aws redshift,66
asi,66
protractor,66
conflicts among family members/siblings,66
comprehensive benefits program,66
loss minimization,66
mechanical ventilators,66
functional behavioral assessments,66
ability to pull,66
noncompliance,66
clinical functions,66
twaincompatible scanner,66
entrepreneurial drive,66
diversity equity and inclusion commitment,66
temporary position,66
microsoft workday,66
azure synapse analytics,66
research and analytical skills,66
open loop control system,66
punchlist,66
customer care line,66
tests and procedures,66
alzheimer's,66
ability to resolve customer complaints,66
wire,66
safety procedures compliance,66
linux servers,66
information literacy,66
patent bar,66
digital radiographs,66
computer training,66
physical and mental health,66
production metrics,66
outcome management,66
payment systems,66
ssops,66
6 months of retail management experience,66
discrete & lean manufacturing,66
intervention techniques,66
ability to review analyze and comprehend business trends,66
shipping documentation,66
medical oversight,66
ability to work in a collaborative environment,66
master of science degree,66
container technologies,66
defect identification,66
banking systems,66
private practice experience,66
erosion and sedimentation control,66
managing work,66
personal holiday,66
customer awareness,66
pull requests,66
selection criteria,66
underserved communities,66
jha,66
healthcare sales experience,66
summer hours,66
urgent care centers,66
fertility/adoption/surrogacy support,66
transaction advisory,66
knowledge of inventory management,66
dam safety,66
meggers,66
instrument troubleshooting,66
ladder diagrams,66
deep tissue massage,66
project execution plans,66
mental health laws,66
bap standards,66
test performance,66
protein chemistry,66
hnc/hnd,66
architecture degree,66
degreed,66
finished goods,66
thermal testing,66
backend support,66
basic carpentry,66
secretarial work,66
healthcare sector,66
basic computer navigation,66
surgical procedure,66
staff performance evaluation,66
ability to work with minimum supervision,66
error proofing,66
36hour work week,66
functional specification,66
statistical analysis tools,66
medical literature,66
project engineers,66
precertifications,66
excellent communication and organizational skills,66
production flow,66
controllable expenses,66
referral bonus opportunities,66
wrapping machine,66
disaster planning,66
pumping systems,66
sautéing,66
team member app,66
webbased software,66
esa,66
ventilator management experience,66
cacrep,66
cloudbased services,66
talk or hear,66
technical vision,66
401k with matching funds,66
ability to lift up to 20 lbs,66
clinical issues,66
internal and external training,66
supervisory signed reference,66
pc workstation,66
agile methods,66
admission process,66
appian,66
laboratory records,66
drms,66
maintenance work orders,66
15+ years experience,66
xamarin,66
cds license,66
embryology,66
ability to work cooperatively,66
antitrust,66
presentation and communication skills,66
* analytical skills,66
qnx,66
mixed methods research,66
nursing concepts,66
patient health education,66
optical design,66
mouse models,66
fabrication processes,66
pacemaker,66
consumer trends,66
vehicle testing,66
pneumatic tube system,66
catholic,66
request management,66
sap finance,66
fitness floor assistance,66
product specification,66
planning and coordination,66
team performance management,66
safetyfocused,66
student learning outcomes,66
technical quality,66
back end development,66
operations improvement,66
knowledge of safety procedures,66
medical cases,66
schedule changes,66
api services,66
workstation,66
evaluative methods,66
gas systems,66
capital investment,66
visuals,66
document imaging,66
2d design,66
essential functions,66
salaries,66
well organized,66
cost negotiation,66
lvds,66
sql server management studio,66
social and emotional development,66
financial presentations,66
jazz,66
gym floor maintenance,66
prepress,66
diapering,66
shop maintenance,66
mild winters,66
proofing,66
laser systems,66
army national guard (arng),66
team teaching,66
wellsky,66
ecommerce management,66
child therapy,66
welding techniques,66
hot kitchen equipment,66
hot water systems,66
pickups,66
enterprise security,66
cart,66
cultural diversity awareness,66
solutionbased treatment,66
construction plans and specifications,66
interdisciplinary treatment team,66
21 cfr part 820,66
uspto license,66
treatment interventions,66
menopause,66
marketing and sales,66
stroke rehabilitation,66
retrospectives,66
prolonged standing and sitting,66
fdot,66
dmvpn,66
recommendation development,66
barber's license,66
microsoft identity manager,66
patient exams,66
nhs performer number,66
m.d. or d.o.,66
voluntary life,66
interdisciplinary health care team,66
banking industry,66
steering and suspension services,66
sexual misconduct harassment and discrimination declaration form,66
fostering,66
tsa,66
suggestive enrollment techniques,66
coordination of benefits,66
project coordinator,66
cvent,66
psychological tests,66
circuit diagrams,66
solar installation,66
statistical quality control,66
peo,66
administrative and clinical program management,66
airline transport pilot (atp),66
fluid flow,66
quality evaluation,66
seasonal work,66
psychiatric technician,66
plan grid,66
home staging,66
kpi performance,66
reports preparation,66
va directive and handbook 5019,66
office programs,66
video interview,66
local requirements,66
one drive,66
master's in engineering,66
pipettes,66
antimicrobial stewardship,66
clinical care coordination,66
insurance products and services,66
deburring,66
obra,66
resultsoriented mindset,66
canoe,66
ability to maneuver weight,66
physical job requirements,66
patient/client care,66
amplifier,66
advanced assessment,66
credit history,66
regular and punctual attendance,66
recognition and reward schemes,66
welcoming environment,66
opencl,66
blocks,66
food preparation methods,66
rtl coding,66
advancements,66
share scheme,66
rlhf,66
electric pallet jack,66
vendor drawings,66
field instrumentation,66
moral and ethical behavior,66
physical conditions,66
english language arts,66
field service engineering,66
certified dietary manager (cdm),66
design excellence,66
learning mentor,66
openness to change,66
spanish (bilingual),66
project assessment,66
power injector,66
technical marketing,66
recruiting software,66
reporting processes,66
electromechanical components,66
certificate of conduct,66
referencing,66
job orders,66
exhaust system and muffler services,66
articulate storyline,66
digital assets,66
fbi,66
credentialing support,66
government reporting,66
company uniforms,66
youth counseling,66
bachelor degree in nursing,66
training & support,66
behavioral,66
corrective and preventive action,66
bilingual language skills,66
business advising,66
radiant,66
code of practice,66
computer repair,66
registered dental hygienist (rdh) license,66
dallas,66
oracle primavera p6,66
nataboc certification,66
exciting team environment,66
vocational education,66
litigation attorney,66
general chemistry,66
ability to lead and motivate a team,66
task allocation,66
credit administration,66
credit counseling,66
hhcnasal/tracheal suction exam,66
eda tools,66
wildlife,66
h1 visa,66
state inspector's license,66
swimming skills,66
patientcentered medical homes,66
data sourcing,66
correctional nursing,66
network upgrades,66
cleaning duties,66
beckhoff,66
preventative services,66
state and federal laws and regulations,66
factory automation,66
flexible benefits package,65
trauma recovery,65
ahrefs,65
minnesota,65
special chemistry,65
ability to build rapport quickly,65
flexible savings account,65
knowledge dissemination,65
stable employment history,65
active directory administration,65
microsoft office suite (outlook word powerpoint excel),65
inspection skills,65
lans,65
budgetary constraints,65
gdc,65
cloud application security,65
moving and handling,65
client engagements,65
physical therapy assistant license,65
cafe health,65
data augmentation,65
hospitality operations,65
practice administration,65
implementations,65
patient care team,65
clinical nurse liaison team,65
associate's in nursing,65
basic military officer qualification training,65
pareto analysis,65
machining processes,65
colonoscopies,65
us est time zone,65
navy,65
closeout documentation,65
professional composure,65
massage therapist,65
entertainment industry,65
group,65
heart and vascular,65
roulette,65
disposals,65
multispecialty practice,65
firearms handling,65
crossplatform development,65
communication with healthcare professionals,65
lifesaving,65
feeding assistance,65
4day workweek,65
ai foundation models,65
ability to move merchandise,65
dental practice ethics,65
storage technologies,65
service orders,65
competitive offerings,65
compliance audit,65
apache nifi,65
petfriendly housing,65
recertifications,65
medical emergency response,65
credentialing requirements,65
government projects,65
hiring bonus,65
rcra training,65
functional capacity exam,65
equity program,65
store audits,65
interpersonal relationship building,65
measurement instruments,65
climate adaptation,65
retail or security experience,65
general manager retail manager or multi unit manager experience,65
dust and mop floors,65
close supervision,65
shock and strut replacement,65
diploma in early childhood education,65
mobile testing,65
junior staff mentoring,65
safe and clean environment,65
product discount,65
it operations management,65
recruiting strategies,65
temp/contract,65
process control plans,65
working in a team,65
strong recall,65
dance curriculum,65
vibration exposure,65
operational reviews,65
wet,65
compactlogix,65
call center environment,65
pediatric dermatology,65
peer support training,65
hospitality law,65
evidencebased treatment models,65
evm,65
level iv nicu,65
usda documentation,65
special access program (sap),65
aha bls healthcare provider completion card,65
scientific degree,65
system training,65
version creation,65
crosscoverage,65
elimination,65
cips qualification,65
switchboards,65
business problems,65
certified emergency nurse,65
wood fabrication,65
nc driver's license,65
american academy of nurse practitioners,65
master degree,65
encoders,65
sense of responsibility,65
project files,65
food handler certificate,65
testing requirements,65
problem handling,65
vertex,65
federal income taxation,65
ability to provide professional advice and consultation,65
adr,65
environmental performance,65
phone call handling,65
diverse and inclusive environment,65
paid time off and holiday pay,65
energy consumption,65
internal sales,65
interpretive skills,65
sap security,65
wiping,65
ergonomic assessment,65
synchro/simtraffic,65
criminal record clearance,65
differential pay,65
ability to stand/walk 8 hours a day,65
iec 60601,65
investment knowledge,65
hearing (aid permitted),65
following company procedures,65
behavioral assessments,65
gosu,65
health and safety plans,65
acgme accreditation,65
illustrations,65
vin membership,65
complex tax issues,65
hospitalemployed,65
education award,65
malpractice and tail insurance,65
self awareness,65
tax audit support,65
install,65
vascular access devices,65
predictive models,65
houdini,65
critical illness and accident plans,65
wheelchair assistance,65
differentials,65
immunooncology,65
volunteer recognition,65
health problems,65
client care coordination,65
wholesale sales,65
dsd,65
chemical knowledge,65
counselor education,65
sales associate duties,65
microsoft office suite (word outlook excel),65
bilingual (french/english),65
business awareness,65
data visualization software,65
operational reports,65
electrical and electronic principles,65
electrical equipment maintenance,65
samples,65
content management systems (cms),65
occasional or regular driving/providing own transportation,65
ability to grasp and reach,65
license to practice,65
materials inspection,65
hair care products,65
baccalaureate,65
youth,65
prior sales experience,65
preemployment background screening,65
training and mentorship,65
microsoft office (excel),65
identity access management,65
clinician success team,65
chemical applications,65
flexible working conditions,65
public sector procurement,65
variance identification,65
financial industry knowledge,65
boardcertified/boardeligible,65
associate’s or bachelor’s degree,65
project cost analysis,65
space requirements,65
master's degree of nursing,65
pipes,65
self motivated,65
air freight,65
energy auditing,65
lmft (licensed marriage and family therapist),65
pediatric er,65
snowmobiling,65
equipment failures,65
chemical tests,65
nursing science,65
control valve,65
performance improvement plan,65
estimating systems,65
treatment management,65
assertive community treatment (act),65
timing closure,65
plan of care evaluation,65
sitting for long periods,65
milwaukee,65
vendor performance management,65
promotional programs,65
analyst relations,65
diversity training,65
banquet event orders,65
captivate,65
construction defect,65
nonconformance management,65
internal growth opportunities,65
ssn/dob,65
hmrc liaison,65
circulation,65
professional indemnity,65
technical bulletins,65
helpful attitude,65
property tours,65
b.s. in engineering,65
protective relays,65
degree in related field,65
self confidence,65
line maintenance,65
bachelor's degree in business finance sales marketing or related field,65
glass cleaning,65
ability to manage conflicts/difficult situations,65
finished products,65
clinical trial,65
fuel systems and fire protection,65
estate management,65
menopause plan,65
teletracking system,65
torque wrenches,65
hud programs,65
planning software,65
user interface (ui),65
employee recognition scheme,65
dataflow,65
capitalization,65
audio classification,65
asc 842,65
condition surveys,65
maintenance equipment,65
therapy platform,65
incoming inspection,65
password management,65
5day work week,65
construction progress,65
deadline pressure,65
battery or electrical services,65
environmental considerations,65
dependent scholarship awards,65
wfm systems,65
pool,65
company paid basic life for spouse and children,65
occupational health services,65
interdisciplinary team management,65
design recommendations,65
reputation,65
dispensing optician,65
refractive surgery,65
excellent service,65
practical life skills,65
industrialization,65
variable work schedule,65
hsse,65
fair labor standards act,65
documentation compliance,65
team lifting,65
compiling,65
fetal echocardiography,65
upwork,65
ncci,65
36hour workweek,65
server side san,65
cra,65
fiscal planning,65
nationwide travel,65
rs422,65
gears,65
dacs,65
assisting in planogram implementation,65
electronic health record systems (avatar),65
ipaf,65
production costs,65
yocto,65
asset management systems,65
physically demanding,65
client loyalty,65
rfi responses,65
promotional initiatives,65
technical compliance,65
finra series 7 & 63 licenses,65
quality incentives,65
site monitoring,65
commitment to diversity equity and inclusion,65
firstaid,65
software defined networking,65
press operation,65
immunisation,65
direct services,65
real estate litigation,65
compensation plan,65
rapidresponse laboratories,65
vendor sourcing,65
patient stabilization,65
surgical counts,65
psp/pips,65
infrared,65
nonconforming material,65
advanced practice nurse (apn),65
six sigma methodologies,65
realtime data processing,65
tax rules,65
health and wellness coverage,65
camp management,65
smokefree workplace,65
remote locations,65
municipalities,65
gots,65
ability to maintain hearing acuity with correction,65
retail business,65
business mindset,65
customer satisfaction management,65
support systems,65
cisco anyconnect,65
gym floor upkeep,65
individual and couples therapy,65
fresh produce,65
dialysis nursing experience,65
clinical specialist,65
planning and engagement financial management tools,65
high work ethic,65
ictap,65
patient health,65
invasive monitoring,65
relay settings,65
construction field experience,65
real estate licenses,65
dos test,65
cpr/aed/first aid certification,65
production software,65
motivational,65
it leadership,65
laboratory technologist,65
telemedicine service,65
service advising,65
lifting 40 pounds,65
protected species surveys,65
immigration sponsorship opportunities,65
direct reports management,65
awhonn,65
budget estimates,65
payment posting,65
travel (up to 50%),65
isolation protocols,65
onsite childcare,65
component specifications,65
aha basic life support certification,65
hubspot crm,65
dialysis equipment,65
matlab simulink,65
child care subsidies,65
secondary school diploma,65
tanf,65
syllabus creation,65
sensors & switches,65
helm charts,65
quicksight,65
fastapi,65
schedule compliance,65
audition,65
purchasing software,65
premium holiday pay,65
sarbanesoxley act (sox),65
wellness center,65
state agencies,65
service scheduling,65
software experience,65
teachers,65
fulltime or parttime work,65
nuclear medicine technology certification board (nmtcb),65
project procurement,65
visitor greeting,65
health programs,65
hsd,65
onboarding program,65
testing and commissioning,65
outpatient rehabilitation,65
analytical capability,65
tps,65
trachs,65
cadc certification,64
working from home,64
standards of respect,64
food service sanitation,64
ability to wear personal protective equipment,64
instills trust,64
mocha,64
software learning,64
710 years of experience,64
fulltime work schedule,64
1 year related experience,64
emergency plans,64
resource referrals,64
etl (extract transform load),64
experience in fastpaced environment,64
wetlands,64
seniority,64
integrated logistics support,64
dwdm,64
civility,64
site cleanup,64
communication plan,64
communication platforms,64
community programs,64
serial,64
blade server and directaccess storage device (dasd) equipment,64
paid time off benefits,64
supplier performance evaluation,64
salon,64
oracle cernermillennium,64
operations execution,64
rfi logs,64
agile product management,64
leapfrog group,64
virtual collaboration,64
neonatologists,64
computer databases,64
privacy protection,64
hand therapy,64
fitness center programs,64
lifting (up to 50 lbs),64
answering questions,64
ons,64
health & wellness programs,64
anp,64
assistant property manager,64
musculoskeletal disorders,64
ammonia,64
hazard awareness,64
protection of persons in care act,64
sterile field preparation,64
eco,64
exposure to fumes and odors,64
fitness industry,64
webbased programs,64
volunteer day,64
curriculum review,64
room assignment,64
internal and external customers,64
holidays off,64
ability to communicate effectively with patients families and other healthcare professionals,64
request for proposals (rfps),64
audio equipment,64
second language training,64
student housing,64
florida nurse practice act,64
planning & organizing,64
gcse maths,64
fresh ingredients,64
structural testing,64
private cloud,64
compensation plans,64
research and scholarship,64
neuromodulation,64
newsletter,64
planned preventative maintenance,64
air conditioners,64
beverage dispensing,64
transportation infrastructure,64
valueadded services,64
dispositive motions,64
complex programs,64
jsf,64
manchester,64
selfstudy,64
compliance program,64
travel (50%),64
level of care,64
short and longterm disability options,64
state registered nurse license,64
sustaining engineering,64
bylaws,64
4 day work week,64
organisation skills,64
business development activities,64
virtual,64
meng,64
erwin,64
sanitation and safety course,64
disciplinary matters,64
healthcare flexible spending accounts,64
discipleship,64
taleo,64
bachelor of engineering,64
technical decisionmaking,64
cpr and bls,64
examination results,64
california state rn license,64
ability to assist with the management of the drive item program,64
microsoft dynamics gp,64
product location,64
otc,64
comprehensive insurance,64
artwork,64
training and professional development,64
epoxy,64
facilitating a safe working environment,64
passion for nursing,64
dispensary operations,64
lean six sigma certification,64
nevada,64
skill acquisition,64
risk escalation,64
medical consultations,64
design processes,64
claims review,64
unigraphics,64
dress code policy,64
athletic coaching,64
instrument counts,64
hazmat training,64
childcare assistance,64
texas state license,64
handle with care,64
hospital laboratory experience,64
architecture diagrams,64
manufacturing process development,64
drug distribution,64
education sector,64
strong academic background,64
retrofitting,64
insurance management software,64
cme activities,64
pbis,64
policy reviews,64
contribution,64
safety and sanitation compliance,64
servo motor,64
troubleshooting procedures,64
food safety practices and procedures,64
team manager,64
problemsolving and critical thinking,64
test instruments,64
construction document preparation,64
microsoft onenote,64
data scientist,64
pasma,64
temperature sensor,64
project leading,64
accommodation requests,64
reproductive endocrinology,64
cpim certification,64
franchising,64
ability to process information,64
thermocouples,64
coaching techniques,64
grammar skills,64
highlevel design,64
wheelchairs,64
health care facility,64
certified occupational therapy assistant (cota),64
apprenticeship programs,64
teamfocused,64
chime level 9 acute recognition,64
supplemental income,64
background verification,64
eam,64
project schedule development,64
presentation delivery,64
cemap qualification,64
competency evaluations,64
patient intervention,64
icas,64
results interpretation,64
front desk agent,64
wireless communication,64
evaluate patients,64
corporate tax planning,64
pneumatic equipment,64
dress flexibility,64
degree of doctor of medicine or an equivalent degree,64
repair skills,64
payor verification,64
ability to read write comprehend and communicate in spanish,64
vendor partnerships,64
handling medical and food supplies,64
counseling sessions,64
evidencebased primary care,64
applied behavioral analysis,64
residential childcare,64
chemical usage,64
professional dress,64
arrtr radiography,64
doctoral degree in social work,64
infusions,64
graphics software,64
nationwide mortgage licensing system (nmls),64
adaptability to technology,64
operating room equipment,64
general duties,64
personal hygiene assistance,64
interventional ct procedures,64
positive work ethic,64
ability to move about,64
cardiopulmonary rehabilitation,64
patient results,64
enterprise account management,64
smart home installation,64
arm templates,64
scalable,64
subordinates,64
companyprovided uniforms,64
medical dental vision disability and life insurance,64
personal fitness trainer certification,64
accounting software proficiency,64
inpatient medicine,64
picu rn,64
synthetic chemistry,64
neptune,64
arterial puncture,64
ob hospitalist,64
commercial lines property/casualty underwriting,64
problem solving techniques,64
air brake endorsement,64
tacacs,64
cdl class b,64
legal case management,64
customerfacing role,64
employee networks,64
employee of the month,64
contractor selection,64
physical wellness,64
hsa contributions,64
exceptional guest experiences,64
annual reporting,64
financial incentives,64
lab skills,64
ammunition movement,64
macroeconomics,64
vulnerable position/sector screening (vps),64
rotational program,64
refineries,64
share point,64
steam tables,64
experience in manufacturing,64
resource nurse,64
audit and compliance,64
company paid basic life ad&d shortterm and longterm disability insurance,64
schedule preparation,64
sporting events,64
strong verbal and written skills,64
web accessibility,64
group exercise certification,64
nurse license,64
healthy environment,64
college counseling,64
food preparation experience,64
picc lines,64
drivethru operations,64
construction work,64
english language (written and verbal),64
association of american medical colleges,64
surgical tech certification,64
day,64
hardware/software integration,64
oauth 2.0,64
safety records,64
testrail,64
manufacturing quality,64
material specification,64
gherkin,64
companymatching 401(k),64
ablations,64
omni activities,64
design and build,64
plugins,64
ability to prioritize and manage multiple projects,64
iec standards,64
master electrician's license,64
project financial management,64
google maps,64
cpa certification (preferred),64
life long learning,64
environmental practices,64
follow up skills,64
sae,64
rn icu,64
recruitment incentive,64
complexity,64
aseptic manufacturing,64
point of sale operation,64
gtube care,64
ability to meet volume activity standards,64
ability to work on weekends and holidays,64
ecclesiastical endorsement,64
iv infusions,64
client issue resolution,64
physical workload,64
managing dentist program,64
pc platforms,64
teststand,64
model testing,64
yard work,64
communicable disease exposure,64
automotive repair knowledge,64
telecommunication systems,64
practical skills,64
preventive services,64
prolonged walking standing bending kneeling reaching twisting,64
offprice environment,64
eoe/everify,64
psychobiological treatment regimens,64
active dod secret clearance,64
analytical and critical thinking,64
workstream management,64
eventbrite,64
ceilings,64
accommodation assistance,64
gcfa,64
complex wounds,64
foam,64
fire/life safety,64
willingness to work overtime,64
receptionist experience,64
patient centricity,64
favorably adjudicated tier 1 investigation,64
rms systems,64
i&d of abscesses,64
measurement skills,64
msha regulations,64
impact assessments,64
python3,64
data skills,64
front of house training,64
vite,64
initial assessment,64
insurance terminology,64
time keeping equipment,64
legal and regulatory knowledge,64
referral process,64
social assessment,64
organizational and timemanagement skills,64
offset printing,64
contract amendments,64
staff collaboration,64
ris/pacs,64
kitchen work,64
autocad 2d,64
wwcc,64
software engineering practices,64
statement of faith,64
sprinkler,64
negotiation strategies,64
stooping/bending,64
educators,64
cola,64
promotional planning,64
education assistance program,64
eylf,64
zabbix,64
tmobile,64
skills competency,64
survey data,64
quality improvement processes,64
mice,64
developmental needs,64
aota certification,64
facility and safety control,64
protecting vulnerable groups (pvg) scheme membership,64
child and adolescent psychology,64
commuter accounts,64
application review,64
passion for sales,64
ability to read organize and coordinate tickets,64
full benefit package,64
equipment adjustment,64
commercial refrigeration,64
journeyman or master electrician license,64
ip video,64
business advice,64
backofhouse systems,64
acls credentialing,64
competitive bidding,64
* scheduling,64
windows pc applications,63
machine shop equipment,63
analytical and critical thinking skills,63
camaraderie,63
site walks,63
indirect procurement,63
fmeca,63
cystic fibrosis,63
spatial orientation,63
supportive work culture,63
quarterly bonus program,63
behavioral health treatment,63
dell openmanage enterprise,63
sci access,63
procurement process,63
board certification in psychiatry,63
data architectures,63
state & local tax (salt),63
organizational values,63
procedural guidelines,63
electronic technology,63
preventative procedures,63
iv infusion,63
formative assessment,63
asha,63
project life cycle management,63
job satisfaction,63
automotive safety systems recalibration,63
internet technologies,63
training program design,63
payers,63
testable code,63
signage labeling,63
filtering,63
wms (warehouse management system),63
nuclear energy,63
pull systems,63
positive outcomes,63
basic life,63
workplace flexibility,63
selfreview,63
castings,63
resource stewardship,63
brand recognition,63
adas,63
wellness exams,63
organization development,63
internet marketing,63
nebosh construction certificate,63
mountains,63
hand signals,63
annual planning,63
tax preparation skills,63
nursing orders,63
violent situations,63
pulling/pushing,63
active and unrestricted license,63
dsear,63
eyfs curriculum,63
laundry equipment,63
mlt certification,63
realtime applications,63
behaviours,63
safety metrics,63
querying,63
gps equipment,63
hazardous equipment,63
goal accomplishment,63
medical card,63
rotating roster,63
instructional reinforcement,63
digital twins,63
reaching forward,63
frequent and proper lifting of up to 40 pounds,63
diversity and inclusion initiatives,63
patient record,63
dcf,63
tesol,63
mathematical formulas,63
bending and reaching,63
broker management,63
fostering innovation,63
language development,63
annual review,63
46 years of experience,63
tax notices,63
advanced trauma life support (atls),63
site acquisition,63
paediatric nursing,63
systems analyst,63
company housing,63
patient awareness,63
parametric modeling,63
federal state and local legal requirements,63
qualitative research methods,63
data privacy regulations,63
clinical examination,63
bls acls pals,63
news,63
waivers,63
plc experience,63
preemptive multitasking realtime operating systems,63
quality control program,63
home health or hospice experience,63
performancedriven culture,63
civils,63
maintaining patient records,63
motor drives,63
medical college of wisconsin,63
stability studies,63
employee discount and rewards program,63
chat support,63
ibd,63
requirements specifications,63
quality assurance experience,63
milstd1553,63
healthcare economics,63
patient tracking,63
auto body repair,63
damage reporting,63
american academy of nurse practitioners (aanp),63
financial needs assessment,63
sales revenue,63
kitchen staff,63
taking direction,63
boiler operations,63
retaining wall design,63
retail design,63
state insurance licenses,63
clearquest,63
physical hazards,63
inspection services,63
general insurance,63
bank account management,63
community networking,63
medical or religious exemption,63
product inventory,63
referral resources,63
nci,63
international building codes,63
professor,63
ability to visually monitor store environment,63
equipment purchasing,63
course content,63
child/adult abuse reporting,63
master plans,63
paint mixing,63
4+ years of professional software engineering experience,63
computeraided modeling,63
caterpillar,63
accidental death & dismemberment,63
food and labor cost control,63
multicultural counseling,63
national registration,63
wellbeing televisits with a psychologist,63
design proposals,63
upbeat personality,63
verbal instruction,63
flow designer,63
individualized education plans (ieps),63
corporate furnished housing,63
waste handling,63
ability to work in a confined space,63
culverts,63
deep foundations,63
2 years of relevant work experience,63
general administrative duties,63
sexual assault,63
instrument operation,63
electrical commissioning,63
animal physiology,63
restaurant maintenance,63
customer service mindset,63
lifting 50lbs,63
tinting and mixing equipment experience,63
master's degree in human services,63
quality awareness,63
evening hours,63
chaos engineering,63
multidisciplinary design,63
workingwithchildren check,63
pondpack,63
effective teaching,63
legal pleadings,63
m.s. degree,63
payroll control,63
member education,63
crane operations,63
policy coverage,63
ms excel proficiency,63
hospital nursing,63
dfs,63
support group facilitation,63
maintain a clean and organized store,63
healthcare institutions,63
clinical processes,63
video recording,63
multidisciplinary team strategies,63
integration planning,63
epic’s electronic medical records (emr),63
merger and acquisition,63
ekg tech,63
watches,63
inews,63
nurse referral bonus program,63
food & beverage service,63
business forecasting,63
opensource software,63
inds,63
kotlinsql,63
aapc,63
project research,63
transfer function,63
prompt engineering,63
weapons systems,63
academic transcripts,63
ground up,63
ground up experience,63
lrfd,63
clinical laboratory tests,63
menu review,63
smart serve certification,63
vacation entitlement,63
construction quality assurance,63
salary review,63
first assistant,63
medical judgment,63
pump station design,63
coaches,63
bakery operations,63
laboratory technology,63
cabinet installation,63
manufacturing principles,63
complex case management,63
computational modeling,63
commercial lines property/casualty claims adjuster,63
sqf certification,63
adhoc reports,63
network components,63
equipment movement,63
health & social care,63
workload distribution,63
paid study leave,63
traumainformed practice,63
new business generation,63
moonlighting,63
healthcare policies and procedures,63
u.s. citizenship or residency,63
comscore,63
relocation services,63
hospital call,63
team effectiveness,63
serviceoriented architectures,63
cloud providers,63
judgment and decisionmaking,63
telephone and computer skills,63
judgement skills,63
pipework,63
magnet,63
garbage disposal,63
medical surgical rn,63
vabc,63
orientations,63
making effective decisions,63
orienting,63
conversational spanish,63
user adoption,63
menu selling,63
basic education,63
agile engineering,63
licensed practical nurses,63
networking technology,63
cvor tech,63
ability to learn or adapt to technology,63
professional leadership,63
technical authority,63
master's in marriage and family therapy,63
circuit protection,63
healthcare quality improvement,63
nhsc,63
teammates,63
unrestricted dea license,63
musical instruments,63
vdot,63
level iii neonatal intensive care unit,63
opex,63
compliance reviews,63
exemplary customer service,63
licensure as a physician,63
seasonal flu vaccination,63
health care setting,63
maritime,63
immunization record,63
nursing home administrator,63
insurance defense litigation,63
online and/or onthejob training,63
ability to lift moderately heavy items,63
lean principles experience,63
multidisciplinary team work,63
caps,63
own transport,63
c++/c#,63
credit reporting,63
monthly sales planners,63
climbing or balancing,63
evacuation,63
va directive 1193.01,63
12d,63
pressing,63
construction surveys,63
performance data analysis,63
interconnect systems,63
interconnection,63
major gifts,63
1+ year nursing experience,63
texas nursing license,63
chemo certification,63
os support (vmware windows linux),63
ancillary staff,63
commercial negotiation,63
stakeholder groups,63
aircraft operation,63
patient data management,63
healing environment,63
technical analyses,63
table management system,63
cincinnati,63
project compliance,63
mca,63
cardiovascular credentialing international (cci),63
bacb,63
blue moon,63
outofthebox thinking,63
therapeutic behavioral services,63
elearning platforms,63
bilingual in english/spanish,63
intelligent transportation systems (its),63
telephonebased sales,63
fire regulations,63
blood and body fluids exposure,63
transfusion service,63
exercise planning,63
defined contribution pension plan,63
merchandise margins,63
isolation procedures,63
roadway inspection,63
ingredient preparation,63
sustainable agriculture,63
project activities,63
intraoral cameras,63
certified emergency room nurse (cen) certification,63
auditors,63
skid steers,63
equipment control,63
speaking engagements,63
scratch kitchen experience,63
bachelor's in business,63
radiology tests,63
bottleneck identification,63
job cost accounting,63
shareholder,63
intravenous infusions,63
material requisition,63
colorado license,63
teleradiology system,63
pi&d diagrams,63
preschool lead teacher,63
parenting support,63
food quality management,63
racking,63
ohio board of nursing,63
engineering change notices,63
insurance laws,63
brokering,63
moc,63
standard work instructions,63
csa standards,63
ohio state license,63
hazard analysis and critical control points (haccp),63
facility services,63
ny state license,63
fitout,63
paid internship,63
functionality status,63
secret us government clearance,63
oapsa,63
payer requirements,63
travel and accommodation assistance,63
courtroom procedures,63
leadership techniques,63
direct contact outside core business hours & weekends,63
soil analysis,63
advanced ms excel,63
decision makers,63
sustainable growth,63
federal aviation regulations (far),63
big data platforms,63
ansi/isa,63
cardioversions,63
sap hybris,63
handheld systems,63
log management,63
copay collection,63
logbooks,63
voluntary accident insurance,63
certified coding specialist,63
return on investment (roi),63
latency,63
grocery retail experience,63
chronic medical conditions,63
business development strategy,63
paperwork handling,63
staff relations,63
floodplain management,63
high volume production,63
medical and retirement benefits,63
release,63
bakery experience,63
drivethru management,63
food preparation and handling,63
food preparation and serving,63
phone call,63
savings plans,63
abet accredited university,63
business economics,63
restricted reporting,63
service catalog,63
solid waste collection,63
education projects,63
oral/written communication,63
therapeutic counseling,62
minnesota rn license,62
fmcsa,62
armrit certification,62
shared ownership,62
cashback,62
faculty collaboration,62
apa,62
passion for fashion,62
mgma,62
teaching and mentoring,62
401 (k) savings plan,62
patient procedures,62
office coordination,62
patient outreach,62
sales/marketing,62
state bar association membership,62
minimum 2 years experience,62
contract pricing,62
language fluency,62
profit growth,62
deviation,62
nfpa 72,62
flexible and adaptable,62
client assistance,62
somali,62
medication ordering,62
passion for people,62
contract monitoring,62
residential setting,62
program activities,62
cardiac rhythms,62
big data analysis,62
audit schedules,62
school of medicine,62
signage placement,62
financial management systems,62
dod systems,62
court attendance,62
permanent placements,62
animal hospital,62
medication documentation,62
cataloging,62
discounted gym memberships,62
fosters cooperation and collaboration,62
legal risk assessment,62
onsite management,62
connect with students,62
dayforce,62
patient needs identification,62
sound decision making,62
ability to delegate,62
cash deposit,62
occurrencebased malpractice coverage,62
policy recommendations,62
occupational risk,62
new jersey rn license,62
feedback skills,62
backup support,62
area management,62
foundry,62
social club,62
backup solutions,62
commercial design,62
solutionoriented mindset,62
engagement strategies,62
air national guard (ang),62
test results analysis,62
moveins,62
expert witness testimony,62
ebus,62
force,62
wisconsin license,62
specification reading,62
accrediting institutions,62
access to a car,62
owners,62
skilled nursing facility (snf),62
quality assurance procedures,62
community outreach programs,62
analytical/problem solving skills,62
lamination,62
crossfunctional project teams,62
health fitness specialist,62
biosolids,62
growth and advancement opportunities,62
elicitation,62
exploratory data analysis,62
kitchen production,62
chef experience,62
us army corps of engineers,62
customer consultation,62
multicloud environments,62
ctpat,62
24hour support team,62
nys registered nurse license,62
nc rn license,62
referral bonus' 2nd to none!,62
food waste,62
client transportation,62
aloha,62
adobe professional,62
financial recordkeeping,62
compliance with policies,62
exploratory testing,62
ecfmg certificate,62
davinci resolve,62
sales specialist,62
cleanliness and maintenance,62
national criminal history check,62
instrumentation design,62
linear accelerators,62
troubleshooting and problemsolving,62
ability to talk and hear,62
service issues,62
rc care,62
addiction psychiatry,62
ergonomic assessments,62
sap s4 hana,62
laborer,62
it managed services,62
10key skills,62
health dental & vision insurance,62
production lines,62
commercial lines property/casualty loss control,62
test processes,62
balsamiq,62
scholars (leadership training),62
associate degree or higher,62
multiunit retail experience,62
english speaking,62
niosh,62
simple laceration repairs,62
online learning platform,62
r&d experience,62
dental office experience,62
facial aesthetics,62
communication coordination,62
wage and hour,62
equipment layouts,62
word processing skills,62
automotive service experience,62
conveying systems,62
health care systems,62
short term & long term disability,62
food sanitization,62
dental receptionist,62
employee perks and discounts,62
nursery practitioner,62
input signal,62
pediatric endocrinology,62
source selection,62
annual leave entitlement,62
capnography,62
monthly reconciliations,62
health care regulations,62
physical abilities: remain in a stationary position move about move equipment (50100lbs) pushing pulling bending.,62
time and motion studies,62
resident communication,62
climbing up to 6 feet,62
direct support professional (dsp),62
food safety audits,62
equipment engineering,62
training implementation,62
job,62
call shifts,62
indexes,62
crm databases,62
cd,62
higher education teaching experience,62
user experience (ux) design,62
user authentication,62
ai models,62
organizational standards,62
work outdoors,62
bed control,62
transplant modalities,62
case histories,62
policies and regulations,62
writing and communication,62
employed position,62
intraoral scanners,62
skid steer operation,62
coordinate measuring machine (cmm),62
ability to operate cash register,62
iso17799/27001/27002,62
subcontractor meetings,62
lucidchart,62
chainsaw operation,62
tx license,62
palo alto networks,62
cdl class a license,62
critical path method (cpm),62
supply chain analytics,62
continuing education stipend,62
problemsolving methodologies,62
personal services,62
sel,62
web application security,62
remote teams,62
indianapolis,62
d2l,62
solidworks electrical,62
wins,62
marketing concepts,62
analyzing information,62
technical mentoring,62
class a commercial driver's license,62
cloudtrail,62
corporate policies and procedures,62
pos register systems,62
canadian securities course,62
adl,62
picture archiving communication system (pacs),62
guestfocused,62
mobile device,62
sponsorships,62
technical investigations,62
national service experience,62
party planning,62
outstanding customer service,62
exposure to high pitched noises,62
monthly bonus program,62
capital calls,62
clinical selling,62
unsociable hours,62
kentec,62
maternal health,62
maternity and parental leave,62
economic modeling,62
pvg scheme,62
legal 500,62
acpe accredited immunization training,62
vip,62
sales experience (preferred),62
electronic control systems,62
behavior specialist,62
doctorate in nursing,62
french cuisine,62
529 college savings plan,62
clinical experiences,62
maintenance contracts,62
tax codes,62
precision maintenance,62
advanced markets team,62
rural medicine,62
monthly close,62
medical review,62
new york bar admission,62
code of federal regulations,62
cost balancing,62
ftth,62
ward rounds,62
hotel and restaurant management,62
no hospital rounds,62
mental wellness,62
knowledge of regulations,62
quality improvement skills,62
current automobile insurance,62
pin gauges,62
rn supervision,62
vacuum trucks,62
diploma nursing,62
integrated master schedules,62
bachelor's in finance,62
nursing operations,62
light bulb replacement,62
regular bending lifting carrying reaching and stretching,62
judgment capabilities,62
people analytics,62
anesthetic options,62
pmp (project management professional),62
industry partnerships,62
operational research,62
mobile notary,62
computer supplied,62
lwc,62
labor tracking,62
image quality evaluation,62
natural beauty,62
criminal record checks,62
im injections,62
api gateways,62
environmental investigations,62
teamoriented work,62
power generation and ups systems,62
crisis prevention intervention,62
complex situations,62
release notes,62
point click care,62
materials development,62
juicing,62
mass communications,62
quality of life improvement,62
maintenance leadership,62
rn or lpn,62
ability to match or discriminate between colors,62
technical developments,62
bachelor's in construction management or engineering,62
ipo,62
life/disability insurance,62
electronic data collection,62
doctrine,62
high school diploma or equivalency certificate,62
clinical microbiology,62
electromechanical equipment,62
lifting up to 25 lbs,62
certificate management,62
target identification,62
cnc lathes,62
no call required,62
safeguarding procedures,62
performancebased pay,62
certificate of sponsorship,62
horizontal violence,62
radiology license,62
8+ years construction experience,62
clinical presentations,62
long service award,62
* organization,62
working knowledge,62
ability to work in a variety of conditions,62
train the trainer,62
aflac hospital critical illness and accident plans,62
opendoor policy,62
iol master,62
procedural sedation,62
current events,62
lock out tag out,62
splunkfu,62
gift tax,62
marketing software,62
sitespecific requirements,62
labor requirements,62
steamers,62
pet adoption,62
1 year of related experience,62
corers,62
iet,62
ciwem,62
pm&r,62
frequent activity: standing walking climbing bending reaching above shoulder pushing pulling,62
database testing,62
risk profiles,62
cigna health insurance,62
term life and ad&d insurance,62
field personnel,62
residency program completion,62
external agencies,62
processing options,62
vendor management experience,62
completing all required paperwork and documentation,62
online chat,62
construction permits,62
preceptorship program,62
credit and loyalty programs,62
hospital information system (his),62
launch,62
game strategy,62
work environment maintenance,62
drinking water,62
dysrhythmia recognition,62
design deliverables,62
orientation of new staff,62
clinical nursing care,62
microsoft exchange server,62
doctor of optometry (od),62
bachelor's degree in engineering or business,62
key opinion leaders,62
high school diploma/ged or equivalent work experience,62
site utilities,62
medical equipment handling,62
hazardous area classification,62
high volume environment,62
incident command,62
supervisory control and data acquisition (scada),62
data analysis techniques,62
caesar ii,62
master's degree in nursing or related field,62
organization design,62
multitask,62
general skills,62
lawn maintenance,62
training curriculum development,62
shift differential pay,62
endorsement processing,62
requirements writing,62
lifting (up to 50 pounds),62
order management systems,62
bilingualism (english/french),62
evangelism,62
cultural amenities,62
remedial actions,62
vital signs recording,62
radiographic positioning,62
ability to verbally communicate with customers and colleagues,62
treatment strategies,62
lifting and carrying up to 50 pounds,62
prospect qualification,62
kuka,62
drafting software,62
ethical leadership,62
credentialed,62
mobile platforms,62
mri procedures,62
bill of lading,61
technology products and services,61
dish install,61
restorative procedures,61
customer and personal service,61
global supply chain,61
output signal,61
resident engineer,61
independent problem solving,61
food sales,61
communication and negotiation,61
family preservation,61
plant pathology,61
* high school diploma,61
active directory management,61
fire/life safety systems,61
group insurance plan,61
employerpaid taxes,61
water treatment plants,61
financial statement reporting,61
retouching,61
ability to work in a highenergy environment,61
red hat enterprise linux (rhel),61
face mask,61
daily management,61
physical abilities: remain in a stationary position move about move equipment (50100lbs) pushing pulling bending,61
nutritionist,61
work process improvement,61
opportunity qualification,61
postsales support,61
reporting standards,61
goal management,61
length of stay management,61
acsm certification,61
transparent,61
case investigation,61
12 hours,61
purchase accounting,61
yard associate,61
evidencebased treatment approaches,61
financial services industry knowledge,61
configuration management (cm),61
building repair,61
physical security systems,61
health status assessment,61
iv contrast administration,61
retail store environment,61
dsd policies,61
aws technologies,61
electronic troubleshooting,61
fair lending,61
drainage plans,61
terminal services,61
sap / erp,61
psychological care,61
cic certification,61
petct,61
raw material management,61
weekly reporting,61
physicianowned,61
transaction monitoring,61
personal lines account management,61
outpatient therapy,61
optimistic,61
distribution center experience,61
enhanced disclosure and barring service (dbs) check,61
endstage renal failure,61
3+ years accounting experience,61
solidworks pdm,61
level transmitter,61
email communications,61
laboratory processing,61
ventilator training,61
osha10 certification,61
1 year of nursing experience,61
intercompany reconciliation,61
tuition coverage,61
blood and body fluids,61
biomanufacturing,61
decisionmakers,61
merchandise display building,61
product assortment,61
sumifs,61
coding guidelines,61
food safety and quality,61
aphra registration,61
imc,61
inperson teaching,61
experience with diverse populations,61
utility plans,61
serious mental illness,61
investment recommendations,61
contract performance,61
state codes,61
discounts on gym memberships,61
tier 2 support,61
mechanical installation,61
teaching materials,61
electrocautery,61
digital cameras,61
company sponsored events,61
ability to communicate in other languages,61
ability to work with confidential information,61
team integration,61
cpg industry,61
navfac,61
early years foundation stage,61
ffp,61
patient safety goals,61
tissue preparation,61
pediatric intensive care unit (picu),61
medical specialty,61
ability to process information/merchandise through pos register system,61
virginia driver's license,61
quality results,61
social services experience,61
data visualisation,61
parttime hours,61
no oncall,61
soe,61
therapeutic support,61
corporation tax computations,61
corporation tax returns,61
digital equipment,61
commission on osteopathic college accreditation of the american osteopathic association,61
dec,61
sprint management,61
mixedsignal design,61
employee referral,61
costx,61
effective written and oral communication,61
effective written and verbal communication skills,61
* microsoft office,61
price accuracy,61
daily paye payroll,61
clinical care delivery processes,61
lighting control systems,61
clinical professional development,61
design integration,61
dog training instructor program,61
pads,61
technology comfort,61
asme codes,61
electronics technician,61
house keeping,61
architectural drafting,61
health care field,61
conversational skills,61
short term acute care hospital,61
serviceoriented architecture (soa),61
universal design for learning,61
rn license (california),61
field exercises,61
medical indemnity insurance,61
athenahealth,61
new product introductions,61
pto package,61
* bachelor's degree,61
nyc,61
chief engineer,61
test environments,61
ability to adapt to changes,61
ability to push/pull up to 20 pounds,61
thirdparty logistics,61
valid driver's license with clean driving record,61
shortage control,61
convenience store operations,61
associate degree or equivalent,61
malpractice insurance eligibility,61
jde world,61
european languages,61
professional staff nurse,61
nclexpn,61
performance criteria,61
vision and dental coverage,61
closing store,61
webapi,61
mechanical abilities,61
creative marketing,61
requirements validation,61
rcvs membership,61
good computer skills,61
community health care,61
start date,61
foreman experience,61
dispensing medications,61
sortation systems,61
educational presentations,61
microsoft office (word outlook excel),61
bachelor's in computer science or related field,61
sales performance improvement,61
casac,61
mental fitness,61
imaging parameters,61
resource efficiency,61
real estate industry,61
acm,61
veneers,61
hygiene practices,61
lawyer,61
american nurses association (ana),61
digital innovation,61
professional guidelines,61
pmt and deescalation techniques,61
intellectual and developmental disabilities,61
process improvement projects,61
hand truck operation,61
loading and unloading equipment,61
duty management,61
hand weights,61
tree identification,61
compliance tracking,61
spinal anesthesia,61
mixeduse,61
team development skills,61
meal stipend,61
registered pharmacist,61
ability to carry,61
graphic presentation,61
intellectual property management,61
local staffing,61
local state and federal laws,61
karl fischer,61
ndis worker screening,61
afsim,61
technical meetings,61
veterans preference,61
owl,61
life and ad&d coverage,61
posters,61
data migrations,61
administration and management,61
preventive maintenance (pm),61
comprehensive full mouth exams,61
riskbased approach,61
electrocardiograph tech,61
patient aligned care team (pact),61
active ptin,61
cross sectional anatomy,61
healthcare options,61
healthcare needs,61
proof of auto insurance,61
team morale,61
hybrid teaching,61
process oriented,61
business process understanding,61
asam,61
4+ years of software engineering experience,61
cpr for the professional rescuer,61
diagnostic techniques,61
insurance accounting,61
financial analysis software,61
interrogation,61
med surg nursing,61
functional medicine,61
embedded systems design,61
ability to determine distance/relationship between objects; depth perception,61
clinical compliance,61
luxury fashion,61
information technology systems,61
pipedrive,61
heights work,61
structure design,61
staff coverage,61
vascular technologist,61
inclusive learning environment,61
financial disclosure report,61
information operations,61
case mix weight,61
live support,61
supplier liaison,61
public health policy,61
registered medical assistant (rma),61
code of conduct adherence,61
ownership opportunities,61
subject consent forms,61
procedural documents,61
malware,61
nasm certification,61
linear response,61
cardiology experience,61
ability to follow safety procedures,61
safe work environment maintenance,61
ability to lift up to 35 pounds,61
happiness,61
acls and bls certification,61
staff benefits,61
ancillary benefits,61
dod acquisition,61
cfa certification,61
mixedsignal circuit design,61
postgraduate training,61
topographic surveying,61
workloads,61
workmanship standards,61
travel consulting,61
emea,61
ce reimbursement,61
certified occupational therapist assistant,61
pv,61
shift leader certification,61
4+ years of relevant experience,61
data requests,61
inventory functions,61
matrix,61
cost saving initiatives,61
conduits,61
safety conscious,61
baseline security clearance,61
api documentation,61
aci 318,61
aquifer testing,61
myhealthyvet,61
program analyst,61
survey readiness,61
valuesdriven culture,61
personal and professional integrity,61
course outlines,61
cardiac anesthesia,61
tlc,61
digital twin,61
guest requests,61
national nursing certification,61
power distribution equipment,61
knowledge of safety guidelines,61
stress resilience,61
claim resolution,61
feeding tubes,61
operating cash registers,61
craps,61
patient exposure,61
scrum ceremonies,61
deposit accounts,61
library services,61
paid utilities,61
social media programs,61
physician licensure,61
laundry operations,61
postgraduate qualification,61
microsoft defender,61
area sales manager,61
ahs staffing,61
delay analysis,61
groundwater modeling,61
personal drive,61
er holding,61
tenacious,61
professional engineering license (pe),61
estate agent,61
storyboards,61
objectoriented development,61
eye movement desensitization and reprocessing (emdr),61
trade associations,61
facility and safety control policies,61
virtualisation,61
2 years supervisory experience,61
asset management software,61
law firms,61
footnotes,61
inspection planning,61
deliverable management,61
specifications writing,61
meeting deadlines under pressure,61
guides,61
master's degree in electrical engineering,61
multilimb coordination,61
toast,61
2+ years of management experience,61
medical clearances,61
business decisionmaking,61
design support,61
interest,61
treatment plan modification,61
corporate experience,61
image archiving,61
naeyc standards,61
schedule of values,61
cultures,61
ability to handle physical demands,61
event planning and coordination,61
computerbased programs,61
additional voluntary benefits,61
rfi response,61
superintendents,61
nist sp 80053,61
quantitative data,61
previous experience as a mental health counselor,61
guidance and counseling,61
civil service pension scheme,61
processing payments,61
business advisory services,61
health and safety programs,61
emissions,61
bachelor's in finance or accounting,61
diversity promotion,61
mri tech,61
origination,61
icu/ccu experience,61
plants,61
disciplining employees,61
hiring skills,61
site experience,61
shingles,61
jax,61
control schematics,61
instrument count,61
ownership mindset,61
audience analysis,61
veterinary knowledge,61
basic combat training,61
child/adolescent psychiatry,61
updating,61
criminal procedure,61
moderate to loud noise,61
dependencies,61
leave programs,61
nurse aide,61
culture development,61
ohio driver's license,61
health records management,61
walkin clinic,61
teaching credential,61
safety instructions,61
premium pay packages,61
800 clinics,61
client handling,61
technology platform,61
dispatch management,61
sig hazard: chemicals bio hazardous materials req ppe,61
installer,61
factorytalk view,60
mining operations,60
engineering design principles,60
forklift maintenance,60
minimum wage,60
customizations,60
purchase management,60
ll.m.,60
problemsolver,60
cpd training,60
harvest,60
test management tools,60
working flexible hours,60
physical abilities: from 50100lbs,60
bw,60
high emotional intelligence,60
first aid & cpr,60
lifting capacity,60
vna,60
quarterly reporting,60
a/c system services,60
corporate events,60
license in good standing with the applicable state veterinary board,60
aas degree,60
curricula,60
expense reduction,60
pavements,60
state licensed,60
acute hemodialysis,60
yearend accounts,60
project stakeholder management,60
skip tracing,60
learning and adaptability,60
clinical genetics,60
driven to succeed,60
top secret clearance with sci eligibility,60
unit secretary,60
partner,60
repair order management,60
asset maintenance,60
computer troubleshooting,60
traffic impact studies,60
online counseling,60
treatment prescription,60
vulnerable sector screening,60
balance sheet management,60
lost and found procedures,60
rics membership,60
implementation skills,60
data distribution,60
disclosure,60
team building activities,60
profile creation,60
basic mathematics skills,60
integrated project delivery,60
or nursing,60
master production scheduling,60
licensed clinical psychologist,60
event planning skills,60
access to transportation,60
wincc,60
feasibility study,60
patient financial services,60
merit promotion/excepted services procedures,60
sound systems,60
technical work,60
u.s. marine forces reserve (marforres),60
it software,60
registered health information technician (rhit),60
block diagram,60
digital proficiency,60
style guide,60
u.s. navy reserve (usnr),60
disciplined,60
land application,60
microcomputer experience,60
certified strength and conditioning specialist (cscs),60
parking management,60
electronic communications,60
night shift availability,60
equal employment opportunity policy,60
knowledge of safety policies,60
usps,60
ability to manage store supplies and expense control,60
support network,60
tax obligations,60
slope stability analysis,60
maintaining store cleanliness,60
schedule risk analysis,60
filenet,60
preplacement health evaluation,60
cpra,60
valueadded solutions,60
monday to friday work schedule,60
aws ec2,60
regulatory analysis,60
ability to climb up and down ladders,60
rent collections,60
fullstack engineering,60
course evaluation,60
computerbased training (cbt),60
crawl spaces,60
database knowledge,60
fea analysis,60
sap certification,60
poverty alleviation,60
central line placement,60
project handover,60
hospitality services,60
arrt (mr),60
français,60
budget constraints,60
jcids,60
financial aspects,60
american registry of radiologic technologist,60
data entry and management,60
manage staff,60
work delegation,60
studio art,60
beneficial end use,60
expense reconciliation,60
hvac (tonnage location and distribution),60
primary care networks,60
work habits,60
dilation,60
tax optimization,60
reusability,60
temporary and permanent placement opportunities,60
event staffing,60
storage tanks,60
hiring practices,60
special events planning,60
business opportunity identification,60
field superintendent,60
building control systems,60
dmh,60
situation analysis,60
regulatory training,60
regulatory trends,60
skilled labor,60
rehab experience,60
experience working in a fastpaced environment,60
sssc registration,60
nonclinical professionals,60
dev ops,60
perkspot discount program,60
food and beverage quality control,60
podcasting,60
industrial setting,60
course scheduling,60
loyal,60
5 years related experience,60
privacy standards,60
treatment skills,60
project lead experience,60
computer software skills,60
ability to sell products and services,60
mental health peers,60
investigating,60
reconstruction,60
nursing jobs,60
record preparation,60
complex queries,60
women's and children's care,60
labor budgeting,60
image recognition,60
ehs audits,60
outstanding employee benefits,60
remote onboarding,60
lead superintendent,60
technical team leadership,60
crossfunctional alignment,60
vault operations,60
safety program development,60
sap business objects,60
certified peer specialist,60
working in a team environment,60
npv,60
control environment,60
good housekeeping,60
flexibility in schedule,60
process planning,60
digital marketing tools,60
multiple task management,60
injection moulding,60
ul standards,60
supplemental and permanent healthcare staffing,60
physician assistant job board,60
collaboration platforms,60
trading strategies,60
acute and chronic conditions,60
heart rate,60
radiation hazards,60
live streaming,60
windows pc,60
telehealth technologies,60
ad hoc requests,60
preferential banking services,60
product detail page optimizations,60
operations coordination,60
energy projects,60
spinal,60
project quality control,60
med surg rn,60
ai tools,60
attendance policies,60
individual,60
barriers,60
paperwork and documentation completion,60
osha (occupational safety and health administration),60
ability to work outside,60
active law license,60
researchbased curriculum,60
automated testing tools,60
menu selection,60
career ladder,60
collimation,60
academic health systems,60
career path opportunities,60
coaching and training skills,60
cre,60
respirator usage,60
solar experience,60
cwi,60
team objectives,60
storm drainage,60
ability to move quickly,60
xsd,60
fiberglass,60
application servers,60
sales target,60
land use law,60
personability,60
klaviyo,60
probability theory,60
stocks,60
scratch kitchen,60
procuretopay,60
produce,60
productivity targets,60
counterintelligence polygraph,60
drug enforcement administration (dea),60
drug enforcement administration (dea) license,60
operations engineering,60
real estate valuation,60
ability to stand walk and move around for long periods of time,60
process characterization,60
bachelor's degree in computer science or information systems,60
agency benefits,60
aed training,60
actions,60
motivational interviewing (mi),60
teleworking,60
restricted radio operator's permit,60
test data management,60
mig,60
liability assessment,60
access to your loyalty rewards,60
positive behavior support plans,60
database creation,60
quantity reporting,60
government compliance,60
supported living,60
motor vehicle license,60
career development program,60
magnet status,60
private client solicitor,60
handbooks,60
memcached,60
angular.js,60
chemical dependency counseling,60
student debt relief,60
nestjs,60
infusion experience,60
creative arts,60
performance driven culture,60
business ownership mentality,60
profit distribution,60
behaviorbased safety,60
onc,60
client acquisition techniques,60
uber,60
technical staff,60
u.s. coast guard reserve (uscgr),60
quality program,60
protection systems,60
rare diseases,60
door installation,60
patient satisfaction surveys,60
academic teaching,60
bs in mechanical engineering,60
dedicated personal recruiter,60
regular and consistent attendance,60
direct care staff,60
class a pharmacists license,60
mental components,60
laboratory information management systems,60
ability to work crossfunctionally,60
acls/bls certification,60
methodology development,60
use tax,60
independent licensure,60
xd,60
therapeutic actions,60
national certifications,60
comprehensive health care organization,60
neuropsychological testing,60
apparel experience,60
etfs,60
nationwide job opportunities,60
cinemark's guidelines,60
tennessee driver's license,60
regular employee status,60
target policies and procedures,60
medical imaging software,60
operability,60
operable vehicle,60
competitive pay and benefits,60
project management processes,60
coordination and arc flash analysis,60
acute care certification,60
chest tube,60
holiday time off,60
employability skills,60
buffalo chopper,60
spectrophotometry,60
preventive health,60
ides,60
ability to follow procedures,60
physician supervision,60
disability confident leader,60
family meetings,60
memorandum writing,60
computational linguistics,60
validation rules,60
documentum,60
oral arguments,60
pacific northwest,60
utility management,60
creative media,60
corporate training,60
neuroimmunology,60
bilingual (englishspanish),60
lifting up to 20 pounds,60
cutters,60
verbal and nonverbal communication,60
water chemistry,60
fixture installation,60
retail operations knowledge,60
living allowance,60
medical technician,60
ojt,60
rivers,60
certified information security manager (cism),60
fee estimates,60
hris management,60
polish,60
free education opportunities,60
energy calculations,60
food security,60
collecting,60
compliance skills,60
regulatory oversight,60
willing to travel,60
market share analysis,60
audit documentation,60
power pivot,60
pa certification,60
caltrans,60
lightning web components,60
general nursing care,60
finance industry,60
ability to access all areas of the restaurant,60
operation manuals,60
timeline,60
performance based incentive compensation,60
design for six sigma,60
preschool teaching,60
microsoft office (word powerpoint excel),60
1 year supervisory experience,60
kansas,60
doctor of podiatric medicine (dpm),60
foley catheter care,60
advanced microsoft excel,60
american medical association (ama),60
diagnostic evaluation,60
team leadership and motivation,60
documentation of care,60
motivation to learn,60
open continuous announcement,60
timely delivery,60
organizational savvy,60
free physician and physician assistant job search,60
operations and maintenance manuals,60
nmls certification,60
401k employer match,60
exercise instruction,60
district nursing,60
commuter program,60
firmware design,60
basic cardiac life support (bls) certification,60
technology application,60
crs,60
deviation management,60
stooping kneeling crouching or crawling,60
fixedwing pic,60
community settings,60
physical ability to perform job duties,60
crm (salesforce.com),60
table setup,60
information security policies,60
moving parts,60
scrap,60
medical forms,60
patient centered specialty practice,60
correctional setting,60
environmental restoration,60
cna (certified nursing assistant),60
atex,60
work practices,60
pittsburgh,60
current good manufacturing practices (cgmps),60
data transit,60
data transmission,60
machine installation,60
research program development,60
docs,60
fire sprinkler,60
locks,60
1 link,60
amazon ads,60
bachelor's degree in healthcare,60
periodontist,60
planning tools,60
backup care,60
private rooms,60
nursing activities,60
collaboration with specialists,60
limited scope representation,60
a&e nursing,60
director of imaging services,60
opening procedures,60
ssl/tls,60
microphone,60
capture planning,60
private healthcare scheme,60
b.s. in civil engineering,60
nursing assessment tools,60
weekend/holiday rotation,60
product roadmapping,60
ability to reach above the shoulder frequently,60
dsa,60
b.s. in computer science,60
sop adherence,60
preventative maintenance programs,60
store performance,60
u.s. air force reserve (usafr),60
laser safety,60
removable prosthetics,60
legal education,60
restaurant policies and procedures,60
medical doctorate,60
corrigo,60
small parts,60
respiratory support,60
incident tracking,60
dismantling,60
project audits,60
customized services,60
structural repair,60
consensus,60
optical standards,60
proactive work style,60
tech lead,60
candidate relationship management,60
microsoft office suite (excel outlook word),60
rooted in respect,60
regulated health professions act,60
regulated health professions act (rhpa),60
drafting standards,60
iata,60
hipaa (health insurance portability and accountability act),60
nmap,60
data audit,60
data audits,60
azure appinsights,59
physical therapist (pt),59
product qualification,59
storage administration,59
hipaa privacy final rule,59
sarbanes oxley compliance,59
commercial focus,59
scientific background,59
electric car scheme,59
series 63 license,59
intensivists,59
sharepoint administration,59
petco positive dog training program,59
employment application,59
placements,59
rmp,59
medical emergencies response,59
4 year degree,59
development processes,59
trim carpentry,59
years of experience: 2,59
political outreach,59
selfmanagement support,59
reading schematics,59
safety and security management,59
flight training,59
program policies,59
analyzers,59
volunteer coordinator,59
knowledge of laws and regulations,59
icar training,59
cognitive abilities,59
spinal surgery,59
input,59
system configurations,59
red teaming,59
face masks,59
working closely with others,59
online therapy,59
advanced communication,59
legal concepts,59
senior level management,59
typewriter,59
pragmatic approach,59
ncarb certification,59
ms applications,59
spirits knowledge,59
roadway maintenance,59
food safety and quality control,59
clean restroom,59
free copy of turbotax live,59
bilingual spanish (certain locations),59
independent prescribing,59
housing law,59
insurance certificates,59
municipal codes,59
new procedures,59
modelsim,59
modeling tools,59
lift truck operation,59
esb,59
ferpa compliance,59
safety auditing,59
equipment improvement,59
pressure gauges,59
architectural principles,59
alaska registered nurse license,59
2 years' experience,59
speaking clearly,59
relationship issues,59
education services,59
analytical and organizational skills,59
associate of science in nursing,59
portals,59
job description writing,59
internal and external stakeholders,59
plats,59
paging system,59
evs,59
legal industry,59
compliance reports,59
method statement,59
bar,59
willingness to travel and relocate,59
sourcing strategy,59
medical setting,59
sales ledger,59
critical infrastructure,59
pediatric primary care,59
payment authorization,59
single point of contact,59
active state license or nlc in good standing,59
rectifiers,59
indiana state license,59
recruitment software,59
pediatric residency program,59
med surg/tele,59
construction concepts,59
flexible/remote work options,59
atlassian confluence,59
senior living experience,59
marketing and promotion,59
clinical assistance,59
employee rewards,59
relays & timers,59
latest technology,59
teller functions,59
fiber optic cable installation,59
information technology management,59
diagnostic medical sonographer,59
resource estimation,59
hotel sales,59
mental concentration,59
rapid screening tests,59
billing and insurance,59
daily rounds,59
use of hands,59
cpa qualification,59
senior network engineer,59
ability to lead,59
child abuse history clearance,59
ability to work outdoors in all weather conditions,59
food preparation and service,59
rtu,59
time impact analysis,59
unified modeling language (uml),59
basis of estimates,59
servicenow platform,59
competency requirements,59
gsa,59
cross coverage,59
financial sales,59
payment terms,59
system diagnostics,59
cgmp manufacturing,59
access to online portal,59
knowledge of regulatory standards and compliance requirements,59
loading merchandise,59
nonmedical support,59
mobile practice,59
team oriented environment,59
oracle cloud demand management,59
ability to lift up to 30 lbs.,59
cleaning tasks,59
disaster recovery plans,59
visual and hearing standards,59
wisconsin registered nurse license,59
hr advisor,59
unified facilities criteria,59
class a cdl license,59
indicators,59
cfo,59
middle school,59
intake and output recording,59
playground supervision,59
sustainable construction,59
construction management experience,59
watchman,59
packing and unpacking,59
embedded insurance,59
compliance and risk management,59
guest inquiries,59
survivability,59
ability to work oncall,59
reading and interpretation,59
specialty surgical staffing,59
healthcare operations management,59
* patient care,59
b2c marketing,59
code management,59
health and wellness incentives,59
multiagency collaboration,59
camera systems,59
production incentives,59
production improvement,59
manufacturing facility,59
offices,59
visual activities,59
general liability coverage,59
active adjusters license,59
applies basic principles of retail,59
monthly closing,59
basic accounting principles,59
claim processing,59
medical record system,59
wifi connection,59
new product rollouts,59
microwaves,59
traditional marketing,59
rulings,59
registered professional engineer (pe),59
safetyoriented,59
employee mentoring,59
commercial leases,59
subconsultant coordination,59
instrumentation and controls,59
comptia security +,59
sales potential,59
qliksense,59
interiors,59
syslog,59
property adjusting,59
food handling techniques,59
heat drying,59
heat transfer systems,59
opening cartons and totes,59
perks program,59
warm calling,59
cardiographic tech,59
level 3 nicu,59
dgl,59
safetyfirst mindset,59
equality diversity and inclusion (edi),59
inventory discrepancies,59
basic iv therapy,59
dealer management,59
mes (manufacturing execution system),59
patient status assessment,59
performance tracker,59
subsurface investigations,59
psychotherapeutic interventions,59
water quality monitoring,59
frame relay,59
selfappraisal,59
discernment,59
jct contracts,59
crisis plans,59
recreational opportunities,59
technical implementation,59
masking,59
washington d.c.,59
medical products,59
sponsorship management,59
cell phone discounts,59
prisma health nurse residency program,59
florida bar license,59
salaried position,59
unionized environment experience,59
websockets,59
rna,59
maintenance and cleanliness,59
entity formation,59
mechanical systems design,59
ddl,59
catheterization laboratory technician,59
bioscience,59
oneonone skills training,59
windows server os,59
sap clearance,59
c# .net,59
license management,59
digital signal processing (dsp),59
cost of goods sold,59
osha 10/30,59
site conditions,59
driven to achieve goals,59
omnichannel marketing,59
selfcheckout,59
complications,59
paid vacation and sick leave,59
effective listening,59
dairy science,59
vendor support,59
specialized services,59
cyber threat intelligence,59
professional designations (cfp crpc),59
integrated master schedule,59
drive systems,59
multidisciplinary team coordination,59
soldiering skills,59
subject recruitment,59
infant/child and adult cpr/aed certification,59
surgical tech national certificate,59
ability to drive a vehicle,59
public law,59
quantitative field,59
english (oral and written),59
vehicle ownership,59
carlson,59
socialemotional development,59
health and safety (h&s),59
iq testing,59
master of social work,59
frequent stooping,59
standard costs,59
proficient with microsoft office,59
hardware management,59
stock shelves,59
lpl financial,59
referral source,59
read,59
eprocurement,59
orion,59
opensource tools,59
innovation management,59
ram structural system,59
key holder,59
inverter,59
slurm,59
cisco ucs central,59
pharmacological agents,59
pcqi certification,59
it tools,59
community needs,59
data coordination,59
import,59
payroll submission,59
system modifications,59
travel logistics,59
3d imaging,59
vehicle servicing,59
project economics,59
park maintenance,59
sensor data monitoring,59
openid connect,59
aerospace and defense industry,59
software asset management,59
blscpr certification,59
quality documents,59
ability to stand sit kneel crouch crawl bend climb or balance on a ladder,59
vaccinated against covid19,59
server installation,59
progress payments,59
first or secondclass faa medical certificate,59
excellent oral communication skills,59
military training network,59
project standards,59
bilingual abilities,59
drill,59
fast pace environment,59
mission systems,59
talent strategy,59
aerosol therapy,59
first day medical/dental/vision,59
assembly experience,59
leadership positions,59
oneonone care,59
profit & loss statements,59
oracle cloud sales & operations,59
crosssections,59
electrical plans,59
nuclear power plants,59
childcare support,59
menu execution,59
college savings plans,59
labor and delivery nurse,59
dmz,59
online applications,59
nicu rn,59
commercial insurance inspections,59
american society for clinical pathology,59
public procurement,59
vascular access registered nurse (varn) program,59
csslp,59
m3,59
fuel,59
bing,59
professional fees,59
business and management principles,59
licensed practical nurse license,59
ability to work in a warehouse environment,59
apprenticeship training,59
aaccn,59
field studies,59
united states work authorization,59
journeyman's license,59
dedicated support team,59
ability to use a ladder,59
refinery operations,59
medication assistance,59
installation coordination,59
aftersales management,59
human capital management (hcm),59
discount portal,59
itemizing and totaling purchases,59
prosci,59
graphics design,59
therapy staffing,59
lifting up to 30 pounds,59
c programming language,59
vendor oversight,59
meat slicer,59
comprehensive health plans,59
group exercise instructor,59
engine maintenance,59
board eligible or certified,59
magnet® designation,59
sec+,59
cost center management,59
chip design,59
accessibility accommodations,59
certified nurse midwife (cnm),59
microsoft office (word & excel),59
capa management,59
target audiences,59
cnc machinist,59
paid private housing and utilities,59
management or supervisory experience,59
good communicator,59
tunneling,59
arrt/nmtcb certification,59
data segmentation,59
safe practice,59
backgrounds,59
seasonality,59
bakery management,59
benefits programs,59
analysis of alternatives,59
tsam orientation model,59
recall,59
electroencephalography (eeg),59
patient care procedures,59
home therapies,59
surrogacy expense reimbursement,59
401 k,59
cash referral program,59
ability to problem solve,59
preventative healthcare,59
contract manufacturers,59
supervising staff,59
scientific journals,59
creative activity,59
performance enhancement specialist (pes),59
research reports,59
medical home model,59
ability to relocate out of state,59
emergency room (er) experience,59
magic circle,59
tuition waivers,59
customer/patient focus,59
cryopreservation,59
casts,59
vapors,59
lenovo xclarity administrator,59
group fitness certification,59
connecticut,59
amortization,59
sephora,59
training and instruction,59
research plans,59
dyslexia,59
lifting devices,59
cigre,59
nurse supervision,59
home working,59
field environment,59
clothing allowance,59
court decisions,59
metrics management,59
oracle cloud supply chain collaboration,59
variable pay,59
aws tools,59
differential equations,59
inhouse experience,59
learning skills,59
minimum 2 years rn experience,59
pantry,59
women’s business enterprise,59
ncrs,59
prescribing authority,59
generator,59
microsoft office suite (excel word outlook powerpoint),59
excellian,59
plant operations management,59
gift cards,59
tenure track,59
12hour overnight shift,59
corrective exercise specialist (ces),59
accounting manager,59
material scheduling,59
msproject,59
management software,59
openmp,59
cafm systems,59
facs,59
faculty recruitment,59
golf course maintenance,59
publication writing,59
tracing,59
azure application gateways,59
j1939,59
auto mechanics,59
logic analyzer,59
tuberculosis clearance,59
current motor vehicle insurance,59
retail supervisor,59
ability to deal effectively with stressful situations,59
urgent care center,59
ability to freely access all areas of restaurant including selling floor(s) stock area and register area,59
bright lights,59
laboratory quality control,59
compliance procedures,59
audit manager,59
military installations,59
internal medicine residency program,59
knowledge of inventory management and merchandising practices,59
breakfast chef,59
tickets at work,59
social inclusion,59
windows desktop,59
csdm,59
application performance,59
engineering change proposals,59
project management certifications,58
hot work,58
smsts certification,58
senior quantity surveyor,58
hotel management software,58
modems,58
workman's compensation,58
accommodation for disability,58
crisis prevention institute (cpi) certification,58
510 years experience,58
dentally,58
evidencebased nursing care,58
sales management software,58
event technology,58
computer systems engineering,58
integrated logistics support (ils),58
project feasibility,58
evidencebased patient care,58
black box testing,58
wound assessment,58
technology selection,58
ra,58
financial statements preparation,58
basic math and computer skills,58
email and phone communication,58
financial statement auditing,58
evidencebased treatment modalities,58
hospital maintenance,58
gastro pub,58
basic life support for healthcare providers,58
housing services,58
cognitive science,58
policy and procedure writing,58
integration and test,58
sports injuries,58
pain control,58
failure modes,58
ability to pass background checks,58
tam,58
atmospheric conditions,58
smartphone or tablet usage,58
crew coordination,58
integration technologies,58
straumann,58
business process redesign,58
labelers,58
one firm service mindset,58
nurse specialty,58
cross utilization,58
effective,58
engineering design software,58
engineering economics,58
forklift operator,58
contractor communication,58
agacnp,58
facsimile equipment,58
passion for hairstyling,58
crosscultural collaboration,58
artistic design team,58
gamp,58
credit processing,58
therapist portal,58
organizational mission,58
business strategy development,58
basic life support (cpr),58
retirement funds,58
people strategy,58
technology training,58
weekend shift,58
national board for certification in occupational therapy,58
medical history collection,58
compressed hours,58
ux writing,58
wet and/or humid conditions,58
appraising performance,58
whole life insurance,58
printer maintenance,58
thrift,58
lab analysis,58
social behavior,58
parenteral nutrition,58
health professionals,58
interaction skills,58
pcbs,58
logic design,58
benefit packages,58
xilinx vivado,58
concrete estimating,58
arrythmia interpretation,58
account payable,58
ticket coordination,58
accessibility testing,58
occupational therapist assistant,58
annual profit distribution,58
electronics assembly,58
apprentices,58
certified internal auditor,58
pc usage,58
physical stamina and strength,58
contract provisions,58
building surveys,58
fusion 360,58
selforientation,58
operating room registered nurse,58
operating room environment,58
salary increases,58
design review meetings,58
theatre practitioner,58
conditional formatting,58
theatre experience,58
cme (continuing medical education),58
progress billing,58
transportation of patients,58
iv contrast,58
board of certification (boc),58
minimum 18 years old,58
good attitude,58
administration experience,58
passion for maintaining a healthy and safe environment,58
clutches,58
electronic records management,58
home health agency,58
rfi process,58
design verification testing,58
workplace inspections,58
cash collections,58
ceu/cmes,58
pacu/prepost op rn,58
conference fees,58
calendly,58
bag checks,58
hand tool,58
system logs,58
desire to win,58
release of information,58
organizational and project management skills,58
rapid results,58
five or more years of nursing experience,58
newscasting,58
inside sales experience,58
working with others,58
asylum,58
employability,58
colleague recognition program,58
raspberry pi,58
rota creation,58
client base management,58
program reporting,58
grossing,58
ground improvement,58
yields,58
challenging projects,58
active lifestyle,58
collecting payment from customer and making change,58
texas nurse practice act,58
system controls,58
portable book of business,58
animal shelters,58
optimisation,58
nursewallet app access,58
structural analysis programs,58
exercise programming,58
social security number,58
texas board of nursing,58
bank products and services,58
10hour shift,58
ability to educate guests and sell products and services,58
internal quality audits,58
payment arrangements,58
defibrillators,58
mechanical understanding,58
functional goals,58
filtration systems,58
biopharma,58
inpatient consultations,58
accounting and finance,58
laundry services,58
educational plans,58
refrigerated,58
dispatcher,58
engineering best practices,58
losses,58
inpatient and outpatient care,58
conformance,58
equity ownership,58
charge experience,58
pavement markings,58
general practice experience,58
flexibility in work hours,58
sanger sequencing,58
hvac service,58
nbs,58
partnership allocations,58
charitable opportunities,58
improvement initiatives,58
mineral processing,58
one year rn experience,58
career path development,58
field supervisor reporting,58
plant knowledge,58
stooping and kneeling,58
court reports,58
hardware architecture,58
profit and loss statement analysis,58
omni channel,58
internship programs,58
alimony,58
safety experience,58
apta accreditation,58
stocking and inventory management,58
security programs,58
client partnerships,58
quality improvement plans,58
closeout documents,58
security posture,58
agile/scrum methodology,58
security planning,58
wellness centers,58
equipment scheduling,58
swimming pool maintenance,58
volvo,58
navigation systems,58
ability to lift up to 100 pounds,58
care standards,58
plant,58
agile tools,58
towing,58
lcme,58
employee ownership culture,58
current reference,58
appleone,58
swallowing disorders,58
full support staff,58
safety communication,58
software as a service,58
ability to work overtime as required,58
field conditions,58
mvc framework,58
highperformance networks,58
clinical trial monitoring,58
vendor risk management,58
curriculum alignment,58
school health services,58
california class c driver license,58
manpower requirements,58
merit promotion plan,58
backroom operations,58
problem troubleshooting,58
monitoring and evaluating patients,58
cherry picker,58
equipment costs,58
preparedness,58
planning meetings,58
neutering,58
real estate agents,58
intravenous anesthesia,58
personal skills,58
practical problem solving,58
azure monitor,58
construction engineering technology,58
early learning,58
construction estimates,58
olfactory sensory function,58
team member relations,58
child,58
documentation and recordkeeping,58
kibana logs,58
lung cancer,58
office and clinical technologies,58
optical dispensing,58
nosql database,58
lung surgery,58
full current and unrestricted license to practice psychology,58
communication theory,58
janitorial experience,58
operational plans,58
team outings,58
basic ekg,58
competitive products,58
packaging machinery,58
written procedures,58
earned time off,58
c/c++/c#,58
ability to work in a hot and noisy environment,58
mathematical models,58
procedure improvement,58
uploading,58
easa,58
child safe organisation,58
customer database,58
japanese cuisine,58
opening store,58
procedure monitoring,58
zachman,58
sewers,58
epo,58
professional supervision,58
high school diploma (preferred),58
influencer relations,58
quality and safety standards,58
blue cross/blue shield health insurance,58
kentucky rn license,58
geomorphology,58
verification testing,58
chilled water,58
federally qualified health center,58
operations supervisor,58
ability to work in a moderate noise level,58
high quality,58
provider collaboration,58
surgical tools,58
clinical problem solving,58
safe operation,58
provider engagement,58
teamwork and independent work,58
life safety codes,58
customer knowledge,58
kaizens,58
receivers,58
customer marketing,58
commercial leasing,58
physical interventions,58
regulated industry,58
doctor of osteopathic medicine (d.o.),58
eoe/aa employer,58
nuclear medicine procedures,58
tuberculosis skin test,58
vestibular,58
sitecore,58
competency management,58
safe and secure working environment,58
electrical devices,58
life assurance cover,58
material design,58
corrective and preventive action (capa),58
icds,58
american council on exercise (ace),58
manual tools,58
referral system,58
training documents,58
professional negligence,58
pfmeas,58
software selection,58
american college of sports medicine (acsm),58
rn first assistant,58
correction,58
online and computerbased training,58
ordination,58
sparkstreaming,58
sabbaticals,58
welcome bonus,58
capital efficiency,58
friendship,58
front desk duties,58
outage management,58
ability to work in a retail store setting,58
recommendation letters,58
technical certificate,58
apmp,58
clinical laboratory scientist (cls),58
ability to travel domestically and internationally,58
tool and equipment usage,58
extended health care plans,58
veterinary services,58
professional engineer's license,58
technical data analysis,58
database analysis,58
canvas learning management system,58
ips/ids,58
industrial operations,58
good manufacturing practice,58
joomla,58
nsx,58
heavy industrial,58
analytic,58
1 year customer service experience,58
water industry experience,58
1 year of supervisory experience,58
panel saw,58
technical drawing interpretation,58
supportiveness,58
research productivity,58
ect,58
vibration testing,58
subspecialty training,58
gmp documentation,58
manufacture,58
motion planning,58
licensed to practice medicine,58
victim advocacy,58
alcohol awareness card,58
seamless system of care,58
patient census,58
ase certification (preferred),58
adaaccessible office space,58
massachusetts licensure,58
clinical expert,58
fax machine operation,58
outdoor weather exposure,58
heat treating,58
piling,58
roundtheclock support,58
healthcare field,58
scope & standards of practice,58
ability to work in fastpaced environments,58
trade management,58
archery,58
spacecraft design,58
diversity and equity,58
research supervision,58
commissioning management,58
2+ years automotive technician experience,58
food inspection,58
technical interchange meetings,58
business administration/management,58
substance painter,58
acad,58
military recruiting,58
extreme noise levels,58
audiovisual experience,58
video teleconferencing,58
support planning,58
mission vision and values,58
illinois driver's license,58
illinois rn license,58
education advancement program,58
outdoor elements,58
eye exams,58
cyberattacks,58
class c california driver's license,58
committee assignments,58
multidisciplinary team (mdt),58
shop environment,58
healthcare flexible spending account,58
product enhancement,58
physician employment,58
weekend differentials,58
asmenqa1,58
body treatments,58
1 year of paid experience,58
technical product management,58
cycle count,58
product applications,58
classroom observation,58
preaction systems,58
microsurgery,58
clinic setting,58
rrsp matching program,58
climbing up to heights of six feet,58
robotic,58
power injections,58
miscellaneous duties,58
short circuit studies,58
underserved populations,58
shops,58
power plant,58
virginia state license,58
commuting times,58
physician's assistant,58
nursing standards of practice,58
callouts,58
network programming,58
family studies,58
data loader,58
global sourcing,58
outcome tracking,58
commutable distance,58
ambulatory surgery centers,58
u.s. government issued security clearance,58
disability protection,58
u.s. citizenship or lawful permanent residency,58
communication and negotiation skills,58
simple instructions,58
summer camps,58
fabrics,58
educational and professional development,58
world's most ethical companies®,58
disaster action team (dat),58
daily operations management,58
legal frameworks,58
source code control,58
malpractice with tail coverage,58
physical conditioning,58
health dental vision benefits,58
technical tools,58
man lifts,58
asm,58
track,58
incentive opportunities,58
scope changes,57
28 days holiday,57
licensure and certifications,57
error reduction,57
data analytic tools,57
apply,57
loadlist,57
ppe requirements,57
evidence presentation,57
tactical intelligence,57
industrial networking,57
dress for your day policy,57
extended workdays,57
oral interview,57
neurologic,57
digital production,57
technical data packages,57
fresh food,57
battle damage assessment,57
alarm management,57
community setting,57
vcp certification,57
human resource policies,57
human resources administration,57
inservice trainings,57
mammography technologist,57
goc,57
fda approved training,57
military skills,57
sales incentive compensation,57
project management office (pmo),57
bucket trucks,57
trade secrets,57
franchise operations,57
bullhorn,57
qc testing,57
contacts,57
gestion de projet,57
administrative reports,57
online banking services,57
jsig,57
emergency departments,57
cognitive rehabilitation,57
client skills,57
ability to read write speak and understand english,57
media studies,57
retail merchandising experience,57
rhetoric,57
repetitive hand motions,57
cloud software,57
groundwater monitoring wells,57
effective written and oral communication skills,57
local events,57
sports therapy,57
ipad usage,57
turbotax live,57
emergency interventions,57
warranty work,57
garnishment,57
senior architect,57
dmms,57
professional excellence,57
meeting notes,57
ability to work flexible hours including days evenings weekends and holidays,57
opening/closing store,57
network security & infrastructure,57
finance systems,57
neonatalperinatal medicine,57
relationship centered care,57
addiction services,57
knowledge of professional psychological treatments,57
conference participation,57
plastics manufacturing,57
private training,57
tbi,57
cpc certification,57
local contracts,57
intelex,57
medical intervention,57
circumcisions,57
preemployment physical exam,57
patient condition reporting,57
medical surgical (med surg) experience,57
housing support,57
bar operations,57
posting,57
microsoft ecosystem,57
5 why,57
national academy of sports medicine (nasm),57
physical and psychological support,57
national electrical safety code,57
food services management,57
alabama,57
health policies,57
supervisory/management,57
dast,57
hotel reservations,57
aaa,57
cdla license,57
helping others,57
ancillary equipment,57
feasibility reports,57
intellectual property litigation,57
musculoskeletal care,57
telemetry rn experience,57
ana standards,57
bachelor's degree in human services or related field,57
med/peds,57
licensing and registrations,57
master of architecture,57
local standards,57
surgical environment,57
pha,57
neurology residency,57
multiunit operations,57
people operations,57
lab reports,57
mortgage services,57
boxing,57
technical aspects,57
40 hour work week,57
multifamily industry,57
medical/dental/vision/life insurance,57
payroll processes,57
home dialysis training program,57
override,57
fleet maintenance software,57
moving expenses,57
college degree (plus),57
cars,57
bim modeling,57
windowsbased applications,57
control narratives,57
acute illness,57
masters of science in nursing,57
preference cards,57
surgical operation procedures,57
customer relationship development,57
secops,57
surgical nurse,57
accident and hospital indemnity insurance,57
u.s. army reserve (usar),57
american physical therapy association,57
mechanical schematics,57
covid19 vaccination proof,57
filing system maintenance,57
defense industry experience,57
st. louis,57
sta,57
immunization training,57
order,57
communication and teamwork skills,57
radiation protection techniques,57
teacher assistant,57
related degree,57
law compliance,57
longevity,57
product samples,57
as9100d,57
physical agility test,57
immunisations,57
nationally certified training certificate,57
model monitoring,57
echarting software,57
qsr experience,57
jobsite safety,57
technical execution,57
oncall rotations,57
application troubleshooting,57
electrical diagnostics,57
tubing,57
data studio,57
backup requirements,57
pay for performance,57
carms,57
multipoint inspection,57
sampling techniques,57
short/longterm disability,57
clinical efficiency,57
diversity equity and inclusion (de&i),57
icar platinum certification,57
doctor of medicine (md) or doctor of osteopathic medicine (do) degree,57
quizzes,57
corridor studies,57
lean manufacturing techniques,57
commercial loans,57
retail schedule,57
performance specifications,57
congenital heart disease,57
covid,57
covid 19 vaccine,57
2 years of management experience,57
bureau of osteopathic specialists,57
safe deposit boxes,57
3d design software,57
retirement readiness,57
ecfvg,57
flux analysis,57
army,57
gift processing,57
ptp,57
asa,57
hiring and recruiting,57
adobe creative cloud suite,57
specifications development,57
fra regulations,57
forecasting skills,57
apartment inspections,57
trade background,57
microfluidics,57
infant at work program,57
game room,57
teamwork and communication skills,57
nv1 security clearance,57
sectioning,57
scantronic,57
ecad,57
receipt,57
rebates,57
verizon discount,57
audits and inspections,57
cdl (preferred),57
evidencebased decision making,57
quality manual,57
nextgenu health assessment resources certification,57
osha programs,57
dayforce wallet,57
benefit options,57
ability to read and follow planograms,57
dragon,57
winteam,57
territory analysis,57
cardiac arrest,57
georgia nursing license,57
safe program,57
cost awareness,57
doctorate in clinical/counseling psychology,57
certification reimbursements,57
engineering methods,57
business lending,57
lifting weight,57
beverage management,57
applicant screening,57
podman,57
spire clinical advancement program,57
instructor experience,57
sia license,57
technological proficiency,57
facility and safety control policies and practices,57
ability to build relationships with customers,57
study management,57
commitment to continuing education,57
commitment to core values,57
conscientious behavior,57
bls & acls certification,57
patran,57
experience design,57
water safety instructor,57
siprnet,57
nursing orientation,57
shipping & receiving,57
patient preadmission,57
myelography,57
nurse triage,57
accounting/finance,57
atwill employment,57
promax,57
college teaching,57
rpm,57
analytic thinking,57
adobe target,57
batch record,57
proven leadership skills,57
key carrier,57
inclement weather work,57
fair employment practices,57
cable placement equipment,57
editorial judgment,57
bachelor's in stem,57
staff wellbeing,57
trust tax,57
prenuptial agreements,57
demonstrates responsiveness and sensitivity to customer needs,57
medical education courses,57
credentialing and privileges,57
medical equipment management,57
standards implementation,57
rrsp contributions,57
cash operations,57
vascular access registered nurse (varn),57
financial data interpretation,57
retail baking,57
hospitalist service,57
pre and postoperative care,57
communication (verbal written),57
medical office procedures,57
criminal history record check,57
igniting dreams grant program,57
paediatric first aid,57
nqa1,57
tjc standards,57
ethical patient care,57
therapeutic environment maintenance,57
educational inservices,57
stocking and recovering,57
teaching philosophy statement,57
lowering,57
performance initiatives,57
safety hazards and precautions,57
teaching practices,57
fulltime salary,57
emoney,57
shrinkage management,57
signal flow,57
facility engineering,57
working drawings,57
course preparation,57
quantity surveys,57
topsecret security clearance,57
crisis deescalation,57
wet environment,57
feeforservice model,57
florida licensure,57
aerospace standards,57
quality assurance reviews,57
biological assays,57
bandages,57
accredited dental school graduate,57
* nursing,57
ability to walk and stand for long periods of time,57
protocol buffers,57
experience with lean principles,57
sushi preparation,57
prep cook,57
drive item management,57
strong administrative skills,57
allowances,57
topology,57
safety equipment usage,57
interpersonal and oral communication skills,57
personal automobile insurance,57
component replacement,57
arrt(ct),57
manufacturing concepts,57
manufacturing background,57
neat and clean appearance,57
ble,57
decision analysis,57
concussion training,57
medical data,57
business impact analysis,57
air sampling,57
ability to motivate,57
trading systems,57
luxury goods,57
reliable personal vehicle,57
procedural manuals,57
monitoring cash levels and making drawer pulls,57
high standards of care,57
recruitment and onboarding,57
sick time plan,57
multiagency working,57
school improvement,57
uk visas and immigration,57
field leadership,57
vendor incentives,57
checkins,57
1 year experience in related field,57
online systems,57
police science,57
guest advocacy,57
series 7 & 66 (63 & 65) licenses,57
adfs,57
questionnaire responses,57
suspension systems,57
willingness to educate guests,57
cardiorespiratory training,57
apprehension,57
ability to work in a highenergy team environment,57
twoway radio communication,57
clinical charting,57
electroencephalography,57
skilled mechanic,57
wrongful death,57
installation skills,57
guestfocused mindset,57
accredited nurse practitioner program,57
occupational therapist registration,57
demands,57
dry needling,57
als certification,57
selfstarter mentality,57
parental involvement,57
business education,57
valet parking,57
overhead work,57
bookings,57
asbestos surveying,57
complex analysis,57
fullcycle accounting,57
mining experience,57
table maintenance,57
advanced practice skills,57
intuit academy level 1 badge,57
hazard control,57
protein analysis,57
work overtime,57
continuing care,57
vendor qualification,57
net,57
electrocardiogram (ekg),57
specialist care,57
flexible working policy,57
bachelor's degree in psychology,57
highrisk pregnancies,57
dod 8570 certification,57
augmented reality (ar),57
cafm,57
paid holiday time,57
tire sales,57
american heart association cpr certification,57
flood,57
ability to work in hot and cold environments,57
first aid/cpr/aed certification,57
campaign performance analysis,57
electricians,57
timing analysis,57
reliability improvement,57
patient and staff safety,57
individual development,57
ehrs,57
airport,57
shop drawing reviews,57
productivity enhancement,57
mayo clinic nursing professional practice model,57
command and control systems,57
banking transactions,57
concrete paving,57
strong mathematical skills,57
medical policies and procedures,57
adapting to change,57
accelerometers,57
servo systems,57
advanced procedures,57
complaint investigations,57
ros2,57
drywalling,57
logistics industry experience,57
district policies,57
power distribution design,57
ohsa,57
kindergarten,57
labor management partnership,57
success factors,57
institutions,57
collaboration with stakeholders,57
stna,57
flight instructor,57
construction defects,57
tax code,57
third party reimbursement,57
cloudnative,57
vision and depth perception,57
contracts in all 50 states,57
handheld computers,57
ui policies,57
master's degree in behavioral health,57
customer value,57
ipc610,57
xpswmm,57
fire / life safety systems,57
blood administration,57
microsoft office (excel powerpoint word),57
cleanliness management,57
safety studies,57
sonographic scanners,57
iv/cvad care,56
signon payments,56
turnaround time,56
reverence,56
creo parametric,56
customer serviceoriented,56
environmental consciousness,56
minor maintenance,56
fai,56
inservices/training,56
medical and administrative services,56
knowledge of microsoft office suite,56
ppc advertising,56
goal attainment,56
private credit,56
internal and external audit,56
private medical scheme,56
quantitative,56
empathy and compassion,56
medical asepsis,56
line experience,56
tax update,56
tax technical business advisor,56
open/close store,56
bma model contract,56
pipeline construction,56
research papers,56
ability to work indoors,56
revenue projection,56
sales performance tracking,56
traumainformed treatment,56
policies/procedures,56
selfperform,56
interdisciplinary group management,56
server architecture,56
plex,56
flexible/hybrid work schedule,56
image production,56
library management,56
bridge rehabilitation,56
power washing,56
sole charge,56
chemo,56
clinical triage,56
comerica platform training program,56
lead role,56
highest pay packages,56
ny rn license,56
staff productivity,56
wholesale distribution,56
television production,56
baler,56
individual treatment plans,56
sustainable,56
answering phone calls,56
student loan education & refinancing,56
comfort with technology,56
signage coordination,56
mortgage products,56
spectrum,56
arrtct,56
hydroelectric,56
work schedule planning,56
school districts,56
retail tech solutions,56
accessibility for ontarians with disabilities act (aoda),56
csea tuition vouchers,56
small arms,56
basic literacy,56
financial suitability,56
market studies,56
endotoxin testing,56
azure sql database,56
photolithography,56
coordination studies,56
alc,56
401(k) employer match,56
bachelor's degree in science or engineering,56
special program access (sap),56
intrusion prevention,56
luggage handling,56
theory of constraints,56
pollution control,56
collaborative care model,56
landscape planning,56
care pathways,56
infrastructure services,56
sw,56
reading and following planogram,56
scrub experience,56
room reservations,56
bachelor’s degree in business,56
p.e.,56
real estate brokerage,56
student loans,56
protective services,56
assessment development,56
budget reports,56
valid md license,56
behavioral needs,56
american heart associationbasic life support (bls),56
physiological monitoring,56
product backlog management,56
topnotch technical skills,56
maintenance strategy,56
production sheets,56
basic arithmetic skills,56
class action,56
floods,56
regulatory expertise,56
sustainability management,56
basic weapons handling,56
meals & housing,56
lifting and transporting merchandise,56
strapping,56
enps,56
enrichment,56
isometrics,56
ophthalmic surgery,56
costar,56
collaboration with multidisciplinary team,56
instructional delivery,56
business targets,56
design for test,56
business discipline,56
instructional aide,56
custom reports,56
high street discounts,56
video visits,56
ehr experience,56
viscosity,56
vendor credentialing,56
soe software,56
great attitude,56
pa medical license,56
window washing,56
newborn,56
produce management,56
monthly financial statements,56
job offers,56
floor management,56
sap abap,56
current registered nurse (rn) license,56
new home sales,56
social listening,56
guest advocate,56
fingerprint criminal background check,56
checkin/checkout procedures,56
equipment records,56
2 years of recent experience,56
business growth generation,56
ability to stand and/or walk for up to 8 hours,56
senior leaders,56
cost savings initiatives,56
staff satisfaction,56
credential,56
demonstrates accountability,56
nhs approved service,56
sterile drapes,56
cmms programs,56
conciseness,56
cost reduction strategies,56
vaccine administration,56
arterial blood gases,56
bargaining unit position,56
quality audit,56
high school or g.e.d.,56
prepaids,56
fenestration,56
inventory experience,56
verbal & written communication,56
loan repayment options,56
hours,56
staff direction,56
operational guidelines,56
cloud adoption,56
rf testing,56
rfi (request for information),56
telephonic communication,56
enrichment activities,56
transfusion services,56
prescription medications,56
business growth strategies,56
faa requirements,56
budget setting,56
budget projections,56
indoor environment,56
maintenance issues,56
pastoral ministry,56
virtual teams,56
lifesaving situations,56
adult patient care,56
test validation,56
mep coordination,56
imaging equipment operation,56
standing walking climbing bending reaching above shoulder pushing pulling,56
engine performance,56
requirements derivation,56
florida statutes,56
pcf,56
task orientation,56
plumbing experience,56
induction and training,56
offensive and defensive security techniques,56
wireless devices,56
resume/curriculum vitae,56
interdisciplinary treatment,56
radiochemistry,56
cost drivers,56
easytouse platform,56
sewer systems,56
product operations,56
product optimization,56
diverse views,56
psychological therapy,56
video processing,56
outpatient clinic experience,56
feedback receptiveness,56
monitoring vital signs,56
safeguarding children,56
funds management,56
issue management systems,56
flexible pay,56
proven sales record,56
comorbidities,56
global network,56
consensus algorithms,56
safety huddles,56
flexible lifestyle benefits,56
knock,56
timeframes,56
established procedures,56
fiscal accountability,56
mechanical devices,56
dedication to education,56
food safety programs,56
directors,56
survey coordination,56
allsource intelligence,56
thirdparty management,56
profitability optimization,56
experience in a similar role,56
access database,56
contract renewal,56
product reviews,56
toyota production system,56
mindfulness programs,56
cocktails,56
survey analysis,56
flu shots,56
safe working conditions,56
stem cell biology,56
credentialing fees coverage,56
cmrp,56
feedback acceptance,56
scientific leadership,56
vehicle safety,56
dog rescue,56
new customer acquisition,56
cqa,56
payroll tax returns,56
beverage industry,56
selfgovernance,56
registered radiographer,56
sculpture,56
quick response,56
demonstration skills,56
client recommendations,56
iat level ii,56
emergency airway management,56
guest and teamfocused mindset,56
union contracts,56
irs and state tax requirements,56
ifr,56
canape,56
apparel design,56
cardiac anatomy,56
unrestricted working rights in australia,56
epic charting system,56
michigan board of nursing,56
per diems or furnished housing accommodations,56
design collaboration,56
social awareness,56
food ingredients,56
oil and gas experience,56
markdown execution,56
health/vision/dental insurance,56
pavement,56
organization and prioritization skills,56
1st shift,56
usability studies,56
parent meetings,56
* safety,56
cash flow modeling,56
operational expertise,56
mentoring and development,56
continuous improvement programs,56
sdr,56
sast,56
georgia driver's license,56
life skills development,56
drug tests,56
strong influencing skills,56
accounts payable experience,56
osha knowledge,56
content design,56
standard operating procedure (sop),56
job site visits,56
substance abuse prevention,56
industrial control products,56
psychological clinical science accreditation system (pcsas),56
general business periodicals,56
epcra,56
cost accounting standards,56
expert analysis,56
job share,56
work groups,56
profitable growth,56
electronic charting systems,56
mass communication,56
product formulation,56
engagement planning,56
cooking equipment operation,56
audit engagements,56
connect care,56
home health care coordination,56
cash deposits,56
specimen analysis,56
dsm v,56
distance,56
fragrance,56
indhp,56
client prospecting,56
chronic disease,56
credit card payments,56
correspondence composition,56
performance review process,56
bug fixes,56
equity options,56
hiring and retention,56
bsn program,56
charge nurse duties,56
treatment practices,56
fabrication methods,56
cleaning and disinfection,56
competency program,56
fp,56
game planning,56
5+ years of sales experience,56
travel nursing platform,56
senior design engineer,56
state of florida technologist license,56
cet,56
mold remediation,56
onsite lab,56
peer feedback,56
loan modifications,56
workday erp,56
smoke,56
peer counseling,56
irregular work hours,56
website content,56
employment agreements,56
sauces,56
excellent communication and customer service skills,56
basic mechanical skills,56
workperks,56
secretary,56
work environment management,56
shareholder eligibility,56
management science,56
ability to climb ladders and stairs,56
goniometer,56
coronary artery disease,56
coroutine flows,56
educational strategies,56
university teaching,56
industry trend analysis,56
ability to hear,56
ability to read and comprehend written instructions,56
external relations,56
registered radiologic technologist,56
food service knowledge,56
developing direct reports,56
light industrial,56
general orthopedics,56
equity stock purchase,56
home equity lines of credit,56
privacy concepts,56
distributed teams,56
family psychotherapy,56
supplies and equipment,56
manufacturing specifications,56
wine and spirits knowledge,56
food handler's license,56
sales order management,56
occupational health nurse,56
building systems maintenance,56
federal contracting,56
asn/bsn,56
food service standards,56
mops,56
richmond,56
property administration,56
financial closing,56
esop company,56
er/trauma nursing,56
paramedics,56
training abilities,56
clinical nurse experience,56
surgical patients,56
gynecological care,56
gynecological surgery,56
launch experience,56
filing skills,56
subdivision,56
stakeholders management,56
clinical management tools (cmts),56
master's or doctorate degree,56
ammunition storage,56
nutritional needs,56
office functions,56
sac,56
clinical microscopy,56
tomosynthesis,56
bachelor's degree in business management,56
herbicides,56
corrected hearing,56
process hazard analysis (pha),56
alcohol awareness training,56
joint commission compliance,56
fire and life safety systems,56
respiratory therapists,56
research process,56
department operations,56
returns handling,56
sponge count,56
department,56
tight spaces,56
tile setting,56
pretax savings accounts,56
mechanically inclined,56
bug reporting,56
buffers,56
service integration,56
peripheral vascular procedures,56
master electrician,56
data tools,56
rn residency,56
convection oven,56
online scheduling,56
casb,56
manufacturing production,56
remote therapy,56
insurance proposals,56
fbi academy training,56
scaled agile framework,56
facility/hospital staff interaction,56
fire and safety assessments,56
aacsb accreditation,56
technical capability,56
helpful,56
1+ years of people management experience,56
opportunities for career advancement,56
clinical interests,56
wisconsin rn license,56
taproot plus,56
medical interpretation,56
sheq,56
gpen,56
workplace adjustments,56
vocational skills,56
iec 61850,56
visual factory,56
labor and delivery rn,56
technical college,56
commercial sector,56
exposure to x ray/electromagnetic energy,56
out of town travel,56
ocean engineering,56
execution planning,56
healthcare information,56
cpa reg,56
finance knowledge,56
vector databases,56
cpcu designation,56
bachelor's degree in information systems,56
quality service delivery,56
mental agility,56
engineering judgment,56
mandated reporting,56
abr certification,56
facility layout,56
community health nursing experience,56
radiographic technology,56
managed care environment,56
culinary program,56
sleep apnea,56
12 years of post clinical work experience,56
executive sous chef,56
selective placement factor,56
texas medical board,56
vacation and holiday pay,56
policy and procedures development,56
pharmaceutical science,56
assistant nurse manager,56
multifactor authentication (mfa),56
emr skills,56
longterm acute care,56
compliance oversight,56
loop diagrams,56
drivers & motors,56
facilitating a secure shopping environment,56
nonlinear response,56
polarion,56
thirdparty billing,56
hplc/uplc,56
legendary service,56
turnaround management,56
legal interpretation,56
ability to work a flexible schedule including nights weekends and holidays,56
self management,56
cto,56
ctsi,56
fda approved cleaning chemicals,56
insurance sales experience,56
tactical,56
billing processes,56
push buttons & signaling devices,56
respa,56
amazon sponsored brand ads,56
clinical assignments,56
meritbased compensation,56
security guidelines,56
certified nurse midwives,56
ability to sit stand and walk for extended periods of time,56
financial impact,56
discounted veterinary care,56
legal research skills,56
personal leadership,56
merit,56
problembased learning,56
sms marketing,56
ambulatory experience,55
science communication,55
fitting room maintenance,55
cadence allegro,55
department manager,55
form 1040,55
traceability matrix,55
responses,55
clinical interviews,55
learning difficulties,55
ecp community,55
state board of nursing license,55
technology expertise,55
faith,55
hearing aids,55
protein biochemistry,55
chief clean and safety monitor,55
construction estimating software,55
nature,55
team member management,55
scripting tools,55
electronic warfare systems,55
web based applications,55
facilitating a safe shopping environment,55
building partnerships,55
iperf,55
unit testing frameworks,55
telehandlers,55
food training,55
truck loading,55
clinical team collaboration,55
audit activities,55
pelvic exams,55
webbased tools,55
titanium,55
impairment,55
salon manager,55
ability to work with moving parts carts or machines,55
payroll calculations,55
sensory  visual acuity,55
assignment planning,55
aia contracts,55
new techniques,55
sustainability consulting,55
prior experience in a leadership role,55
arterial line,55
subsystem design,55
diagnostic and therapeutic procedures,55
alcohol,55
freezer,55
diverse communities,55
mba degree,55
rope access,55
corporate environment,55
fcaw,55
extended hours work,55
obd ii scanner,55
quantitative analyses,55
challenging behaviors,55
small group training,55
upskilling programs,55
team organization,55
diagnostic xray,55
crt certification,55
acne,55
quality control measures,55
anglais,55
ability to work outdoors in various weather conditions,55
committee involvement,55
environmental control systems,55
comparative analysis,55
electrical apprenticeship,55
microsoft hyperv,55
station management,55
doortodoor pay,55
nutrition guidelines,55
ethical and legal standards,55
newborn hearing screening,55
gis mapping software,55
eye care vouchers,55
visual communications,55
aviation regulations,55
fashion industry experience,55
maintenance processes,55
bobcat operation,55
system interfaces,55
one year of retail experience,55
coa,55
pharmaceutics,55
gas processing,55
r&d databases,55
revenue projections,55
idoc,55
store recovery,55
nursing philosophy,55
revenue deadlines,55
substitute teacher,55
signal design,55
land use permitting,55
accurate cash handling,55
cpk,55
one year of related experience,55
inquiry handling,55
qa/qc process,55
national specialty certification,55
licensure or certification,55
nurse case manager,55
virtual platforms,55
varied interests,55
annual bonus plan,55
monitoring cash levels and making appropriate drawer pulls,55
sales motivation,55
mri software,55
progressive experience,55
mciob,55
patient supervision,55
2 years of retail sales guest service and/or management experience,55
retail management software,55
proof of proficiency,55
medical abbreviations,55
patent claims,55
client sourcing,55
pharmaceutical knowledge,55
corporate reporting,55
pricing negotiations,55
loader experience,55
one year of relevant experience,55
national licensure compact,55
leasing techniques,55
safety and emergency procedures,55
active ts/sci security clearance,55
personal insurance,55
mcs,55
mcp,55
problemresolution,55
5+ years of financial counseling experience,55
otbi,55
concurrency primitives,55
oci,55
suppression systems,55
voltmeter,55
radiologic technologists,55
excavations,55
retirement plan options,55
environmental exposure,55
cisco ccnp,55
erp applications,55
ability to work handinhand with team associates,55
degree (preferred),55
* budgeting,55
functional needs,55
bore gauges,55
production lead,55
subject matter knowledge,55
advisement,55
financial assistance program,55
realtime,55
personalized care plans,55
windows software,55
job readiness,55
progressive care unit experience,55
delta v,55
current valid driver's license,55
grantsmanship,55
electrical testing equipment,55
cleaning store front,55
ability to work varied hours,55
facilities services,55
preemployment screen,55
compassionate attitude,55
fitness club reimbursement,55
mathematics education,55
breakdowns,55
surveying software,55
md/do license,55
alternatives,55
concrete repair,55
architectural degree,55
individual malpractice insurance,55
job cost reports,55
mathematical proficiency,55
direct deposit/electronic funds transfer,55
cashhandling,55
future practice,55
interdisciplinary group,55
presses,55
detailoriented approach,55
replacements,55
bank policies,55
availability to work weekends and holidays,55
project cost,55
inbound and outbound calls,55
customerfocus,55
encapsulation,55
punchlist management,55
mental and emotional stability,55
evidencebased approaches,55
moderate complexity testing,55
medical insurance coverage,55
crosscultural awareness,55
icu registered nurse,55
veterinary dentistry,55
nj rn licensure,55
two years of fulltime professional work experience,55
verbal order acceptance,55
automation skills,55
business data analysis,55
high school grad / ged,55
willingness to help,55
verbal presentation,55
patient vitals,55
merchandising management,55
maintenance reports,55
downloadable resources,55
kpi (key performance indicator),55
equal opportunity / affirmative action employer,55
nvq level 5,55
staff supervision and training,55
* merchandising,55
cable pulling,55
staff meeting attendance,55
minimum 1 year experience,55
level iv trauma center,55
aircraft repair,55
circulate,55
gpos,55
tolerating hot or cold warehouse environments,55
compatibility,55
revision,55
scan,55
reference materials,55
wheelchair pushing,55
mechatronic engineering,55
detox,55
arm processors,55
feature development,55
capital improvement planning,55
autonomous driving software,55
environmental laws and regulations,55
warning signs,55
change order processing,55
construction best practices,55
offer management,55
monitor patients' responses,55
endoflife decisions,55
ha,55
administrators,55
vehicle and equipment maintenance,55
tcia certified tree care safety professional,55
tool selection,55
respiratory services,55
wine service,55
customer sales,55
clevel,55
rolling stock,55
nj license,55
systems and procedures,55
data scientists,55
integrated safety and efficacy summaries,55
kitchen equipment operation and maintenance,55
rfi’s,55
molecular,55
asset liability management,55
nebosh certification,55
ambulatory clinic,55
cpa or cpa candidate,55
body fluids analysis,55
weekend and evening work,55
plc5,55
cashbalance retirement plan,55
composite manufacturing,55
dental school graduate,55
it standards,55
strategic hr,55
nys retirement membership,55
product photography,55
engineering data,55
pdms,55
value for money,55
hr data analysis,55
prefabrication,55
cabg,55
blended families,55
passenger endorsement,55
work assignment management,55
safety committees,55
dod 8570,55
appliance,55
ability to meet physical demands,55
six months of supervisory experience (or related experience/training),55
inventory turns,55
mxnet,55
ability to manage time,55
licensed mental health therapist,55
personal data security,55
paychex,55
tdap,55
multisite experience,55
rn/lvn license,55
tennessee license,55
recipe preparation,55
nicet level ii,55
domestic abuse,55
safetysensitive,55
privacy sensitivity,55
calculator usage,55
automotive technician experience,55
inclement weather conditions,55
supervisory position,55
hydraulic components,55
hardware specifications,55
ability to meet deadlines and manage multiple projects simultaneously,55
healthcare technologies,55
coordinate measuring machine,55
efficiency management,55
bilingual spanish or portuguese,55
learn and adapt to current technology needs,55
industry networking,55
icpoes,55
telecommunications construction equipment,55
english language teaching,55
legal responsibilities,55
transportation regulations,55
ability to adapt to different situations,55
data movement,55
sport management,55
ability to communicate effectively verbally and in writing,55
noc,55
work relationships,55
teambased work,55
wcag 2.1 aa,55
asbestos abatement,55
inpatient coverage,55
carrier hap,55
report design,55
stakeholder consultation,55
bom creation,55
american college of surgeons,55
nmc pin number,55
undergraduate courses,55
summer camp,55
civil service,55
spaying,55
coi loyalty program,55
organizational objectives,55
dispensary,55
mandatory reporter certification,55
itls,55
cloud native development,55
lbgtq+,55
patient/family centered care,55
inhome clinical care,55
fullcycle recruiting,55
pediatric emergency department,55
mls certification,55
iacuc,55
aircraft components,55
epidural,55
product standards,55
pa child abuse history clearance,55
effective communication and interpersonal skills,55
privacy notice,55
salesforce development,55
matching retirement plans,55
front office specialist,55
ciena,55
cieem membership,55
computerized documentation systems,55
malfunctions,55
hardware selection,55
kitchen rules and procedures,55
hardware requirements,55
resume review,55
therapeutic laser,55
emergency response measures,55
inflammation,55
short/ long term disability,55
renewal management,55
physical inspections,55
teachability,55
pay on demand,55
iatf,55
ability to obtain pesticide license/certification,55
ts/sci clearance with polygraph,55
hca,55
craft supervision,55
tax due diligence,55
communicable disease prevention,55
oncology care,55
interim,55
good oral and written communication skills,55
consultant coordination,55
fod,55
environmental risk assessment,55
cic designation,55
acidbase balance,55
business networking,55
valid insurance,55
liability management,55
dysrhythmias,55
timely documentation,55
ability to work in a dusty environment,55
marriott,55
openapi/yaml,55
ability to work on multiple projects simultaneously,55
unusual activity monitoring,55
leading or supervisory experience,55
service advisor experience,55
plc control systems,55
employee discount scheme,55
planview,55
onsite laboratory,55
reasoning abilities,55
patient outcome,55
competitive compensation and benefits package,55
electrical lifts,55
state examination/employment application std form 678,55
active bls,55
security plans,55
problem assessment,55
departmental procedures,55
stormwater management plans,55
passenger assistance,55
acis,55
clinical observation,55
clinical objectives,55
capsule endoscopy,55
advanced troubleshooting,55
knowledge of building codes,55
low latency,55
pbs,55
bsn or adn,55
health and wellness presentations,55
certification in trade,55
npd (new product development),55
making beds,55
love,55
louisiana medical license,55
clinical patient care,55
clinical nursing skills,55
lean process improvement,55
osha logs,55
back pain,55
wargaming,55
physical presence,55
clean and organized work environment,55
airframe and powerplant license,55
office services,55
osteoporosis,55
ultrasound technician,55
production drawings,55
long and shortterm disability,55
strong relationship building,55
inspire and celebrate,55
hand held computers,55
mentors,55
sitemanager,55
boundary surveying,55
travel with limited overnight stays,55
obstetric,55
shared values,55
medpeds,55
mac nutrition,55
rescue,55
hr principles,55
career and leadership opportunities,55
career advancement training,55
crisis prevention intervention (cpi),55
insurance procedures,55
occasional overtime,55
k8s,55
unlimited referral bonus,55
prehospital care,55
frs 102,55
charge nurse role,55
quantity calculation,55
cash flow reporting,55
whole leadership,55
blue card,55
hybrid work option,55
dot rules and regulations,55
home improvement sales,55
tax free per diems or furnished housing,55
adhoc duties,55
ability to train,55
plan design,55
federal projects,55
verizon plans and services,55
mep services,55
proposal analysis,55
course selection,55
decomposition,55
presentability,55
tridium niagara,55
basic life support healthcare provider,55
strong collaboration skills,55
resident retention programs,55
gmc specialist register,55
hvac technician,55
college planning,55
tricare,55
disa,55
teamwork and leadership,55
ecfvg or pave program,55
general business,55
ability to ensure coolers and storefront program racks/displays are refilled daily,55
office systems,55
ms office (word excel powerpoint outlook),55
analytical review,55
bachelor's degree in marketing or business,55
internet sales,55
funds,55
pallets,55
drug/alcohol screening,55
dental and vision,55
ability to work on a ladder,55
clean criminal background check,55
market assessment,55
make appropriate drawer pulls,55
dot physical certification,55
profit margins,55
allowance,55
snfltcalfilf,55
critical skills,55
point click care (pcc),55
edge,55
climb stairs,55
us person status,55
general urology,55
polymer processing,55
aps,55
patientfirst philosophy,55
menu rollouts,55
initiative management,55
dedicated recruitment consultant,55
satellite operations,55
health and wellbeing support,55
medical collaboration,55
application monitoring,55
great work environment,55
hybrid remote work,55
certificate of insurance,55
fumes exposure,55
chartered accountant,55
brand voice,55
dod ts/sci clearance,55
resource organization,55
masonry design,55
graduate from an accredited school,55
ece coursework,55
white box testing,55
tracheostomies,55
inservicing,55
brand messaging,55
ability to prioritize workload,55
degree in quantity surveying,55
user journeys,55
therapy programs,55
systems training,55
canopy,55
facts,55
intrusion detection systems (ids),55
tissue analysis,55
residential counseling,55
work zone equipment,55
design interpretation,55
prior experience in leadership role,55
traceroute,55
health department sanitation standards,54
tissue engineering,54
project turnover,54
instore training,54
job evaluations,54
4 years of related experience,54
ivr,54
test equipment design,54
competitor research,54
command,54
labor allocation,54
economy,54
building safety,54
p.e. certification,54
data collection and interpretation,54
healthcare bls certification,54
tissue collection,54
luminex,54
camrt certification,54
psychosocial evaluations,54
gotomarket,54
active state medical license,54
nmc code of conduct,54
rf communications,54
applied/epic,54
family care benefits,54
surface water management,54
marine science,54
quality improvement tools,54
ability to work on a team,54
willingness to learn new skills,54
recall program,54
high lift equipment,54
cutoff dates,54
clinical documentation improvement,54
us military experience,54
nbcot certification,54
salaried management experience,54
financial data management,54
prescriptive analytics,54
biomedical informatics,54
tuberculin skin test,54
material review board (mrb),54
social and emotional learning,54
electromechanical products,54
doe qlevel security clearance,54
quantity food preparation,54
customer insight,54
professional sales experience,54
versioning,54
directions,54
commuter spending accounts,54
patientcentric team,54
remote work flexibility,54
microeconomics,54
letter of intent,54
labor compliance,54
hospital leadership,54
retail buying,54
aviation industry,54
complex medical conditions,54
structured problem solving,54
ability to read and follow instructions,54
missouri license,54
materials coordination,54
staff advocacy,54
em385,54
implementation and maintenance of planograms,54
waiting list management,54
paint mixer,54
ability to work with a diverse group of people,54
rotating days off,54
engineering mechanics,54
restaurant equipment,54
12h nights,54
ability to pass preemployment testing,54
greenway,54
machine learning frameworks,54
adhoc requests,54
production oversight,54
medsurg experience,54
educational initiatives,54
insurance options,54
labor reporting,54
remote desktop,54
ats (applicant tracking system),54
strategic priorities,54
federal state and local laws and regulations,54
customer information,54
mask wearing,54
professional and general liability coverage,54
profits,54
pattern making,54
fielding,54
basic medical terminology,54
proactive relationship building,54
energy industry knowledge,54
quantum,54
equipment servicing,54
parallel computing,54
bachelor's degree in marketing or related field,54
buying experience,54
speechlanguage pathologist,54
clinical program management,54
lithiumion batteries,54
legal right to work in the uk,54
discharge planning experience,54
report production,54
structural steel design,54
ability to conduct research activities,54
vulcan,54
banquet experience,54
civil/environmental engineering,54
teaching ability,54
brief therapy,54
major metropolitan areas,54
physicians' orders,54
high quality of life,54
rewards programs,54
professional association membership,54
canbus,54
union negotiations,54
basic personal computer literacy,54
deployment automation,54
eeo/minority/female/individuals with disabilities/sexual orientation/gender identity/veteran,54
online ordering,54
morale management,54
retail sales associate,54
orlando,54
installation records check (irc),54
salary continuance insurance,54
wcs,54
service tickets,54
lobbying,54
accredited college,54
health and wellness initiatives,54
shipping and logistics,54
project charters,54
patient panel management,54
twin brackets,54
online classes,54
otolaryngologist,54
technology leadership,54
ice machines,54
customer queries,54
chaplains,54
commercial facilities,54
technological literacy,54
probationary/trial period,54
lp,54
legal and ethical issues,54
peer specialist,54
theft,54
fabric selection,54
industrial electrical systems,54
wage and hour compliance,54
corrective exercise,54
capital raising,54
calculation skills,54
crossfunctional partnerships,54
occasional overnight travel,54
apta certification,54
devops methodologies,54
specialist services,54
marriage & family therapy,54
acls certified,54
dc systems,54
new employee probationary period,54
new employee onboarding,54
sedimentation control,54
government procurement,54
instrumental activities of daily living (iadl),54
spending plan,54
willingness to travel and/or relocate,54
manual tasks,54
independent work ethic,54
ability to climb stairs ramps or ladders,54
customer focused culture,54
investigation reports,54
influence others,54
siop,54
condensers,54
measurement and verification,54
interpersonal effectiveness,54
operating standards,54
add insurance,54
converters,54
assistant controller,54
business unit management,54
test result reporting,54
team attitude,54
m.s.,54
art appreciation,54
small molecules,54
modular construction,54
flu vaccinations,54
clinical reports,54
fuel cells,54
parent conferences,54
stressful circumstances,54
cebs,54
communication and relationship building,54
growth marketing,54
project productivity,54
pivotal cloud foundry,54
therapist insurance,54
spr,54
complexity analysis,54
product managers,54
current licensure,54
aeronautical information manual (aim),54
vendor discounts,54
insurance coordination,54
mls(ascp),54
physical inventory counts,54
exposure to blood and bodily fluids,54
auto collision repair,54
employment physicals,54
stains,54
laboratory inventory management,54
ability to lift at least to 50 pounds,54
interdisciplinary studies,54
key cutter,54
policy and procedure creation,54
grasp reach and manipulate objects with hands,54
appliance installation and repair,54
loss prevention awareness,54
expenditure control,54
functional coverage,54
sharing,54
surgical laser,54
battery management systems,54
plasma,54
dvm/vmd/navle degree,54
rcdd,54
ability to lift 30lbs,54
physical therapy assistant program,54
personal credibility,54
animal anatomy,54
kitchen procedures,54
scientific data,54
topographical surveys,54
bachelor's of nursing degree,54
stardog,54
skos,54
jupyter notebooks,54
site reliability engineering (sre),54
gps tracking,54
subcontractors coordination,54
force.com,54
laboratory information management system,54
advanced endoscopy,54
health savings accounts (hsa),54
medical indemnity cover,54
cnc machinery,54
ons certification,54
xray procedures,54
peripheral vascular,54
complex business issues,54
proven sales track record,54
securities industry,54
cvor surgical technician,54
dental vision,54
specialty clinics,54
wans,54
site relationships,54
recipe standardization,54
dts,54
plastics engineering,54
filter replacements,54
loan forgiveness programs,54
ict skills,54
written and spoken communication,54
nutritional guidelines,54
residential plumbing,54
failure modes and effects analysis,54
farsi,54
* multitasking,54
assessment design,54
prioritization and multitasking,54
product flow management,54
client sampling,54
ethical sourcing,54
print advertising,54
smart goals,54
multiunit people management,54
crosscultural experience,54
valuation analysis,54
data harmonization,54
operational problems,54
lesson preparation,54
worship,54
nitrous oxide certification,54
criminal code of canada,54
integrated services,54
kitchen equipment knowledge,54
chemical dependency treatment,54
image segmentation,54
blood sugar monitoring,54
capital improvement,54
production leadership,54
counselors,54
lifting and loading,54
chemical inventory management,54
pickup,54
heart and vascular care,54
strategic financial planning,54
protégé,54
ability to lift and/or move up to 50 pounds,54
field documentation,54
restaurant supervisory experience,54
preshift meetings,54
operating principles,54
oracle hcm,54
service level agreement,54
vendor performance,54
xunit,54
hseq,54
work efficiency,54
nuclear radiation safety,54
ability to work in a hybrid environment,54
ymca membership,54
system architecture design,54
conventional,54
compatibility testing,54
cleaning materials,54
handling or managing tools or equipment,54
cpa or mba,54
aba accredited law school,54
circle ci,54
bold thoughts,54
snack pantry,54
loan administration,54
laboratory animal medicine,54
ship design,54
live music,54
cbc,54
dental extractions,54
psp,54
nosql implementation,54
electrical products,54
cardiogenic shock,54
sap wm,54
2d drawing,54
hair styling techniques,54
blood glucose testing,54
mds coordinator,54
quality data,54
food safety and cleanliness,54
associate of science degree,54
comprehensive healthcare benefits,54
proficiency in computerbased data management programs,54
monthly healthcare stipend for fulltime counselors,54
url filtering,54
chemical hygiene,54
fx,54
canadian psychological association (cpa),54
rotary endodontics,54
compliance items,54
front counter management,54
associate's degree nursing,54
discussions,54
pimsy,54
customerfocused attitude,54
achc standards,54
substance abuse assessment,54
apartment management,54
ip law,54
ability to lift and carry up to 20 pounds,54
community health center,54
animal studies,54
lifestyle benefit reimbursement,54
product analytics,54
windows systems,54
windows system administration,54
psychotropic medication,54
scripting language,54
abdo,54
construction cost estimating,54
gpc,54
commercial superintendent,54
idaho,54
exposure to potential electrical shock,54
clinical leader,54
elisas,54
military experience (preferred),54
risk management plans,54
ansys workbench,54
matrix comprehensive health assessment,54
strong oral communication skills,54
serving customers,54
nevada license,54
critical time intervention,54
educational courses,54
meeting support,54
msp experience,54
code response,54
loader operation,54
hotel policies and procedures,54
osha safety training,54
assembly line,54
public records,54
milstd,54
milq9858a,54
meetings attendance,54
human physiology,54
conference planning,54
trend research,54
slc,54
hospital guidelines,54
wellness subsidy,54
quality standards maintenance,54
texas licensure,54
fbt,54
pipeline operations,54
multifamily community maintenance,54
commercial terms,54
customer service passion,54
medication treatment plans,54
policymaking,54
business requirements collection,54
medical staff credentialing,54
enterprise networking,54
variance,54
quality control plan,54
executing,54
physician office experience,54
energy production,54
quantitative and qualitative analysis,54
private billing,54
rfp management,54
volunteer hours,54
primary healthcare,54
travel medicine,54
puwer,54
bls required,54
behavioral health programming,54
benefit plans,54
documentation tools,54
os,54
arp,54
complaints management,54
cpff,54
spanning tree,54
quality system requirements,54
compliance support,54
employee appearance and presentation,54
hotel policies,54
hotel maintenance,54
atlas medstaff,54
child and family services,54
data correlation,54
class,54
standard processes,54
managed print services,54
refurbishments,54
operations oversight,54
client interviewing,54
audit methodology,54
contactors,54
ability to travel extensively,54
5s program,54
deskside support,54
social media presence,54
system development lifecycle,54
business manager,54
community service opportunities,54
task tracking,54
firm services,54
set own hours,54
risk management frameworks,54
sustainable design principles,54
deal negotiation,54
internal control policies,54
master's degree in nursing (preferred),54
prior nursing experience,54
cmi,54
small engine repair,54
deal execution,54
par levels,54
casual employment,54
procedural assistance,54
lift 50 lbs,54
pas128,54
advanced primary stroke center,54
stewards organizational resources,54
security configuration,54
casp+,54
remoteview,54
california nurse practice act,54
nsw driver's license,54
ability to personalize lessons,54
trenchers,54
longterm goals,54
ability to learn and adapt to new technologies,54
gas compression,54
ability to operate a pos system,54
wine industry,54
environmental conservation,54
industrial mechanics,54
business attire,54
small hospitals,54
work conditions,54
costeffective design,54
airborne pathogens,54
bachelor's degree in accounting or business administration,54
microsoft windows applications,54
ground operations,54
colleague discounts,54
longterm contract,54
manufacturing leadership,54
health dental vision life insurance,54
root cause,54
mining industry experience,54
cardiovascular icu,54
staff rn,54
truck unloading and stocking,54
transactional experience,54
mayo nursing care model,54
creative environment,54
clinical care management,54
marketing coordination,54
dental support organization,54
nurse practitioner or physician assistant license,54
srm,54
supervisor references,54
advanced illness,54
nebraska,54
passion for fastpaced work,54
oncology nursing society (ons) credential,54
nln,54
data bases,54
incentive compensation program,54
fact sheets,54
recruitment consultant,54
regional management,54
tracheotomy,54
governmental benefits,54
records retention,54
ability to write reports,54
mechanical circulatory support,54
hardness testing,54
kneeling/stooping/bending,54
paid maternity and paternity leave,54
data mesh,54
lease compliance,54
fsas,54
teamwork abilities,54
toasters,54
employer relations,54
tax knowledge assessment,54
gd&t (geometric dimensioning and tolerancing),54
holiday leave,54
handle,54
member satisfaction,54
"""can do"" attitude",53
data backups,53
data backup and recovery,53
stripe,53
embedded operating systems,53
gerontological nursing,53
cisco ucs,53
3 years of management experience,53
research plan,53
sensory analysis,53
medical laboratory supplies,53
web content,53
drivers licence,53
creative concepts,53
design intent,53
motion control systems,53
team member discount,53
skid steer,53
pc support,53
manager experience,53
client focused,53
creative ideas,53
twoyear college degree,53
lift the bar,53
ny state rn license,53
construction fundamentals,53
data quality assessment,53
technical orders,53
marketing campaign management,53
state xray license,53
healthy lifestyle promotion,53
pastoral support,53
virtual sleep clinic,53
industrial psychology,53
data.world,53
scalable applications,53
mitigation measures,53
process simulations,53
trade qualifications,53
insights generation,53
degrees,53
organic growth,53
gis systems,53
licensed attorney,53
webbased systems,53
business engagement,53
leadership and motivation skills,53
costsaving initiatives,53
student orientation,53
saline lock insertion,53
3+ years of financial counseling experience,53
host/hostess,53
new hampshire,53
compliance with labor laws and company policies,53
tanning practices,53
business process outsourcing,53
medical personnel,53
preventive health measures,53
xgboost,53
organ donation,53
medical device knowledge,53
sales team collaboration,53
preauthorizations,53
wholesale experience,53
ga license,53
public hearings,53
registered vascular technologist (rvt),53
cisr,53
identifying,53
dma,53
fdot intermediate mot,53
50 lbs lifting capacity,53
pool safety,53
tree maintenance,53
procedural interventions,53
proficiency in microsoft office applications,53
earn extra income,53
bc's declaration on the rights of indigenous peoples act (2019),53
business acquisition,53
fiberoptic handpieces,53
accounting reports,53
cisco routers and switches,53
operative equipment,53
display setup,53
oils,53
financial activities,53
largescale systems,53
job hazard analysis (jha),53
casualty,53
homebased services,53
real estate software,53
messaging services,53
dealer,53
float nursing,53
cpr for healthcare providers,53
hostess,53
american registry of diagnostic medical sonographers,53
conferencing,53
detailed instructions,53
bachelor's degree in construction,53
technical content,53
ademco,53
boiler maintenance,53
commission opportunities,53
challenging environment,53
taxfree stipend amount to be determined,53
relationship builder,53
patient data analysis,53
enterprise accounts,53
iso regulations,53
data conversion & integration testing,53
california drivers license,53
technical manager,53
poultry processing,53
top compensation packages,53
education and development,53
veterinary ophthalmology,53
digital manufacturing,53
medicaid credentialing,53
abstracting,53
clear and effective communication,53
gap assessments,53
sterile conditions,53
construction inspector,53
risk engineering,53
vendor statements,53
highgrowth environment,53
casp+ ce,53
spectre,53
technical presentation,53
ability to read and comprehend instructions,53
psych,53
scada programming,53
ordering materials,53
clinical innovations,53
research planning,53
code refactoring,53
promotional events,53
nutrition care process,53
institutional and batch cooking experience,53
catalyst,53
assets and liabilities management,53
high speed internet access,53
housekeeping operations,53
budget variance analysis,53
automotive sales experience,53
afls,53
unemployment hearings,53
thermostats,53
ordering (cao),53
student instruction,53
accounting principles and practices,53
bs7671,53
safety and security systems,53
solutions engineering,53
onssi,53
capillary techniques,53
inprocess testing,53
basic plumbing,53
cleaning stockroom,53
routine reports,53
model optimization,53
budget information,53
data formatting,53
ability to analyze data,53
treatment team collaboration,53
performancebased incentive compensation,53
accredited,53
institute for professionals in taxation,53
ability to walk and stand for long periods,53
child development knowledge,53
floorplans,53
dea (drug enforcement administration),53
adl's,53
maintenance mechanic,53
flight software,53
corporate sales,53
ip cameras,53
rotating and facing merchandise on shelves,53
compliance inspections,53
internal policies and procedures,53
sales associate training,53
managerial training,53
healthy and safe environment,53
mutual funds license,53
$750 referral bonus,53
electrical transmission,53
banking law,53
vital assessment,53
drywall installation,53
data testing,53
supports ownership by tapping into the potential of others,53
psychoanalysis,53
trends analysis,53
data & analytics,53
evidencebased approach,53
new product launch,53
food stamps,53
remedial action,53
retractors,53
asphalt testing,53
governance processes,53
operation and control,53
cctv surveillance system,53
upscale dining,53
software development principles,53
bindery,53
supervisory roles,53
supervisory principles,53
lensometry,53
formulary,53
power system design,53
fbi criminal background check,53
24/7 customer care line,53
corporate actions,53
civil engineer,53
english language learners,53
glp compliance,53
ability to work in a busy environment,53
hitrust,53
med/surg/telemetry unit,53
mechanism design,53
commercial real estate law,53
master's in taxation,53
risk management tools,53
adobe experience manager (aem),53
crowddoing,53
crowd management,53
wet and dry conditions,53
mathematical modelling,53
staff networks,53
diabetes care specialist,53
lead by example,53
electrician license,53
scribing,53
common core state standards,53
information flow,53
tuition scholarship,53
zebra phone,53
prn/per diem,53
handoffs,53
program goals,53
electronic discovery,53
cultural considerations,53
physician autonomy,53
survey monkey,53
informatica powercenter,53
healthcare trends,53
workday reporting,53
cardiac stress testing,53
aws cdk,53
workforce analytics,53
wet and cold environment,53
cnc mills,53
specification compliance,53
developer relations,53
paycor,53
nebulizers,53
iot devices,53
ecological surveys,53
client information,53
quality assurance management,53
construction phase services,53
hospital regulations,53
paragon,53
chemical agents,53
test planning and execution,53
construction codes and standards,53
registered or eligible for registration,53
descending,53
quotacarrying experience,53
masters in tax,53
open to feedback,53
purchase and sale agreements,53
family practice experience,53
developer experience,53
tcpdump,53
dvm or equivalent,53
presenting information,53
carriers,53
quality assurance and quality control,53
visitor reception,53
f5 load balancers,53
cash sales,53
korean language,53
telecommunications experience,53
cmp,53
eda,53
clinical flow processes,53
research compliance,53
junior staff management,53
stakeholder interviews,53
motor vehicle operator license,53
billing experience,53
outbreak management,53
topquadrant,53
operations applications,53
maintenance support,53
endtoend solutions,53
safety coordination,53
coding best practices,53
manual writing,53
racks,53
exposure to bodily fluids,53
microsoft ads,53
warehouse logistics,53
ability to negotiate,53
life and add,53
employment references,53
process flow charts,53
ability to selfmotivate,53
filemaker,53
sumif,53
weekend and evening availability,53
edmond oklahoma,53
gis applications,53
licensed medical doctor,53
school policies and procedures,53
calculated fields,53
key accounts,53
troubleshoot,53
nokia,53
manufacturing setting,53
auxiliary systems,53
systmone,53
ew,53
autonomie,53
subcontractor procurement,53
intellectual/developmental disabilities (i/dd),53
buprenorphine,53
community hospitals,53
legal search firm,53
building automation controls,53
situational adaptability,53
cost data management,53
m&a services,53
removals,53
server experience,53
esthetician license,53
design oversight,53
certified pool operator,53
performance improvement programs,53
nail technician,53
landscaping equipment,53
collaborative nature,53
ptcb national certification,53
environmental rules,53
gasb,53
strong relationshipbuilding skills,53
cloud integration,53
mental health support and resources,53
asset inventory,53
resident care planning,53
military bases,53
credit investigation,53
va benefits,53
branch banking,53
state income tax,53
ability to work with people with disabilities,53
knowledge of cash handling,53
it collaboration,53
royal college of physicians and surgeons of canada,53
outpatient care setting,53
teambased medicine practices,53
behavioral health assessment,53
healthcare and dependent care flexible spending accounts,53
bess,53
office productivity software,53
safe and clean working environment,53
rest web services,53
adina,53
xpath,53
neurips,53
emotional and mental stability,53
assigning tasks,53
store activities,53
video and photographic validation,53
laboratory notebook,53
email usage,53
skilled nursing visits,53
close eye work,53
dod personal security clearance,53
h1b lottery policy,53
assisted living facility,53
irr,53
jury duty pay,53
packing slips,53
communication and documentation,53
ambulatory surgical center experience,53
contract award,53
cardiac electrophysiology,53
plan of care development and implementation,53
doctorate of dental surgery (dds),53
job safety analysis (jsa),53
clinical diagnostics,53
endodontic dentistry,53
clinical decisions,53
first piece inspection,53
aws directory services,53
arrt(r),53
knowledge translation,53
shareholder opportunities,53
commercial operations,53
industrial distribution products,53
time series,53
call responsibilities,53
measuring device,53
equipment sales,53
interpersonal awareness,53
color management,53
care supervision,53
ability to learn and adapt to technology,53
geometric tolerancing,53
immediate care,53
leveraged finance,53
legal developments,53
$90k$104k annual salary,53
narratives,53
proactive leadership,53
development plan,53
frontend management,53
unlimited ceus,53
material forecasting,53
cardiac drips,53
school data management,53
ukg pro,53
excellent organization skills,53
trip reports,53
closedloop control systems,53
nursing assistant certification,53
plant efficiency,53
health and wellbeing services,53
nonconformities,53
work weekends,53
rcvs fees,53
pave certification,53
religious services,53
drawing creation,53
strategic skills,53
tech experience,53
criminal check,53
integrated solutions,53
clean and organized store,53
production documentation,53
langchain,53
w9 arrangement,53
ncr,53
saturday availability,53
lean manufacturing tools,53
nursing expertise,53
vehicle policy,53
rdfs,53
innovation skills,53
actionable recommendations,53
pet handling,53
training plan development,53
opensearch,53
windows dns,53
signal integrity analysis,53
ability to operate a forklift,53
material quantities,53
terminal operations,53
package design,53
it audits,53
it business analyst,53
vmware vcenter,53
travel reimbursement opportunity,53
resins,53
pd,53
peoplefocused,53
testing and evaluation,53
charities,53
inclusive team,53
production rates,53
nursing strategies,53
negative pressure therapy,53
pytorchgeometric,53
bc certification,53
oxygen saturation,53
elb,53
ability to sit for long periods,53
technology architecture,53
orientation of new personnel,53
comprehensive orientation,53
rpeq,53
google bigquery,53
restaurant equipment operation,53
finops,53
evening,53
evd,53
ability to stand for 810 hours,53
elasticache,53
material storage,53
reaching with hands,53
stocking skills,53
senior tax accountant,53
model based engineering,53
ramp and sida training,53
est,53
collaborative environments,53
supervision for bbs associate license,53
security strategies,53
menu pricing,53
curl,53
ability to wear ppe,53
equipment vendors,53
thirdparty payers,53
additions,53
skills matrix,53
coursera,53
mep building systems,53
career growth and development,53
cqm,53
certified radiologic technologist,53
consents,53
probate administration,53
absence,53
remediation projects,53
evidencedbased practice,53
ability to understand and follow instructions,53
specialized fitness credentials,53
mobile design,53
burn,53
teamoriented mindset,53
certification exam,53
comprehensive training program,53
group treatment,53
healthcare revenue cycle,53
organizational charts,53
current active and unrestricted rn license,53
woodwork,53
salesforce certifications,53
great schools,53
career path planning,53
adventure,53
targeted incentives,53
investment options,53
recalls,53
developmentally appropriate practices (dap),53
teaching or training experience,53
organizational commitment,53
red seal certificate,53
modified primary nursing,53
doctor of veterinary medicine (dvm) degree,53
supply chain intelligence,53
entertainment management,53
irs audit support,53
unmanned systems,53
mylearningcenter courses,53
emergency operations,53
smart device,53
reaching and stretching,53
generalist experience,53
work during normal operating hours,53
community association management,53
physical demands and working conditions,53
degree in relevant subject,53
visual identity,53
vha,53
design improvements,53
design guides,53
automated processes,53
brand final inspector certification,53
degree of doctor of medicine or equivalent,53
apa accreditation,53
food waste reduction,53
minnesota nursing license,53
software user interfaces,52
washington state medical license,52
paid training programs,52
discharge coordination,52
ability to work flexibly,52
poolparty,52
pools,52
requests,52
dementia training,52
guest experiences,52
principal designer,52
prince 2,52
validation reports,52
traffic safety,52
healthy worklife balance,52
food production management,52
utility experience,52
utility industry experience,52
leukemia,52
multidisciplinary coordination,52
corporate income tax,52
extended standing,52
good peripheral vision capabilities,52
vmware esx,52
aflac insurance,52
artifacts,52
employee relations reporting protocol,52
urban development,52
problemsolving mindset,52
meatcraft,52
web technology,52
lowcost life insurance,52
cash office audits,52
market expertise,52
issue reporting,52
modifying,52
employerpaid life/ad&d insurance,52
construction submittals,52
car wash operations,52
acls (advanced cardiovascular life support),52
employee growth,52
comp sci,52
google cloud directory,52
production quality deployment,52
hospitality degree,52
palletizers,52
effort estimation,52
cm,52
current,52
2+ years relevant experience,52
story writing,52
great work culture,52
nes,52
ability to reach in all directions,52
traveling nurse,52
therapeutic regimens,52
print marketing,52
graduate medical education program,52
ibm doors,52
data synchronization,52
college/university degree,52
trade certificate,52
bachelor's/master's degree,52
analytical judgment,52
streamlining,52
12 hour shift,52
psychological health & safety programs,52
primary care providers,52
issuing,52
flexible group insurance,52
general veterinary care,52
day surgery,52
h1 visa transfer assistance,52
group workshops,52
share incentive scheme,52
construction systems,52
georgia medical license,52
plant environment,52
takeoff,52
compact state license,52
financial data analytics,52
career services,52
rightofway,52
college scholarships,52
qualified teacher status,52
medical compliance,52
menvier,52
property upkeep,52
401(k) with a company match,52
fiscal,52
charting and documentation,52
teaching portfolio,52
security reporting,52
display management,52
receiving and stocking,52
receiving and shipping,52
lean culture,52
ecfvg certification,52
dac,52
office technologies,52
operating theatres,52
peeling,52
trainability,52
scenario development,52
parts replacement,52
styles,52
patient monitoring equipment,52
microbiological analysis,52
ris data management,52
call routing,52
treatment provision,52
injury rehabilitation,52
paediatric/children/school nursing experience,52
pager,52
hr leadership,52
cover letter writing,52
management practices,52
national federation of professional trainers (nfpt),52
ml systems,52
isa certification,52
cytotechnologist,52
dot regulated,52
cme allowance/time,52
hud regulations,52
medicare provider numbers,52
epic clarity,52
motorsport,52
game management,52
swing shift,52
scientific programming,52
classroom technology,52
jira/confluence,52
chiropractor,52
material pricing,52
kaiser permanente,52
safe food handling practices,52
nutritional services,52
network concepts,52
abllsr,52
clean front end,52
enhanced dbs certificate,52
airframe & powerplant license,52
rotating machinery,52
ability to promote and sell,52
excellent judgment,52
aims,52
safe and supportive environment,52
restaurant general management,52
vehicle preparation,52
connection devices,52
hourly compensation,52
sales lead generation,52
pediatric population,52
hope,52
excellent listening skills,52
annual pay reviews,52
regulation cc,52
medical student,52
3d laser scanning,52
sales due diligence,52
coaching/mentorship culture,52
operational forecasting,52
industryleading training,52
professional presentations,52
two professional references,52
rna extraction,52
strong programming skills,52
development program,52
frozen sections,52
new york state nursing license,52
associate tax prep benefit,52
microsoft office suite products,52
sdk,52
billing inquiries,52
anzograph,52
profit and loss accountability,52
lifting merchandise,52
mars,52
training program management,52
graduate of accredited nursing school,52
cooking from scratch,52
nremt,52
climate controlled work environment,52
law firm jobs,52
syndicated data,52
arrow,52
process auditing,52
contract employment type,52
engine components,52
proven work experience,52
job safety plan (jsp),52
furnishings,52
professional presence,52
material development,52
ability to maintain good olfactory sensory function,52
office policies and procedures,52
learning orientation,52
technical feasibility,52
foodservice operations,52
repair manuals,52
cash flow monitoring,52
sake specialist,52
virtual care platform,52
personal care aide,52
personal care assistant,52
prescribe medication,52
positive approach,52
proposal presentation,52
quick decision making,52
cataracts,52
eeo/affirmative action,52
sonet,52
formal presentations,52
armhandfinger dexterity,52
wellness discounts,52
clean room experience,52
immediate vesting,52
scom,52
ambulatory surgical center,52
cost budgeting,52
aircraft design,52
care proceedings,52
itinerary planning,52
event operations,52
bachelor's degree in communications,52
petrochemical industry,52
family relations,52
project inspection,52
group benefits,52
collaborative physician,52
privacy compliance,52
john deere,52
crane,52
hospitalemployed position,52
indirect taxes,52
stock room management,52
serviceability,52
radiology imaging,52
peoplecentricity,52
wound healing,52
wound debridement,52
ultrasonic,52
bachelor's degree in life sciences,52
communication methods,52
acute care surgery,52
caahep accredited program,52
petco's positive dog training program,52
social casework,52
prescribed medications,52
inheritance tax planning,52
current nursing practice,52
warehousing operations,52
reactors,52
feedback and coaching,52
eating,52
manpower coordination,52
client advising,52
far/cas,52
ophthalmic technician,52
cooperative attitude,52
ebilling,52
geometric dimensioning,52
dcaa,52
machine translation,52
technical environment,52
poc testing,52
business office,52
file servers,52
power shell,52
classroom group sessions,52
product application,52
new technology implementation,52
therapist network,52
mandatory training certificates,52
specialty area certification,52
sqr,52
intermediate care unit,52
census management,52
remuneration package,52
driver safety,52
strategic accounts,52
resultsdriven attitude,52
hydraulic modelling,52
technical journals,52
procedures assistance,52
arrt (ct) or asrt certified,52
cultural opportunities,52
customer records,52
outlook email,52
database user interface knowledge,52
filemaker pro,52
his/ris,52
program effectiveness,52
social work licensure,52
climate,52
procurement policies,52
mississippi residents only,52
ihc,52
offshore teams,52
fueling,52
lpn/rn,52
ability to plan and organize,52
gui,52
nurse practice council,52
critical thinking and problemsolving,52
child supervision,52
electrical panel systems,52
realtors,52
front office experience,52
commercial real estate experience,52
customer returns,52
customer relationship management (crm) tools,52
vulnerability remediation,52
ability to delegate tasks,52
dep,52
biometric screening,52
ability to work in a clean and safe environment,52
variety merchandise,52
drp,52
clear thinking,52
ability to pass a drug screen and background check,52
updated resume,52
health & dental insurance,52
3+ years related experience,52
cfa  level 1,52
wireless systems,52
agtek,52
nontechnical communication,52
education/license verification,52
pricing estimates,52
ability to work in warm and cold temperatures,52
onesource,52
lifting and moving up to 25 pounds,52
gmp requirements,52
u.s.person status,52
budget and schedule management,52
planogramming,52
dfx,52
psychology degree,52
aseptic and sterile techniques,52
ability to speak read and write english,52
systems lifecycle management,52
status,52
u.s. citizenship or work authorization,52
good manufacturing practices (cgmp),52
active unrestricted license,52
fair housing act,52
iso 13485:2016,52
market requirements,52
comprehensive medical coverage,52
prototyping tools,52
aircraft avionics,52
debits,52
tidal,52
data plan,52
common access card (cac),52
dental cover,52
three references,52
gantt chart,52
wellness stipend,52
general ledger (gl),52
b2w software,52
medical information system,52
medical indemnity,52
i/o,52
cardiac ultrasound,52
awardwinning agency,52
trust law,52
verbal written and interpersonal communication skills,52
personal goals,52
positive dog training,52
cybersecurity solutions,52
universal epa 608 certification,52
consumer,52
sbar communication,52
saas experience,52
hands,52
internal standards,52
client reviews,52
u.s. news and world report,52
homeless,52
gap identification,52
rustic living environment,52
healthcare organizations,52
domestic partner benefits,52
general construction knowledge,52
policy summaries,52
atssa and dot regulations,52
conclusions,52
automation software,52
employee surveys,52
interdisciplinary environment,52
linux systems administration,52
mutual trust,52
design engineer,52
windows fleet management,52
title work,52
educating,52
ability to work with vendors,52
team recognition,52
admission assessment,52
training workshops,52
policies and standards,52
dermal fillers,52
spin,52
sensory testing,52
fair housing training,52
availability to work a minimum of 20 hours a week during peak tax season,52
exercise testing,52
system backups,52
cleaning methods,52
environmental impact reports,52
ability to communicate clearly and concisely,52
neurodegenerative diseases,52
hydro blasting,52
noise level tolerance,52
full stack software engineering,52
diabetic care,52
8 13 26 week assignment,52
recovery room,52
veeva crm,52
system capabilities,52
quality risk management,52
shortterm care,52
postsecondary diploma,52
candor,52
cell sorting,52
necropsy,52
productivity software,52
registered practical nurse (rpn),52
adultgerontology acute care nurse practitioner certification (agacnp),52
netce,52
software coding,52
subspecialty,52
tupe,52
master's in accounting,52
learning and adaptation,52
rapid learning,52
less than 1 year of experience,52
asme nqa1,52
use of technology,52
strategic thinking skills,52
computer entry,52
insurance forms,52
account acquisition,52
sca,52
ida pro,52
process models,52
elite,52
new mexico,52
3d graphics,52
continuous performance improvement,52
call availability,52
bilingual spanish (optional),52
analytics platforms,52
meeting room management,52
fitness consultations,52
design methods,52
creation,52
floorsets,52
working under supervision,52
fast track promotions,52
canadian forces leadership and recruit school,52
security applications,52
veradigm inc  veradigm followmyhealth,52
ability to work onsite,52
flooring cutters,52
agile development process,52
competitive research,52
institutional policies,52
search results,52
medical transportation,52
ability to travel and/or relocate,52
detailedoriented,52
belting,52
home and auto insurance,52
freddie mac,52
vital signs assessment,52
marketing automation tools,52
mitigation techniques,52
psy.d.,52
rvs,52
organizational and prioritization skills,52
conference room pilot,52
bmt,52
heavy equipment mechanic,52
electronics packaging,52
setting up displays,52
ability to handle various substances,52
dozers,52
landscape development,52
combustion,52
top market compensation rates,52
deposit preparation,52
drg assignment,52
clinical ladder advancement,52
transplants,52
collection development,52
ability to supervise,52
california state bar admission,52
needles,52
radiologic imaging,52
exceeding guest expectations,52
fast moving consumer goods,52
technological solutions,52
ohio/compact license,52
tour guiding,52
osha 10 hour,52
basic life saving (bls),52
gross profit management,52
compliance specialist,52
10key by touch,52
program planning and implementation,52
specialty retail,52
donation management,52
licensing compliance,52
commission scheme,52
schedule updates,52
temperature exposure,52
able to travel,52
officer training,52
nasogastric tube insertion,52
managed it services,52
regeneration,52
management role,52
excellent verbal and written skills,52
sales account management,52
haccp principles,52
infosec,52
quality control inspector,52
reagent manufacturing,52
cloud transformation,52
hot,52
public consultation,52
solution identification,52
inspection and test plans,52
jrcert accreditation,52
site layouts,52
ability to handle multiple assignments,52
nursing leadership experience,52
nursing judgement,52
messaging systems,52
hsa contribution,52
supplying change,52
human resources software,52
proof of eligibility to work in the uk,52
consumer experience,52
reconciling,52
barbering skills,52
shift changes,52
work independently and as part of a team,52
laser alignment,52
repeat business,52
donor database management,52
state and local tax (salt),52
discretion and confidentiality,52
early detection,52
mri technician,52
continuing education (3 hours),52
emergency situations management,52
visual fields,52
recovered merchandise,52
food and drug administration (fda),52
psychiatric diagnoses,52
backend services,52
challenging behavior,52
collect payment from customer and make change,52
equipment delivery,52
mission support,52
shoe pole,52
teller duties,52
produce knowledge,52
highenergy environment,52
cardiovascular program,52
ffiec,52
accessibility codes,52
framework agreements,52
routine inspections,52
advanced techniques,52
store sales,52
employee & family assistance program,52
active licensing,52
one year of management experience,52
ability to work with clients,52
digital publishing,52
restorative patient care,52
business owners,52
custom solutions,52
therapeutic conversations,52
threat management,52
shift operations,52
ability to work in a standing position for long periods of time,52
residential real estate,52
solves complex problems,52
safety supervision,52
evidence of teaching effectiveness,52
gmp/glp,52
technology analysis,52
itil foundation certification,52
backstock organization,52
openness to learning,52
communicative techniques,52
cams certification,52
basic networking,52
personal strengths,52
macc,52
drainages,52
senior technician,52
peer support specialist,52
warehousing or thirdparty logistics (3pl) experience,52
developmental pediatrics,52
court of master sommeliers,52
electromechanical assemblies,52
software navigation,52
steel construction,52
npdes permitting,52
pediatric therapy,52
embedded systems development,52
dissolution apparatus,52
rapportbuilding,52
ability to keep accurate records,52
warmth for guests,51
factory environment,51
cpr and aed,51
it recruitment,51
school system,51
state and federal guidelines,51
telehealth platforms,51
manufacturing operations management,51
platform management,51
pressures,51
educational conferences,51
nissan mechanic,51
networking systems,51
data entry software,51
facilitating a secure working environment,51
adolescent nursing,51
virtual networks,51
ability to work in the us,51
controls design,51
communitybased organizations,51
moving merchandise,51
workplace pension,51
onsite presence,51
tax return review,51
inspection criteria,51
limitedpurpose fsa,51
membership in professional organizations,51
accountable care organization (aco),51
addiction treatment training,51
summit,51
gdb,51
online lessons,51
virtual interview,51
data hygiene,51
punctual attendance,51
legal documents drafting,51
manufacturing safety,51
cleaning front end,51
call lights,51
biosafety cabinet,51
transportation industry knowledge,51
conference room management,51
cloud security posture management,51
executives,51
outpatients,51
configuration audits,51
detail trade studies,51
perinatal,51
executive relationships,51
order taking and entry,51
shortterm and longterm disability income,51
education/training,51
bristol,51
outcome monitoring,51
oncology nursing experience,51
windows server 2016,51
power purchase agreements,51
it certifications,51
ssp,51
delegation of patient care,51
asynchronous learning,51
les mills,51
supervisory/managerial probationary period,51
dash,51
forensic mental health,51
bench testing,51
change control processes,51
internal customer service,51
approved nursing program,51
supervisory role experience,51
technology/informatics,51
compliance checks,51
fl license,51
bloodborne pathogens exposure,51
domiciliary care,51
exercise equipment,51
internal medicine physician,51
user access,51
nmc registered nurse,51
department procedures,51
peer mentorship,51
fine finger dexterity,51
advertising campaigns,51
bachelor's or master's degree in computer science,51
operators,51
national exercise and sports trainers association (nesta),51
it administration,51
bachelor's degree (bsn),51
changing light bulbs,51
mechanical tools,51
final assembly,51
electronic document management systems,51
adn or diploma in nursing,51
payment management,51
employee assistance programs (eap),51
internal relationships,51
marine construction,51
ambiance control,51
purchase requisition,51
hourly rates,51
telephone assessments,51
food service certification,51
total compensation package,51
directing associates,51
state parks,51
standards and specifications,51
intermediate experience,51
store compliance,51
developer tools,51
23 years experience,51
workflow efficiency,51
cultural anthropology,51
molecular assays,51
simulation education,51
police information check,51
continuous improvement process,51
physiciandriven,51
clear documentation,51
english and spanish fluency,51
pediatric oncology,51
solutionsoriented,51
solutions selling,51
acrylic,51
financial controller,51
usaid,51
portfolio strategy,51
moving machinery,51
biopharmaceutical manufacturing,51
budget reconciliation,51
valid and unrestricted md license,51
crisis,51
project funding,51
fine motor activities,51
indigenous communities,51
aft fathom,51
topographic mapping,51
purchasing systems,51
integrated healthcare,51
hvac engineering,51
tax preparation experience,51
complimentary meals,51
electronic record keeping,51
hiring and termination,51
sedentary work environment,51
cloud modernization,51
asta,51
cultural patterns,51
compliance adherence,51
time off requests,51
skin tests,51
build automation,51
international logistics,51
cultural understanding,51
cloud management,51
hiring schools,51
oncology certified nurse,51
supplier interaction,51
data masking,51
cameo systems modeler,51
weekly limited company & umbrella payroll,51
direct payroll deposit,51
rrsp program,51
agency coordination,51
api automation,51
driver development,51
hospitalist integration,51
product audits,51
telephonic,51
barrister,51
marketing analysis,51
top workplace,51
p&id development,51
phonics,51
louisiana nursing license,51
work area organization,51
servers (blade rackmount),51
conducting interviews,51
story development,51
caregiving skills,51
401(k) with roth option,51
international fitness professionals association (ifpa),51
oasis experience,51
normalization,51
analgesia,51
menu planning and development,51
knowledge acquisition,51
bachelor of science (bs) degree,51
time records,51
carf accreditation,51
experience as a professional psychologist,51
culture champion,51
continuing education units (ceu),51
maintenance repairs,51
annual evaluations,51
sensing,51
mission management,51
client service excellence,51
ability to work varying schedules,51
bsn degree (preferred),51
deep learning models,51
csuite executives,51
image manipulation,51
ordering and inventory management,51
nursing platform,51
pediatric home care,51
underwriting experience,51
telephony systems,51
individual support,51
goaloriented attitude,51
organizational strategy,51
sensitive compartmented information (sci),51
integrated product team (ipt),51
wocn certification,51
patient assessment skills,51
patient balance processing,51
endoscopy center,51
developmental disorders,51
retail banking experience,51
account strategies,51
interest in technology,51
news editing,51
flexible packaging,51
american meteorological society certification,51
nest,51
legal right to work in the us,51
toyota mechanic,51
national board of surgical technology and surgical assisting (nbstsa) certification,51
precautions,51
license maintenance,51
health recovery solutions,51
audiovisual equipment operation,51
freight brokerage,51
endoflife issues,51
automation design,51
equipment storage,51
dodge mechanic,51
varying schedules,51
plc knowledge,51
flexible availability including nights and weekends,51
reimbursement for licensing and certification,51
career mobility,51
security software,51
fastlane,51
cable testing,51
claims submission,51
diverse cultures,51
food microbiology,51
sales documentation,51
vaccination policies,51
interdisciplinary treatment team process,51
establishing relationships,51
conservation biology,51
teaching qualifications,51
reporting metrics,51
charter schools,51
stoop/kneel,51
computer and software applications,51
allsource analysis,51
travel jobs,51
thermometer,51
foot and ankle surgery,51
u.s. permanent residency,51
ability to create weekly schedules,51
engaged,51
statements of work (sow),51
american board certification,51
cash procedures,51
delivery operations,51
http/s,51
paralegals,51
prescription management,51
certified radiologic technologist (crt),51
design services,51
computer and internet,51
insurance compliance,51
zero harm,51
government charge card,51
space operations,51
network management tools,51
administrative meetings,51
psychological examination,51
union contract,51
vocational assessment,51
overtime flexibility,51
service training,51
closing documents,51
chcs,51
test tools,51
consistent attendance,51
meat merchandising,51
patientcentered quality care,51
structured training,51
design projects,51
employee lifecycle,51
adult social care,51
great jobs,51
inclusive workforce,51
warranty explanation,51
gura,51
guideline development,51
claim handling,51
weekly compensation,51
medical supply inventory,51
aib,51
travel nurse staffing,51
cutting edge technology,51
industrial communication protocols,51
respiratory management,51
3+ years' experience,51
health and sanitation standards,51
irregular schedules,51
asics,51
operating room management,51
collaborative management,51
approaches,51
equipment replacement,51
probing,51
merchandise movement,51
clinical equipment,51
civil litigation experience,51
computerized information systems,51
pennsylvania nursing license,51
drug and background screening,51
master control,51
anatomy & physiology,51
panel schedules,51
encase,51
professional designations,51
team cohesion,51
brand enthusiasm,51
ability to pass drug screening,51
care plan creation,51
counter sales,51
personal computing,51
resume (optional),51
customeroriented approach,51
inbound leads,51
legal operations,51
tooling development,51
water mains,51
cannabis industry experience,51
diversity initiatives,51
basis of design,51
strong organizational and project management skills,51
account rounding,51
ability to teach,51
active pharmacy license,51
employee performance appraisals,51
microsoft office packages,51
technical diagrams,51
vocational/technical training,51
new menu items,51
bna,51
technical designs,51
corporate counsel,51
seating arrangements,51
surfing,51
psychiatric mental health nurse practitioner,51
research leadership,51
system test,51
planogram and merchandise presentation guide reading,51
bls from the american heart association,51
ear protection,51
death,51
infraworks,51
team contribution,51
vendor onboarding,51
bva,51
lcsw (licensed clinical social worker),51
dental knowledge,51
ato,51
sales pipelines,51
business analysts,51
osha hazwoper certification,51
fresh food cookery,51
technical curiosity,51
learning attitude,51
build tools,51
security governance,51
graphic design software,51
varied irregular schedules,51
medicinal foods,51
analysis software,51
project delivery methods,51
crew leader,51
evaluation techniques,51
cisco systems,51
dmd/dds,51
postnatal care,51
opportunities for growth and advancement,51
financial research,51
physician and nursing orders,51
income protection insurance,51
retail store manager,51
quality control policies,51
aco,51
special reports,51
documentation software,51
safety best practices,51
highperformance computing (hpc),51
autoclave operation,51
travel therapy staffing,51
mri experience,51
mri certification,51
consumer finance,51
process qualification,51
statistical forecasting,51
database management systems knowledge,51
audio recording,51
master's degree or higher,51
environmental health and safety compliance,51
white paper writing,51
fire alarm design,51
basic electronics,51
iv medication,51
restroom and stockroom cleaning,51
deal strategy,51
babyscripts,51
lubrications,51
proficient communicative auditory and visual skills,51
planning systems,51
construction detailing,51
other benefits,51
mortgage financing,51
genesys,51
multisystem organ failure,51
concrete placement,51
intravenous insertion,51
c# programming,51
behavioral modification,51
construction disciplines,51
mcc,51
mesos,51
adverse environmental conditions,51
ceph,51
ability to squat,51
strong critical thinking skills,51
mitraclip,51
automated tools,51
battery energy storage systems,51
food & beverage experience,51
organic search marketing,51
first aid/cpr/aed,51
group legal,51
scientific thinking,51
chevrolet mechanic,51
intrapartum care,51
ama approved school of radiologic technology,51
soarian,51
capillary collections,51
capillary blood glucose monitoring,51
facility tours,51
iv sedation,51
forklift repair,51
previous teaching experience,51
intruder alarms,51
application programming,51
systematic approach,51
advisory boards,51
lift stations,51
security breaches,51
restraint training,51
admission screening,51
sterilization methods,51
willing to learn,51
exposure to toxic/caustic/chemicals/detergents,51
multicultural competence,51
registered cardiovascular invasive specialist,51
rollers,51
industry contacts,51
employment relations,51
leadership and interpersonal skills,51
gent,51
emergency room rn,51
electronics repair,51
certified financial planner,51
behavioral health technician,51
truck service,51
professional learning communities,51
veterinary equipment,51
frm,51
business process flows,51
research databases,51
network dlp,51
planning and prioritizing,51
ability to pass drug screen,51
ability to work with diverse customers,51
gaap principles,51
clinical staff supervision,51
high voltage collection/distribution systems,51
secondary school,51
crosscultural understanding,51
hep b,51
nationality requirements,51
environmental maintenance,51
12hour shifts days,51
surgical intensive care unit,51
professional music teachers,51
warehouse automation,51
strategic support,51
excellent analytical and problemsolving skills,51
consultative support,51
compassionate service,51
bioburden testing,51
trauma support,51
retail trends,51
task scheduling,51
upselling skills,51
information security management,51
student performance,51
deadline compliance,51
birthday day off,51
optometrist,51
icmp,51
provisional license,51
veterans administration,51
doccafe job board,51
behavioral counseling,51
corrective action reports,51
nationally recognized personal training certification,51
bachelor's degree in biology,51
advancement opportunity,51
scientific rigor,51
analytical tests,51
commerce accelerating technologies,51
intercom systems,51
bachelor's in accounting finance or related field,51
people person,51
contract evaluation,51
ford mechanic,51
physical inventory processes,51
superior communication skills,51
gmp guidelines,51
trade experience,51
automated test equipment,51
frontend engineering,51
2+ years' experience,51
demonstrated professionalism,51
electrical regulations,51
security and loss prevention,51
acls/pals certification,51
security automation,51
financial issues,51
occupational medicine experience,51
catv,51
share save scheme,51
network capacity planning,51
employment assistance,51
aaha accredited,51
project communications,51
pmdb,51
microprocessor,51
toddler care,51
mortgage advising,51
engineering supervision,51
electrical fixtures,51
analysis of data,51
comprehensive health insurance with prescription coverage,51
concise communication,51
operating budget,51
dialectical behavioral therapy (dbt),51
test case execution,51
ability to navigate around the store,51
upt,51
hyundai mechanic,51
nvq level 4,51
therapeutic equipment,51
florida rn licensure,51
agile development environment,51
lean implementation,51
software product development,51
excellent clinical skills,51
401k with matching contributions,51
active directory (ad),51
rm bridge,51
breast mri,51
safe operating procedures,51
patient medical needs,51
traveling healthcare professionals,51
credit card management,51
micromedex utilization,51
ability to resolve issues ethically and with minimal conflict,51
community mental health resources,51
business change management,51
rebar,51
shaders,51
fire safety systems,51
elevator maintenance,51
iterative,51
implementing planograms,51
crosstraining opportunities,51
project submittals,51
homelessness prevention,51
willingness to learn and have fun,51
customer data management,51
cath lab technician,51
excellent compensation,51
shaping,51
microbiologist,51
special agent,51
chp,51
construction safety management,51
high pressure situations,51
fair housing compliance,51
automotive electronics,51
territory sales manager,51
requirements management tools,51
i&ds,51
5+ years relevant experience,51
import/export regulations,51
honda mechanic,51
catering services,51
sales and profit management,51
epic (electronic medical record),51
parts procurement,51
steelwork,51
notary commission,51
notary certification,51
ftc,51
proven sales experience,51
rent reviews,51
construction project management software,51
risk modeling,51
test administration,51
influenza (flu) vaccination,51
customer empathy,51
network access,51
nursing duties,51
infertility assistance,51
general care,51
lithotripsy,51
webmaster,51
clinical progress notes,51
military veterans,51
family advocacy,51
ageappropriate activities,51
practical training,51
certification programs,51
certification of competence (ccc),51
spring cloud,51
suricata,51
leading practices,51
epic electronic medical record system,51
construction project coordination,51
employee wellbeing program,51
regulatory agency standards,51
strong technical background,51
building utility control systems,51
onsite position,51
confidential,51
ctp,51
case presentation,51
confidential records,51
educational goals,51
shovels,51
passion for cooking,51
bachelor's or master's in accounting,51
practice management support,51
amft,51
sales lead,51
scholarly writing,51
annual incentive plan,51
atlas,51
medical residents,51
data apis,51
clientcentered services,50
alldata,50
bucket truck operation,50
human resource information systems (hris),50
member assessment,50
ground investigation,50
line cook experience,50
oculoplastics,50
molecular microbiology,50
nist 80037,50
good time management skills,50
shortterm therapy,50
umbrella,50
openings,50
production environment experience,50
shredding,50
group sales,50
workplace harassment,50
epicor erp,50
anesthesia maintenance,50
bachelor's degree in social work or related field,50
biohazardous materials,50
backhoes,50
backhoe operation,50
l.e.a.p. curriculum,50
land development design,50
provide and coordinate patient care,50
unusual activities,50
secure web portal,50
ability to build rapport with clients,50
nuclear medicine technology certification board,50
physician assistant licensure,50
breast diagnostic center,50
breast care,50
post orders,50
antepartum care,50
procedure review,50
equal employment opportunity (eeo) employer,50
graduate program,50
tariffs,50
negative pressure wound therapy,50
medicare eligibility,50
chpn certification,50
ml models,50
software patents,50
regulatory activities,50
requisition,50
pccn certification,50
infoblox dns,50
algorithm,50
procedure creation,50
construction math,50
high school equivalency,50
step functions,50
adobe lightroom,50
oracle cernerpowerchart,50
pcr testing,50
graduate from specialty training programnursing,50
professional sports teams,50
plan and specification review,50
fluid power systems,50
outside counsel management,50
ability to perform repetitive motions with hands/wrists/elbows and shoulders,50
eprescribing,50
graduate courses,50
general arrangement drawings,50
instrument preparation,50
material processing,50
kansas city,50
dieticians,50
blue dot program,50
clinical pharmacists,50
carbon management,50
microcontroller,50
strategic purchasing,50
export controls,50
aimbridge hospitality standards,50
online queue system,50
sales strategy execution,50
firefox,50
comprehensive health care,50
patient record management,50
mathematical knowledge,50
ability to work in restrictive spaces,50
natural gas compression,50
lifesaving measures,50
speech writing,50
thrombolytic therapy,50
ms office (outlook excel word),50
clinical science,50
aquatic therapy,50
airconditioning,50
building and construction,50
associates degree or equivalent,50
cardiology fellowship,50
algorithm selection,50
stakeholder,50
industry software,50
fmcsa regulations,50
network communication,50
axure,50
sitespecific training,50
aahaaccredited,50
new york state driver's license,50
employment checks,50
frontend equipment operation,50
apartment industry,50
technological advances,50
stepdown nursing,50
personalized gifts,50
assembly inspection,50
comprehensive health dental and vision insurance,50
tuition and continuing education reimbursement,50
upsell techniques,50
trash,50
excellent salary,50
cataloguing,50
information reporting,50
competitive salary package,50
inventory cycle counts,50
customer analysis,50
demonstrated leadership skills,50
tech services,50
postdoctoral research,50
industry trends monitoring,50
vulnerability scans,50
communications protocols,50
brocade,50
academic planning,50
medication carts,50
selling merchandise,50
creative vision,50
ability to stand walk stoop kneel crouch and climb,50
technologically savvy,50
registered behavior therapists,50
costcutting,50
special operations,50
basic computer usage,50
student progress reports,50
ms exchange,50
compressor,50
life cycle costing,50
clinical oncology,50
machine programming,50
home visiting,50
multithreaded applications,50
interactive learning,50
homebased environments,50
sales achievement,50
cost variance analysis,50
special populations,50
customer analytics,50
ventricular assist devices,50
information security policy,50
locating merchandise for customers,50
fire code,50
databased decision making,50
exposure to bloodborne pathogens,50
patient independence,50
datadriven strategies,50
sales background,50
national standards of practice,50
advanced mathematics,50
stakeholder identification,50
regular expressions,50
spatial planning,50
american college of radiology guidelines,50
correctional experience,50
hospice concept,50
financial products knowledge,50
ph testing,50
cip designation,50
communication style,50
employment law knowledge,50
drug product,50
drug prescription,50
digital industry,50
database tuning,50
subcutaneous injections,50
life & health license,50
oklahoma license,50
instructional experience,50
demographic analysis,50
sprints,50
procedural changes,50
hazard management,50
ose standards,50
sterile solutions,50
high volume retail,50
sterile processing technician,50
lump sum,50
research dissemination,50
consumables management,50
hematologyoncology,50
kpis (key performance indicators),50
application requirements,50
student progress evaluation,50
information sciences,50
base compensation,50
ukbased,50
product storage,50
passing scores for parts i ii iii and iv from ncbe,50
tissue handling,50
spark sql,50
lien releases,50
sales practices,50
adverse conditions,50
apo,50
modflow,50
pubmed,50
intravenous medications,50
kpi targets,50
leadership and communication,50
cardiovascular invasive specialist,50
compiler design,50
organic synthesis,50
educational loan assistance,50
13 years related experience,50
foundation engineering,50
product installation,50
java scripting,50
product knowledge training,50
front desk supervisor,50
tender submissions,50
custom framing experience,50
bid specifications,50
creative campaigns,50
creative collaboration,50
group life,50
dance training,50
lubricants,50
sap fieldglass,50
accenture,50
chfc,50
cisco call manager,50
battery installation,50
laboratory values,50
retirement plan (401k),50
drug enforcement administration,50
peak tax season availability,50
problembased approach,50
intrapartum,50
medication side effects,50
selfregulation,50
wellbeing days,50
wcag,50
work authorization in the us,50
arp4754,50
peak tax season,50
industrial/organizational psychology,50
extended health benefits,50
cisco certification,50
control equipment,50
scientist,50
training budget,50
responsible gaming,50
alcohol service certification,50
senior associate,50
aap,50
pc or laptop,50
team incentives,50
highperformance network,50
vpn technologies,50
transportation subsidies,50
sports science,50
mri equipment,50
sales channels,50
process parameters,50
401(k) participation,50
contractor safety,50
restroom maintenance,50
curriculum vita,50
rain,50
parental leave benefits,50
aha bls/cpr certification,50
full software development life cycle,50
abdominal,50
proficient in accounting software,50
sap configuration,50
mcse certification,50
electrocardiograms (ecgs),50
meal assistance,50
delta controls,50
ability to stand up to four hours,50
arcgis enterprise,50
ability to function in a variety of environments,50
qbrs,50
night,50
operational technology,50
en,50
5+ years management experience,50
test ordering,50
lifting 50+ pounds,50
result oriented,50
highrise,50
urodynamics,50
senior care experience,50
customercentric attitude,50
apidriven web applications,50
bilingual  spanish,50
unit specific competencies,50
ems experience,50
rn manager,50
ability to inspire and motivate others,50
tampa,50
bms systems,50
scissor lift,50
fpga programming,50
ability to use computers and other communication systems,50
training and documentation,50
commission calculation,50
smartphone proficiency,50
tanium,50
cognitive processing therapy,50
cognitive impairment,50
computational methods,50
city and guilds,50
ecos,50
administrative practices,50
commission on graduates of foreign nursing schools,50
analyst notebook,50
heavy highway construction,50
research presentations,50
security industry experience,50
attentive,50
staff monitoring,50
concussion,50
salary package,50
ltac,50
infusion therapies,50
paid malpractice insurance (a++),50
ability to lift weight,50
care plan revision,50
spanish (optional),50
ability to travel internationally,50
sales performance monitoring,50
microsoft office professional,50
team concept,50
social media analysis,50
variety,50
preventative maintenance scheduling,50
chemical biology,50
rehabilitation centers,50
employee lifecycle management,50
interpretation of instructions,50
product solutions,50
company store credit,50
data analysis and presentation,50
regional blocks,50
painting (int & ext),50
client relations skills,50
respiratory procedures,50
laboratory standards,50
insurance cards,50
standard of behaviors,50
rna sequencing,50
bilingual (french english),50
search and seizure,50
digital storytelling,50
ability to work independently with minimal supervision,50
computerized inventory systems,50
ability to stand and move for long periods of time,50
board bringup,50
john deere products,50
technical expert,50
coronary care unit,50
automation experience,50
technical due diligence,50
osha hazwoper,50
core values adherence,50
health issues,50
clickhouse,50
contrast injections,50
csi bridge,50
field equipment,50
wire pulling,50
specialist training,50
dysphagia,50
timely decision making,50
enthusiastic attitude,50
psychological and physical management techniques,50
talking or hearing,50
computerized documentation,50
cognitive disorders,50
extracorporeal membrane oxygenation (ecmo),50
remembering,50
ability to learn and follow instructions,50
organizational psychology,50
project planning and management,50
fastpaced mobility,50
health and wellness education,50
shrmcp certification,50
ability to balance multiple priorities,50
traumainformed services,50
r&d projects,50
local and state certifications,50
cutting hair,50
8hour shifts 40 hours per week,50
fault tree analysis (fta),50
professional collaboration,50
home infusion nursing,50
worker’s compensation,50
meat,50
reporting results,50
sql server integration services (ssis),50
457(f) savings plan,50
performance improvements,50
medical coordination,50
ut,50
color vision screening,50
decision support systems,50
us citizenship or work authorization,50
color blind test,50
facility improvement,50
age verification,50
shipment coordination,50
reorganizations,50
prolonged walking,50
timely,50
flexible shift patterns,50
sanitation knowledge,50
establishing and maintaining effective working relationships,50
uspto admission,50
stoves,50
api's,50
dependent health insurance with prescription coverage,50
nail services,50
fastpaced environment management,50
editorial skills,50
content knowledge,50
cutting torch,50
estate,50
salary adjustments,50
cmar,50
position description,50
decubitus care,50
applicable laws and regulations,50
reaching above shoulder level,50
attention,50
pos register,50
electromechanical skills,50
policy and procedure administration,50
labor costing,50
pid control,50
technical instructions interpretation,50
government credit card,50
precision tools,50
11 paid holidays,50
court documents,50
person and family centered care,50
outpatient position,50
service support,50
lowincome families,50
skin and wound care,50
operating machinery,50
productivity reports,50
strengths,50
business requirements documentation,50
additional training,50
psychometric testing,50
coping,50
marketing team,50
technical learning,50
cable tray,50
uneven terrain,50
hipaa certification,50
court rules,50
manholes,50
bill of materials (boms),50
data collection methods,50
direct,50
gitflow,50
commitment to student success,50
clinical caseload,50
endotoxin,50
productivity guidelines,50
phone management,50
independent adjusting license,50
respectful of personal property and privacy,50
deviation investigations,50
image labeling,50
marketing automation platforms,50
insurance eligibility verification,50
shop operations,50
state/local licensing,50
iso audits,50
fashion styling,50
evidencebased nutrition practice,50
12 hours shifts,50
technical presentation skills,50
browsers,50
gl accounting,50
support plans,50
commitment to quality care,50
clinical certifications,50
motor,50
subsurface exploration,50
cacrep accreditation,50
fra,50
abstract reasoning,50
product reliability,50
engineering education,50
bill of material (bom),50
college tuition,50
charitable matching gift program,50
wufi,50
equity awards,50
usa,50
reporting analysis,50
bank statement reconciliation,50
field work experience,50
vmware virtualization,50
sedentary,50
hand eye coordination,50
dot medical exam,50
club ready,50
cpus,50
development standards,50
mentorship skills,50
discounts and perks,50
general practitioner (gp),50
experience as a medsurg nurse,50
southern hospitality,50
image quality assurance,50
advertisements,50
supply distribution,50
endpoint detection and response,50
single page applications,50
medical setting experience,50
scheduling interviews,50
physicianowned group,50
typical office environment,50
market leadership,50
nihss (national institutes of health stroke scale),50
commonsense understanding,50
data operations,50
sales excellence,50
multidisciplinary project teams,50
windows server operating systems,50
patient assessment and monitoring,50
certified strength and conditional specialist (cscs),50
paid holidays and time off,50
attending meetings,50
fike,50
sku management,50
specifications review,50
hvac industry,50
channel marketing,50
trial skills,50
dsm 5,50
performance plans,50
dog walking,50
conjugation,50
development methodologies,50
mechanical interest,50
development agreements,50
electronic data capture,50
vehicle mechanic,50
departmental operations,50
cell lines,50
5+ years field supervision experience,50
complex trauma,50
knowledge of safety regulations,50
privacy needs,50
structural modeling,50
tdr,50
historian,50
structural design software,50
esol,50
legal benefits,50
compacter baler,50
power injectors,50
legal and compliance,50
racial justice,50
occasional exposure to weather conditions,50
pay increases,50
mobile xray,50
inspection readiness,50
ability to lift at least 50 pounds,50
trial attorney,50
10 paid holidays,50
latex safe environment,50
historical data analysis,50
retail grocery experience,50
distribution planning,50
legal consulting,50
indiana nurse practice act,50
architectural patterns,50
jewelry knowledge,50
rpg,50
manufacturing costs,50
dentally software,50
osp,50
istructe,50
fitness discounts,50
repair order,50
adobe cc,50
oracle epm,50
operating models,50
vision and dental plans,50
cloud resources,50
virginia teaching license,50
nonlinear editing,50
senior management interaction,50
liability claims,50
national health service corps (nhsc),50
rpsgt,50
human machine interface (hmi),50
adobe campaign,50
exercise physiologist,50
bachelor's degree in healthrelated field,50
cpg experience,50
output,50
school of professional nursing,50
cfp designation,50
system availability,50
quality standards adherence,50
neonate resuscitate,50
confined space access,50
scoring,50
third party billing and collections,50
niss,50
distribution equipment,50
energy assessments,50
refer a friend program,50
automotive service management,50
business workflow processes,50
limit switches,50
configuration changes,50
detail management,50
vds cover,50
donor eligibility,50
accredited school of medicine,50
free coffee,50
ability to kneel and squat on the ground,50
roboticassisted surgery,50
technical skills development,50
registered health information administrator (rhia),50
palliative,50
next generation sequencing (ngs),50
scholarly publications,50
ability to kneel and squat,50
production machines,50
total joint replacement,50
ability to work in tight spaces,50
assignment management,50
cloudnative applications,50
repetitive hand motion,50
bioprogramming,50
basic patient care,50
rate setting,50
* excel,50
wheelchair,50
tactics techniques and procedures (ttps),50
ability to organize,50
immunostaining,50
ducts,50
advanced english,50
bend at the waist,50
storefront,50
internal auditor,50
azure app services,50
autism spectrum disorders (asd),50
technical transfer,50
product enhancements,50
nlnapproved school of nursing,50
school setting experience,50
school systems,50
case resolution,50
physician practice experience,50
fraud identification,50
bcaba,50
territory sales management,50
tertiary care center,50
epic systems corporationidentity,50
large volumes,50
private duty nurse,50
case report forms (crfs),50
p&l ownership,50
physical demands (lifting bending pushing pulling walking standing),50
registered medical assistant,50
evidence based medicine,50
pole climbing,50
facilitating,50
data feeds,50
data exploitation,50
critical deadlines,50
apa accredited program/school,50
